dispatch_id,product,wagon_type,num_wagons,quantity_tonnes,fill_percentage,destination_id,destination_city,distance_km,planned_dispatch_date,actual_dispatch_date,delay_days,is_delayed,pending_orders_count,inventory_level,dock_utilization,is_month_end,day_of_week,month,demurrage_cost,freight_cost,total_cost
DISP2000,Wire Rod,BCN,42,1988.2,86.07,CMO07,Pune,1750,2023-04-08,2023-04-08,0,0,11,0.415,0.772,0,5,4,0,4175220.0,4175220.0
DISP2001,Semis,BOBYN,58,3192.17,91.73,CMO01,Delhi,1200,2023-10-14,2023-10-19,5,1,32,0.584,0.909,0,5,10,4350000,4596724.8,8946724.8
DISP2002,HR Coil,BOBYN,43,2384.08,92.41,CMO02,Mumbai,1800,2023-09-03,2023-09-04,1,1,36,0.757,0.793,0,6,9,645000,5149612.8,5794612.8
DISP2003,TMT Bar,BCN,52,2402.04,83.99,CMO07,Pune,1750,2023-11-29,2023-11-29,0,0,50,0.447,0.552,1,2,11,0,5044284.0,5044284.0
DISP2004,Wire Rod,BLC,50,3020.33,97.43,CMO01,Delhi,1200,2023-07-09,2023-07-10,1,1,45,0.531,0.694,0,6,7,750000,4349275.2,5099275.2
DISP2005,TMT Bar,BOST,58,2656.41,91.6,CMO05,Hyderabad,1600,2023-06-01,2023-06-01,0,0,24,0.357,0.461,0,3,6,0,5100307.2,5100307.2
DISP2006,CR Coil,BOST,50,1943.0,77.72,CMO04,Kolkata,350,2023-09-08,2023-09-09,1,1,67,0.569,0.813,0,4,9,750000,816060.0,1566060.0
DISP2007,Plate,BOBYN,57,3410.07,99.71,CMO04,Kolkata,350,2023-01-31,2023-02-03,3,1,72,0.227,0.893,1,1,1,2565000,1432229.4,3997229.4
DISP2008,Semis,BLC,44,2599.14,95.28,CMO01,Delhi,1200,2023-04-29,2023-05-01,2,1,13,0.766,0.306,1,5,4,1320000,3742761.6,5062761.6
DISP2009,Plate,BOST,55,2468.91,89.78,CMO06,Ahmedabad,1900,2023-01-09,2023-01-11,2,1,5,0.626,0.588,0,0,1,1650000,5629114.8,7279114.8
DISP2010,Plate,BOXN,56,3065.94,94.39,CMO03,Chennai,2100,2023-12-12,2023-12-13,1,1,60,0.845,0.937,0,1,12,840000,7726168.8,8566168.8
DISP2011,CR Coil,BOBYN,56,2606.44,77.57,CMO02,Mumbai,1800,2023-07-01,2023-07-01,0,0,39,0.836,0.355,0,5,7,0,5629910.4,5629910.4
DISP2012,Wire Rod,BOBYN,47,2227.78,79.0,CMO05,Hyderabad,1600,2023-02-11,2023-02-11,0,0,9,0.275,0.565,0,5,2,0,4277337.6,4277337.6
DISP2013,HR Coil,BOXN,45,1891.74,72.48,CMO06,Ahmedabad,1900,2023-08-11,2023-08-13,2,1,47,0.653,0.901,0,4,8,1350000,4313167.2,5663167.2
DISP2014,HR Coil,BOBYN,58,2932.42,84.26,CMO02,Mumbai,1800,2023-01-24,2023-01-24,0,0,14,0.748,0.496,0,1,1,0,6334027.2,6334027.2
DISP2015,Structurals,BOBYN,50,2114.09,70.47,CMO01,Delhi,1200,2023-04-17,2023-04-17,0,0,80,0.315,0.874,0,0,4,0,3044289.6,3044289.6
DISP2016,HR Coil,BOBYN,58,2687.05,77.21,CMO03,Chennai,2100,2023-07-19,2023-07-24,5,1,74,0.465,0.829,0,2,7,4350000,6771366.0,11121366.0
DISP2017,Structurals,BOST,51,1826.08,71.61,CMO01,Delhi,1200,2023-08-12,2023-08-12,0,0,34,0.871,0.538,0,5,8,0,2629555.2,2629555.2
DISP2018,Plate,BCN,40,1958.52,89.02,CMO04,Kolkata,350,2023-08-19,2023-08-20,1,1,67,0.383,0.687,0,5,8,600000,822578.4,1422578.4
DISP2019,Plate,BLC,42,2426.02,93.17,CMO06,Ahmedabad,1900,2023-06-01,2023-06-03,2,1,36,0.77,0.357,0,3,6,1260000,5531325.6,6791325.6
DISP2020,Structurals,BLC,50,2505.45,80.82,CMO02,Mumbai,1800,2023-02-16,2023-02-16,0,0,5,0.954,0.611,0,3,2,0,5411772.0,5411772.0
DISP2021,HR Coil,BOXN,45,2164.46,82.93,CMO02,Mumbai,1800,2023-10-13,2023-10-15,2,1,76,0.61,0.372,0,4,10,1350000,4675233.6,6025233.6
DISP2022,Plate,BCN,52,2012.59,70.37,CMO05,Hyderabad,1600,2023-07-31,2023-08-05,5,1,54,0.823,0.807,1,0,7,3900000,3864172.8,7764172.8
DISP2023,CR Coil,BOST,45,2037.59,90.56,CMO05,Hyderabad,1600,2023-03-28,2023-03-29,1,1,22,0.415,0.488,1,1,3,675000,3912172.8,4587172.8
DISP2024,TMT Bar,BCN,55,2827.77,93.48,CMO04,Kolkata,350,2023-07-04,2023-07-04,0,0,37,0.955,0.805,0,1,7,0,1187663.4,1187663.4
DISP2025,Plate,BLC,43,1974.56,74.06,CMO02,Mumbai,1800,2023-01-04,2023-01-04,0,0,55,0.466,0.734,0,2,1,0,4265049.6,4265049.6
DISP2026,TMT Bar,BCN,53,2753.63,94.46,CMO04,Kolkata,350,2023-11-30,2023-11-30,0,0,22,0.44,0.722,1,3,11,0,1156524.6,1156524.6
DISP2027,Wire Rod,BOBYN,52,3090.73,99.06,CMO03,Chennai,2100,2023-05-30,2023-06-01,2,1,67,0.974,0.847,1,1,5,1560000,7788639.6,9348639.6
DISP2028,Semis,BCN,43,2316.8,97.96,CMO04,Kolkata,350,2023-04-13,2023-04-13,0,0,80,0.998,0.426,0,3,4,0,973056.0,973056.0
DISP2029,HR Coil,BLC,46,2371.54,83.15,CMO06,Ahmedabad,1900,2023-05-30,2023-06-02,3,1,13,0.855,0.857,1,1,5,2070000,5407111.2,7477111.2
DISP2030,Structurals,BOBYN,48,2585.08,89.76,CMO03,Chennai,2100,2023-08-05,2023-08-08,3,1,53,0.259,0.993,0,5,8,2160000,6514401.6,8674401.6
DISP2031,Plate,BLC,57,2512.78,71.1,CMO07,Pune,1750,2023-07-04,2023-07-05,1,1,73,0.675,0.94,0,1,7,855000,5276838.0,6131838.0
DISP2032,Structurals,BOBYN,41,2137.66,86.9,CMO03,Chennai,2100,2023-11-27,2023-11-27,0,0,56,0.973,0.532,1,0,11,0,5386903.2,5386903.2
DISP2033,HR Coil,BOXN,48,2134.22,76.66,CMO01,Delhi,1200,2023-09-23,2023-09-25,2,1,76,0.664,0.703,0,5,9,1440000,3073276.8,4513276.8
DISP2034,Semis,BOST,56,2086.63,74.52,CMO06,Ahmedabad,1900,2023-01-13,2023-01-13,0,0,66,0.284,0.591,0,4,1,0,4757516.4,4757516.4
DISP2035,HR Coil,BOBYN,51,2428.32,79.36,CMO07,Pune,1750,2023-08-22,2023-08-24,2,1,31,0.617,0.544,0,1,8,1530000,5099472.0,6629472.0
DISP2036,Wire Rod,BOXN,49,2027.5,71.34,CMO03,Chennai,2100,2023-12-30,2024-01-03,4,1,19,0.218,0.54,1,5,12,2940000,5109300.0,8049300.0
DISP2037,Structurals,BOST,45,1947.54,86.56,CMO02,Mumbai,1800,2023-06-19,2023-06-19,0,0,76,0.541,0.623,0,0,6,0,4206686.4,4206686.4
DISP2038,Structurals,BOBYN,53,2603.39,81.87,CMO02,Mumbai,1800,2023-11-11,2023-11-12,1,1,30,0.56,0.601,0,5,11,795000,5623322.4,6418322.4
DISP2039,TMT Bar,BOXN,58,2457.49,73.05,CMO07,Pune,1750,2023-10-02,2023-10-04,2,1,28,0.493,0.438,0,0,10,1740000,5160729.0,6900729.0
DISP2040,Wire Rod,BCN,52,2526.5,88.34,CMO05,Hyderabad,1600,2023-10-28,2023-11-01,4,1,19,0.478,0.892,1,5,10,3120000,4850880.0,7970880.0
DISP2041,Structurals,BCN,58,2314.11,72.54,CMO07,Pune,1750,2023-03-10,2023-03-12,2,1,45,0.294,0.514,0,4,3,1740000,4859631.0,6599631.0
DISP2042,Plate,BLC,44,2380.02,87.24,CMO04,Kolkata,350,2023-08-05,2023-08-05,0,0,28,0.589,0.676,0,5,8,0,999608.4,999608.4
DISP2043,CR Coil,BOBYN,55,2595.95,78.67,CMO05,Hyderabad,1600,2023-04-06,2023-04-06,0,0,45,0.874,0.734,0,3,4,0,4984224.0,4984224.0
DISP2044,HR Coil,BOBYN,46,2607.0,94.46,CMO04,Kolkata,350,2023-10-15,2023-10-15,0,0,69,0.722,0.586,0,6,10,0,1094940.0,1094940.0
DISP2045,Structurals,BLC,55,2558.1,75.02,CMO07,Pune,1750,2023-10-17,2023-10-18,1,1,8,0.837,0.454,0,1,10,825000,5372010.0,6197010.0
DISP2046,TMT Bar,BLC,58,3318.23,92.28,CMO02,Mumbai,1800,2023-09-11,2023-09-13,2,1,75,0.609,0.701,0,0,9,1740000,7167376.8,8907376.8
DISP2047,TMT Bar,BOXN,54,2705.75,86.39,CMO05,Hyderabad,1600,2023-08-06,2023-08-09,3,1,18,0.789,0.758,0,6,8,2430000,5195040.0,7625040.0
DISP2048,HR Coil,BCN,51,2689.04,95.87,CMO04,Kolkata,350,2023-02-14,2023-02-14,0,0,61,0.892,0.382,0,1,2,0,1129396.8,1129396.8
DISP2049,CR Coil,BOST,51,2443.7,95.83,CMO07,Pune,1750,2023-11-09,2023-11-10,1,1,59,0.333,0.397,0,3,11,765000,5131770.0,5896770.0
DISP2050,HR Coil,BCN,57,2458.86,78.43,CMO05,Hyderabad,1600,2023-10-03,2023-10-04,1,1,26,0.459,0.793,0,1,10,855000,4721011.2,5576011.2
DISP2051,Semis,BOXN,44,2523.5,98.88,CMO05,Hyderabad,1600,2023-07-30,2023-08-03,4,1,12,0.994,0.907,1,6,7,2640000,4845120.0,7485120.0
DISP2052,CR Coil,BCN,47,2400.02,92.84,CMO02,Mumbai,1800,2023-12-13,2023-12-14,1,1,55,0.592,0.704,0,2,12,705000,5184043.2,5889043.2
DISP2053,Wire Rod,BOXN,52,2577.73,85.47,CMO01,Delhi,1200,2023-05-23,2023-05-23,0,0,52,0.564,0.642,0,1,5,0,3711931.2,3711931.2
DISP2054,Semis,BOXN,54,2788.9,89.05,CMO07,Pune,1750,2023-12-24,2023-12-29,5,1,50,0.88,0.857,0,6,12,4050000,5856690.0,9906690.0
DISP2055,Semis,BLC,48,2371.45,79.69,CMO02,Mumbai,1800,2023-05-26,2023-05-26,0,0,48,0.638,0.391,1,4,5,0,5122332.0,5122332.0
DISP2056,Semis,BOXN,41,1735.64,72.99,CMO03,Chennai,2100,2023-08-24,2023-08-25,1,1,7,0.299,0.9,0,3,8,615000,4373812.8,4988812.8
DISP2057,Wire Rod,BOBYN,49,2198.22,74.77,CMO02,Mumbai,1800,2023-05-21,2023-05-21,0,0,16,0.724,0.475,0,6,5,0,4748155.2,4748155.2
DISP2058,Structurals,BOXN,52,2677.25,88.77,CMO02,Mumbai,1800,2023-12-25,2023-12-26,1,1,34,0.543,0.364,1,0,12,780000,5782860.0,6562860.0
DISP2059,HR Coil,BOST,47,2011.21,85.58,CMO02,Mumbai,1800,2023-08-16,2023-08-19,3,1,6,0.206,0.541,0,2,8,2115000,4344213.6,6459213.6
DISP2060,Structurals,BLC,42,2001.65,76.87,CMO02,Mumbai,1800,2023-02-15,2023-02-16,1,1,18,0.283,0.557,0,2,2,630000,4323564.0,4953564.0
DISP2061,Semis,BOBYN,44,1902.18,72.05,CMO07,Pune,1750,2023-10-16,2023-10-16,0,0,6,0.688,0.415,0,0,10,0,3994578.0,3994578.0
DISP2062,CR Coil,BOBYN,53,2813.74,88.48,CMO06,Ahmedabad,1900,2023-08-15,2023-08-15,0,0,32,0.269,0.37,0,1,8,0,6415327.2,6415327.2
DISP2063,Plate,BLC,51,3127.14,98.9,CMO06,Ahmedabad,1900,2023-06-11,2023-06-13,2,1,22,0.398,0.751,0,6,6,1530000,7129879.2,8659879.2
DISP2064,Structurals,BCN,40,2099.61,95.44,CMO05,Hyderabad,1600,2023-12-04,2023-12-06,2,1,43,0.364,0.725,0,0,12,1200000,4031251.2,5231251.2
DISP2065,Structurals,BOBYN,55,2692.03,81.58,CMO01,Delhi,1200,2023-05-04,2023-05-04,0,0,68,0.71,0.35,0,3,5,0,3876523.2,3876523.2
DISP2066,HR Coil,BCN,44,1974.84,81.6,CMO03,Chennai,2100,2023-10-19,2023-10-19,0,0,58,0.492,0.778,0,3,10,0,4976596.8,4976596.8
DISP2067,Semis,BOXN,58,2422.95,72.03,CMO01,Delhi,1200,2023-05-15,2023-05-15,0,0,32,0.232,0.342,0,0,5,0,3489048.0,3489048.0
DISP2068,Plate,BOST,53,2191.74,82.71,CMO03,Chennai,2100,2023-07-25,2023-07-26,1,1,15,0.712,0.676,1,1,7,795000,5523184.8,6318184.8
DISP2069,HR Coil,BOBYN,44,2272.82,86.09,CMO05,Hyderabad,1600,2023-07-20,2023-07-20,0,0,80,0.707,0.884,0,3,7,0,4363814.4,4363814.4
DISP2070,HR Coil,BLC,47,2090.42,71.74,CMO03,Chennai,2100,2023-02-14,2023-02-17,3,1,60,0.293,0.729,0,1,2,2115000,5267858.4,7382858.4
DISP2071,Structurals,BOBYN,43,1815.8,70.38,CMO06,Ahmedabad,1900,2023-03-12,2023-03-16,4,1,6,0.331,0.967,0,6,3,2580000,4140024.0,6720024.0
DISP2072,Structurals,BOBYN,51,2258.52,73.81,CMO03,Chennai,2100,2023-05-18,2023-05-18,0,0,20,0.817,0.321,0,3,5,0,5691470.4,5691470.4
DISP2073,TMT Bar,BOXN,48,2543.73,91.37,CMO05,Hyderabad,1600,2023-10-23,2023-10-26,3,1,14,0.597,0.658,0,0,10,2160000,4883961.6,7043961.6
DISP2074,CR Coil,BOBYN,48,2684.16,93.2,CMO03,Chennai,2100,2023-10-21,2023-10-24,3,1,19,0.383,0.656,0,5,10,2160000,6764083.2,8924083.2
DISP2075,CR Coil,BLC,51,2576.69,81.49,CMO01,Delhi,1200,2023-03-18,2023-03-22,4,1,27,0.945,0.9,0,5,3,3060000,3710433.6,6770433.6
DISP2076,Structurals,BLC,47,2321.12,79.65,CMO06,Ahmedabad,1900,2023-08-02,2023-08-02,0,0,45,0.417,0.355,0,2,8,0,5292153.6,5292153.6
DISP2077,Plate,BOXN,45,2001.75,76.7,CMO06,Ahmedabad,1900,2023-09-22,2023-09-22,0,0,10,0.963,0.348,0,4,9,0,4563990.0,4563990.0
DISP2078,TMT Bar,BCN,50,1996.27,72.59,CMO07,Pune,1750,2023-08-22,2023-08-22,0,0,6,0.495,0.504,0,1,8,0,4192167.0,4192167.0
DISP2079,Structurals,BOBYN,54,2625.96,81.05,CMO05,Hyderabad,1600,2023-09-10,2023-09-10,0,0,30,0.786,0.683,0,6,9,0,5041843.2,5041843.2
DISP2080,CR Coil,BLC,40,1909.35,76.99,CMO01,Delhi,1200,2023-06-27,2023-06-27,0,0,6,0.961,0.301,1,1,6,0,2749464.0,2749464.0
DISP2081,Semis,BCN,43,1801.09,76.16,CMO06,Ahmedabad,1900,2023-05-02,2023-05-02,0,0,58,0.594,0.342,0,1,5,0,4106485.2,4106485.2
DISP2082,Structurals,BOXN,41,2321.84,97.64,CMO03,Chennai,2100,2023-09-24,2023-09-24,0,0,57,0.761,0.561,0,6,9,0,5851036.8,5851036.8
DISP2083,HR Coil,BOXN,56,2403.7,74.01,CMO05,Hyderabad,1600,2023-07-21,2023-07-21,0,0,14,0.674,0.344,0,4,7,0,4615104.0,4615104.0
DISP2084,CR Coil,BCN,48,2521.92,95.53,CMO02,Mumbai,1800,2023-07-21,2023-07-22,1,1,46,0.454,0.49,0,4,7,720000,5447347.2,6167347.2
DISP2085,Semis,BOST,43,1605.24,74.66,CMO07,Pune,1750,2023-03-26,2023-03-31,5,1,62,0.573,0.585,1,6,3,3225000,3371004.0,6596004.0
DISP2086,CR Coil,BCN,54,2315.12,77.95,CMO04,Kolkata,350,2023-03-03,2023-03-03,0,0,16,0.326,0.78,0,4,3,0,972350.4,972350.4
DISP2087,Structurals,BOXN,46,2536.67,95.08,CMO05,Hyderabad,1600,2023-06-17,2023-06-19,2,1,23,0.273,0.474,0,5,6,1380000,4870406.4,6250406.4
DISP2088,Structurals,BCN,45,1755.58,70.93,CMO03,Chennai,2100,2023-07-27,2023-07-28,1,1,62,0.645,0.685,1,3,7,675000,4424061.6,5099061.6
DISP2089,Semis,BOXN,40,1666.92,71.85,CMO02,Mumbai,1800,2023-04-24,2023-04-24,0,0,21,0.359,0.58,0,0,4,0,3600547.2,3600547.2
DISP2090,Structurals,BOST,58,2255.17,77.76,CMO01,Delhi,1200,2023-02-08,2023-02-08,0,0,7,0.998,0.438,0,2,2,0,3247444.8,3247444.8
DISP2091,Semis,BOXN,50,2136.6,73.68,CMO02,Mumbai,1800,2023-08-25,2023-08-25,0,0,11,0.334,0.702,1,4,8,0,4615056.0,4615056.0
DISP2092,Wire Rod,BOXN,52,2729.37,90.5,CMO04,Kolkata,350,2023-03-30,2023-04-03,4,1,50,0.372,0.431,1,3,3,3120000,1146335.4,4266335.4
DISP2093,HR Coil,BOST,47,2101.33,89.42,CMO05,Hyderabad,1600,2023-09-13,2023-09-14,1,1,57,0.906,0.635,0,2,9,705000,4034553.6,4739553.6
DISP2094,Wire Rod,BOST,47,2089.68,88.92,CMO02,Mumbai,1800,2023-10-06,2023-10-06,0,0,7,0.992,0.847,0,4,10,0,4513708.8,4513708.8
DISP2095,Plate,BLC,51,3079.17,97.38,CMO07,Pune,1750,2023-09-15,2023-09-16,1,1,46,0.511,0.426,0,4,9,765000,6466257.0,7231257.0
DISP2096,Semis,BCN,41,2125.55,94.26,CMO07,Pune,1750,2023-08-30,2023-09-01,2,1,72,0.486,0.709,1,2,8,1230000,4463655.0,5693655.0
DISP2097,CR Coil,BOBYN,48,2477.11,86.01,CMO06,Ahmedabad,1900,2023-01-29,2023-02-03,5,1,33,0.661,0.988,1,6,1,3600000,5647810.8,9247810.8
DISP2098,Semis,BOBYN,47,2475.27,87.78,CMO02,Mumbai,1800,2023-12-24,2023-12-24,0,0,50,0.931,0.32,0,6,12,0,5346583.2,5346583.2
DISP2099,Plate,BOBYN,58,3426.1,98.45,CMO05,Hyderabad,1600,2023-09-10,2023-09-11,1,1,74,0.447,0.643,0,6,9,870000,6578112.0,7448112.0
DISP2100,CR Coil,BOST,55,1925.56,70.02,CMO01,Delhi,1200,2023-11-11,2023-11-14,3,1,30,0.845,0.539,0,5,11,2475000,2772806.4,5247806.4
DISP2101,Semis,BOXN,40,1726.81,74.43,CMO03,Chennai,2100,2023-12-27,2024-01-01,5,1,23,0.819,0.893,1,2,12,3000000,4351561.2,7351561.2
DISP2102,TMT Bar,BLC,58,2626.19,73.03,CMO06,Ahmedabad,1900,2023-06-04,2023-06-04,0,0,46,0.309,0.41,0,6,6,0,5987713.2,5987713.2
DISP2103,Semis,BLC,50,2332.01,75.23,CMO06,Ahmedabad,1900,2023-10-15,2023-10-17,2,1,50,0.379,0.712,0,6,10,1500000,5316982.8,6816982.8
DISP2104,Structurals,BOBYN,45,2480.35,91.86,CMO03,Chennai,2100,2023-12-26,2023-12-26,0,0,78,0.513,0.996,1,1,12,0,6250482.0,6250482.0
DISP2105,HR Coil,BOST,50,2440.78,97.63,CMO02,Mumbai,1800,2023-11-10,2023-11-10,0,0,33,0.712,0.373,0,4,11,0,5272084.8,5272084.8
DISP2106,TMT Bar,BOXN,47,2191.82,80.4,CMO06,Ahmedabad,1900,2023-06-13,2023-06-13,0,0,26,0.709,0.974,0,1,6,0,4997349.6,4997349.6
DISP2107,Structurals,BCN,54,2089.15,70.34,CMO06,Ahmedabad,1900,2023-04-18,2023-04-18,0,0,36,0.755,0.545,0,1,4,0,4763262.0,4763262.0
DISP2108,Structurals,BOXN,52,2507.7,83.15,CMO01,Delhi,1200,2023-08-03,2023-08-03,0,0,26,0.908,0.645,0,3,8,0,3611088.0,3611088.0
DISP2109,Plate,BOXN,55,2987.81,93.66,CMO04,Kolkata,350,2023-10-23,2023-10-23,0,0,33,0.33,0.352,0,0,10,0,1254880.2,1254880.2
DISP2110,TMT Bar,BCN,48,2601.72,98.55,CMO01,Delhi,1200,2023-02-07,2023-02-07,0,0,48,0.336,0.563,0,1,2,0,3746476.8,3746476.8
DISP2111,Plate,BCN,55,2756.84,91.14,CMO01,Delhi,1200,2023-08-09,2023-08-10,1,1,26,0.686,0.604,0,2,8,825000,3969849.6,4794849.6
DISP2112,CR Coil,BOST,57,2221.8,77.96,CMO04,Kolkata,350,2023-05-25,2023-05-25,0,0,43,0.39,0.335,1,3,5,0,933156.0,933156.0
DISP2113,Semis,BOBYN,41,1988.29,80.82,CMO04,Kolkata,350,2023-08-07,2023-08-07,0,0,16,0.436,0.763,0,0,8,0,835081.8,835081.8
DISP2114,CR Coil,BOXN,46,2004.33,75.12,CMO01,Delhi,1200,2023-05-30,2023-05-30,0,0,15,0.579,0.381,1,1,5,0,2886235.2,2886235.2
DISP2115,Wire Rod,BCN,42,2061.81,89.26,CMO04,Kolkata,350,2023-07-18,2023-07-18,0,0,28,0.497,0.567,0,1,7,0,865960.2,865960.2
DISP2116,HR Coil,BLC,54,2608.16,77.9,CMO03,Chennai,2100,2023-05-18,2023-05-19,1,1,77,0.249,0.827,0,3,5,810000,6572563.2,7382563.2
DISP2117,TMT Bar,BOST,53,2626.71,99.12,CMO07,Pune,1750,2023-10-29,2023-11-01,3,1,34,0.643,0.889,1,6,10,2385000,5516091.0,7901091.0
DISP2118,Plate,BLC,58,3468.33,96.45,CMO06,Ahmedabad,1900,2023-09-01,2023-09-04,3,1,43,0.263,0.932,0,4,9,2610000,7907792.4,10517792.4
DISP2119,Plate,BOST,44,1619.39,73.61,CMO07,Pune,1750,2023-08-18,2023-08-18,0,0,27,0.959,0.417,0,4,8,0,3400719.0,3400719.0
DISP2120,CR Coil,BOXN,53,2224.07,72.35,CMO02,Mumbai,1800,2023-12-16,2023-12-19,3,1,60,0.362,0.876,0,5,12,2385000,4803991.2,7188991.2
DISP2121,TMT Bar,BOXN,42,1988.82,81.64,CMO06,Ahmedabad,1900,2023-07-23,2023-07-27,4,1,75,0.461,0.493,0,6,7,2520000,4534509.6,7054509.6
DISP2122,Semis,BOST,58,2484.63,85.68,CMO06,Ahmedabad,1900,2023-08-03,2023-08-03,0,0,19,0.532,0.404,0,3,8,0,5664956.4,5664956.4
DISP2123,Semis,BOXN,58,3141.52,93.39,CMO01,Delhi,1200,2023-05-27,2023-05-30,3,1,73,0.904,0.915,1,5,5,2610000,4523788.8,7133788.8
DISP2124,Plate,BLC,41,1910.72,75.17,CMO05,Hyderabad,1600,2023-07-26,2023-07-28,2,1,23,0.695,0.777,1,2,7,1230000,3668582.4,4898582.4
DISP2125,TMT Bar,BOBYN,41,2272.36,92.37,CMO06,Ahmedabad,1900,2023-05-18,2023-05-20,2,1,52,0.216,0.872,0,3,5,1230000,5180980.8,6410980.8
DISP2126,Wire Rod,BOXN,47,2018.1,74.03,CMO07,Pune,1750,2023-08-15,2023-08-15,0,0,46,0.416,0.592,0,1,8,0,4238010.0,4238010.0
DISP2127,CR Coil,BOBYN,53,2932.86,92.23,CMO04,Kolkata,350,2023-09-22,2023-09-23,1,1,52,0.857,0.661,0,4,9,795000,1231801.2,2026801.2
DISP2128,Plate,BOBYN,56,3238.37,96.38,CMO04,Kolkata,350,2023-01-15,2023-01-15,0,0,27,0.354,0.883,0,6,1,0,1360115.4,1360115.4
DISP2129,CR Coil,BLC,41,2479.49,97.54,CMO01,Delhi,1200,2023-12-27,2023-12-30,3,1,30,0.419,0.876,1,2,12,1845000,3570465.6,5415465.6
DISP2130,HR Coil,BOXN,47,2212.8,81.17,CMO06,Ahmedabad,1900,2023-11-01,2023-11-03,2,1,62,0.342,0.909,0,2,11,1410000,5045184.0,6455184.0
DISP2131,CR Coil,BCN,42,1814.55,78.55,CMO07,Pune,1750,2023-07-17,2023-07-17,0,0,11,0.33,0.701,0,0,7,0,3810555.0,3810555.0
DISP2132,Semis,BOBYN,46,2154.8,78.07,CMO02,Mumbai,1800,2023-07-29,2023-07-30,1,1,70,0.216,0.846,1,5,7,690000,4654368.0,5344368.0
DISP2133,CR Coil,BOBYN,40,1841.11,76.71,CMO06,Ahmedabad,1900,2023-11-08,2023-11-11,3,1,44,0.77,0.797,0,2,11,1800000,4197730.8,5997730.8
DISP2134,Semis,BLC,48,2278.02,76.55,CMO03,Chennai,2100,2023-06-04,2023-06-06,2,1,71,0.859,0.578,0,6,6,1440000,5740610.4,7180610.4
DISP2135,Structurals,BCN,57,2803.33,89.42,CMO07,Pune,1750,2023-11-08,2023-11-13,5,1,41,0.439,0.376,0,2,11,4275000,5886993.0,10161993.0
DISP2136,Structurals,BCN,48,2367.65,89.68,CMO03,Chennai,2100,2023-11-30,2023-12-01,1,1,43,0.351,0.662,1,3,11,720000,5966478.0,6686478.0
DISP2137,Semis,BOST,52,2335.21,89.82,CMO07,Pune,1750,2023-12-15,2023-12-15,0,0,22,0.777,0.759,0,4,12,0,4903941.0,4903941.0
DISP2138,TMT Bar,BLC,52,2969.37,92.1,CMO04,Kolkata,350,2023-10-26,2023-10-26,0,0,78,0.853,0.54,1,3,10,0,1247135.4,1247135.4
DISP2139,Structurals,BLC,51,2694.64,85.22,CMO05,Hyderabad,1600,2023-03-29,2023-03-31,2,1,76,0.345,0.368,1,2,3,1530000,5173708.8,6703708.8
DISP2140,Semis,BOBYN,50,2688.99,89.63,CMO05,Hyderabad,1600,2023-04-24,2023-04-28,4,1,50,0.379,0.91,0,0,4,3000000,5162860.8,8162860.8
DISP2141,TMT Bar,BOST,49,2055.86,83.91,CMO03,Chennai,2100,2023-03-02,2023-03-05,3,1,65,0.243,0.744,0,3,3,2205000,5180767.2,7385767.2
DISP2142,Wire Rod,BOST,43,2064.54,96.03,CMO02,Mumbai,1800,2023-07-15,2023-07-15,0,0,72,0.439,0.338,0,5,7,0,4459406.4,4459406.4
DISP2143,CR Coil,BCN,53,2903.8,99.62,CMO02,Mumbai,1800,2023-08-23,2023-08-23,0,0,23,0.453,0.801,0,2,8,0,6272208.0,6272208.0
DISP2144,Wire Rod,BOBYN,50,2671.05,89.04,CMO03,Chennai,2100,2023-01-03,2023-01-05,2,1,62,0.419,0.833,0,1,1,1500000,6731046.0,8231046.0
DISP2145,Wire Rod,BOXN,44,2256.85,88.43,CMO07,Pune,1750,2023-11-21,2023-11-22,1,1,59,0.523,0.976,0,1,11,660000,4739385.0,5399385.0
DISP2146,CR Coil,BCN,40,2128.72,96.76,CMO06,Ahmedabad,1900,2023-09-29,2023-10-01,2,1,29,0.214,0.303,1,4,9,1200000,4853481.6,6053481.6
DISP2147,TMT Bar,BOBYN,43,2102.87,81.51,CMO03,Chennai,2100,2023-10-29,2023-10-31,2,1,44,0.334,0.877,1,6,10,1290000,5299232.4,6589232.4
DISP2148,Structurals,BOST,56,2243.78,80.14,CMO05,Hyderabad,1600,2023-12-18,2023-12-19,1,1,22,0.474,0.931,0,0,12,840000,4308057.6,5148057.6
DISP2149,Semis,BOXN,47,2091.65,76.73,CMO04,Kolkata,350,2023-03-09,2023-03-10,1,1,32,0.787,0.713,0,3,3,705000,878493.0,1583493.0
DISP2150,Structurals,BOXN,52,2904.3,96.3,CMO07,Pune,1750,2023-05-11,2023-05-12,1,1,73,0.699,0.716,0,3,5,780000,6099030.0,6879030.0
DISP2151,Semis,BOXN,43,2057.63,82.5,CMO01,Delhi,1200,2023-07-14,2023-07-14,0,0,20,0.638,0.632,0,4,7,0,2962987.2,2962987.2
DISP2152,Structurals,BOXN,49,2348.24,82.63,CMO06,Ahmedabad,1900,2023-02-21,2023-02-24,3,1,71,0.416,0.724,0,1,2,2205000,5353987.2,7558987.2
DISP2153,HR Coil,BOST,43,1687.35,78.48,CMO05,Hyderabad,1600,2023-02-24,2023-02-26,2,1,68,0.359,0.44,0,4,2,1290000,3239712.0,4529712.0
DISP2154,CR Coil,BLC,49,2272.76,74.81,CMO03,Chennai,2100,2023-10-08,2023-10-09,1,1,68,0.928,0.782,0,6,10,735000,5727355.2,6462355.2
DISP2155,HR Coil,BOXN,43,2370.72,95.06,CMO06,Ahmedabad,1900,2023-12-09,2023-12-13,4,1,68,0.319,0.363,0,5,12,2580000,5405241.6,7985241.6
DISP2156,HR Coil,BOBYN,54,3228.98,99.66,CMO03,Chennai,2100,2023-06-01,2023-06-02,1,1,38,0.571,0.37,0,3,6,810000,8137029.6,8947029.6
DISP2157,TMT Bar,BCN,53,2686.35,92.16,CMO03,Chennai,2100,2023-02-18,2023-02-18,0,0,10,0.208,0.397,0,5,2,0,6769602.0,6769602.0
DISP2158,TMT Bar,BLC,48,2867.5,96.35,CMO03,Chennai,2100,2023-02-17,2023-02-21,4,1,52,0.852,0.428,0,4,2,2880000,7226100.0,10106100.0
DISP2159,TMT Bar,BLC,55,3205.3,94.0,CMO07,Pune,1750,2023-11-29,2023-12-04,5,1,26,0.29,0.787,1,2,11,4125000,6731130.0,10856130.0
DISP2160,CR Coil,BLC,58,3037.91,84.48,CMO01,Delhi,1200,2023-10-19,2023-10-20,1,1,61,0.345,0.566,0,3,10,870000,4374590.4,5244590.4
DISP2161,Structurals,BOBYN,55,3221.19,97.61,CMO07,Pune,1750,2023-02-27,2023-02-28,1,1,57,0.553,0.344,1,0,2,825000,6764499.0,7589499.0
DISP2162,Semis,BOST,58,2659.68,91.71,CMO06,Ahmedabad,1900,2023-04-25,2023-04-27,2,1,48,0.615,0.782,1,1,4,1740000,6064070.4,7804070.4
DISP2163,Structurals,BLC,51,2843.0,89.91,CMO02,Mumbai,1800,2023-11-25,2023-11-28,3,1,54,0.319,0.879,1,5,11,2295000,6140880.0,8435880.0
DISP2164,HR Coil,BOBYN,56,3207.64,95.47,CMO06,Ahmedabad,1900,2023-09-11,2023-09-16,5,1,26,0.26,0.644,0,0,9,4200000,7313419.2,11513419.2
DISP2165,HR Coil,BOBYN,57,3054.04,89.3,CMO05,Hyderabad,1600,2023-07-26,2023-07-27,1,1,35,0.263,0.611,1,2,7,855000,5863756.8,6718756.8
DISP2166,Wire Rod,BCN,43,2351.29,99.42,CMO04,Kolkata,350,2023-12-01,2023-12-01,0,0,7,0.282,0.589,0,4,12,0,987541.8,987541.8
DISP2167,HR Coil,BOXN,49,2748.31,96.7,CMO07,Pune,1750,2023-10-15,2023-10-15,0,0,31,0.724,0.619,0,6,10,0,5771451.0,5771451.0
DISP2168,Semis,BOBYN,54,2590.68,79.96,CMO01,Delhi,1200,2023-11-14,2023-11-14,0,0,65,0.773,0.554,0,1,11,0,3730579.2,3730579.2
DISP2169,HR Coil,BOBYN,40,1925.78,80.24,CMO07,Pune,1750,2023-11-21,2023-11-24,3,1,42,0.638,0.562,0,1,11,1800000,4044138.0,5844138.0
DISP2170,Wire Rod,BLC,43,2069.58,77.63,CMO02,Mumbai,1800,2023-04-11,2023-04-14,3,1,29,0.297,0.897,0,1,4,1935000,4470292.8,6405292.8
DISP2171,CR Coil,BCN,43,2192.7,92.71,CMO06,Ahmedabad,1900,2023-01-24,2023-01-27,3,1,80,0.299,0.924,0,1,1,1935000,4999356.0,6934356.0
DISP2172,Plate,BLC,40,2130.59,85.91,CMO02,Mumbai,1800,2023-01-25,2023-01-28,3,1,75,0.948,0.887,1,2,1,1800000,4602074.4,6402074.4
DISP2173,CR Coil,BOST,45,2068.08,91.91,CMO06,Ahmedabad,1900,2023-03-07,2023-03-07,0,0,18,0.51,0.72,0,1,3,0,4715222.4,4715222.4
DISP2174,Plate,BLC,47,2278.98,78.21,CMO04,Kolkata,350,2023-06-25,2023-06-28,3,1,42,0.562,0.393,1,6,6,2115000,957171.6,3072171.6
DISP2175,Structurals,BCN,57,3004.0,95.82,CMO05,Hyderabad,1600,2023-12-31,2024-01-02,2,1,75,0.706,0.441,1,6,12,1710000,5767680.0,7477680.0
DISP2176,TMT Bar,BOBYN,45,2298.15,85.12,CMO06,Ahmedabad,1900,2023-12-22,2023-12-22,0,0,46,0.768,0.833,0,4,12,0,5239782.0,5239782.0
DISP2177,Plate,BLC,57,2776.94,78.58,CMO05,Hyderabad,1600,2023-08-05,2023-08-07,2,1,6,0.618,0.318,0,5,8,1710000,5331724.8,7041724.8
DISP2178,CR Coil,BOBYN,49,2660.75,90.5,CMO03,Chennai,2100,2023-03-16,2023-03-16,0,0,12,0.752,0.507,0,3,3,0,6705090.0,6705090.0
DISP2179,HR Coil,BLC,43,2358.96,88.48,CMO03,Chennai,2100,2023-12-12,2023-12-13,1,1,76,0.892,0.82,0,1,12,645000,5944579.2,6589579.2
DISP2180,Semis,BCN,41,2205.27,97.79,CMO07,Pune,1750,2023-07-18,2023-07-20,2,1,58,0.965,0.983,0,1,7,1230000,4631067.0,5861067.0
DISP2181,HR Coil,BCN,46,2242.01,88.62,CMO06,Ahmedabad,1900,2023-08-15,2023-08-15,0,0,33,0.929,0.793,0,1,8,0,5111782.8,5111782.8
DISP2182,Semis,BOST,46,2145.54,93.28,CMO05,Hyderabad,1600,2023-04-10,2023-04-14,4,1,42,0.559,0.988,0,0,4,2760000,4119436.8,6879436.8
DISP2183,Structurals,BOXN,52,2147.97,71.22,CMO05,Hyderabad,1600,2023-05-23,2023-05-23,0,0,76,0.411,0.413,0,1,5,0,4124102.4,4124102.4
DISP2184,HR Coil,BLC,44,1942.29,71.2,CMO03,Chennai,2100,2023-06-15,2023-06-15,0,0,11,0.819,0.738,0,3,6,0,4894570.8,4894570.8
DISP2185,TMT Bar,BOST,57,2301.16,80.74,CMO04,Kolkata,350,2023-12-29,2024-01-02,4,1,45,0.62,0.97,1,4,12,3420000,966487.2,4386487.2
DISP2186,CR Coil,BOST,57,2339.92,82.1,CMO04,Kolkata,350,2023-06-28,2023-06-29,1,1,33,0.907,0.764,1,2,6,855000,982766.4,1837766.4
DISP2187,Semis,BOST,55,2747.22,99.9,CMO05,Hyderabad,1600,2023-11-29,2023-12-01,2,1,6,0.292,0.542,1,2,11,1650000,5274662.4,6924662.4
DISP2188,Plate,BOXN,50,2361.79,81.44,CMO02,Mumbai,1800,2023-02-28,2023-03-02,2,1,54,0.405,0.807,1,1,2,1500000,5101466.4,6601466.4
DISP2189,Semis,BOST,56,2334.27,83.37,CMO03,Chennai,2100,2023-01-23,2023-01-23,0,0,42,0.919,0.435,0,0,1,0,5882360.4,5882360.4
DISP2190,HR Coil,BOST,57,2001.27,70.22,CMO02,Mumbai,1800,2023-02-03,2023-02-03,0,0,31,0.736,0.842,0,4,2,0,4322743.2,4322743.2
DISP2191,Wire Rod,BOXN,46,2298.02,86.13,CMO07,Pune,1750,2023-12-26,2023-12-28,2,1,60,0.717,0.958,1,1,12,1380000,4825842.0,6205842.0
DISP2192,Wire Rod,BCN,41,1637.71,72.63,CMO06,Ahmedabad,1900,2023-01-28,2023-01-29,1,1,27,0.835,0.691,1,5,1,615000,3733978.8,4348978.8
DISP2193,TMT Bar,BLC,54,2976.59,88.91,CMO04,Kolkata,350,2023-08-10,2023-08-12,2,1,45,0.214,0.771,0,3,8,1620000,1250167.8,2870167.8
DISP2194,Plate,BOST,41,1866.04,91.03,CMO01,Delhi,1200,2023-02-07,2023-02-07,0,0,50,0.942,0.374,0,1,2,0,2687097.6,2687097.6
DISP2195,TMT Bar,BOXN,49,2641.87,92.96,CMO05,Hyderabad,1600,2023-08-13,2023-08-15,2,1,53,0.516,0.763,0,6,8,1470000,5072390.4,6542390.4
DISP2196,CR Coil,BLC,57,2786.54,78.85,CMO06,Ahmedabad,1900,2023-11-21,2023-11-21,0,0,23,0.438,0.921,0,1,11,0,6353311.2,6353311.2
DISP2197,Semis,BCN,40,1905.33,86.61,CMO06,Ahmedabad,1900,2023-10-12,2023-10-12,0,0,23,0.299,0.304,0,3,10,0,4344152.4,4344152.4
DISP2198,Plate,BOXN,49,2168.49,76.3,CMO05,Hyderabad,1600,2023-06-26,2023-06-27,1,1,32,0.53,0.752,1,0,6,735000,4163500.8,4898500.8
DISP2199,CR Coil,BCN,46,1858.0,73.44,CMO05,Hyderabad,1600,2023-12-10,2023-12-10,0,0,77,0.882,0.896,0,6,12,0,3567360.0,3567360.0
DISP2200,Plate,BOST,42,1653.11,78.72,CMO04,Kolkata,350,2023-02-04,2023-02-05,1,1,37,0.279,0.808,0,5,2,630000,694306.2,1324306.2
DISP2201,CR Coil,BOBYN,43,2026.7,78.55,CMO06,Ahmedabad,1900,2023-02-05,2023-02-05,0,0,29,0.454,0.615,0,6,2,0,4620876.0,4620876.0
DISP2202,TMT Bar,BOST,44,1913.26,86.97,CMO06,Ahmedabad,1900,2023-07-06,2023-07-06,0,0,45,0.967,0.418,0,3,7,0,4362232.8,4362232.8
DISP2203,Semis,BLC,48,2833.25,95.2,CMO02,Mumbai,1800,2023-03-10,2023-03-11,1,1,47,0.902,0.624,0,4,3,720000,6119820.0,6839820.0
DISP2204,Plate,BOBYN,42,2400.4,95.25,CMO01,Delhi,1200,2023-03-13,2023-03-16,3,1,73,0.357,0.813,0,0,3,1890000,3456576.0,5346576.0
DISP2205,HR Coil,BOST,40,1887.59,94.38,CMO07,Pune,1750,2023-10-24,2023-10-25,1,1,56,0.815,0.449,0,1,10,600000,3963939.0,4563939.0
DISP2206,Plate,BOBYN,51,2502.31,81.77,CMO04,Kolkata,350,2023-10-29,2023-10-31,2,1,42,0.307,0.651,1,6,10,1530000,1050970.2,2580970.2
DISP2207,HR Coil,BOBYN,45,2503.34,92.72,CMO06,Ahmedabad,1900,2023-03-13,2023-03-13,0,0,62,0.327,0.696,0,0,3,0,5707615.2,5707615.2
DISP2208,Semis,BLC,51,2251.74,71.21,CMO02,Mumbai,1800,2023-09-07,2023-09-08,1,1,34,0.25,0.559,0,3,9,765000,4863758.4,5628758.4
DISP2209,Semis,BLC,55,3326.01,97.54,CMO03,Chennai,2100,2023-01-24,2023-01-24,0,0,10,0.984,0.527,0,1,1,0,8381545.2,8381545.2
DISP2210,Plate,BCN,48,2306.28,87.36,CMO06,Ahmedabad,1900,2023-10-19,2023-10-19,0,0,27,0.501,0.565,0,3,10,0,5258318.4,5258318.4
DISP2211,Semis,BOST,48,1950.96,81.29,CMO01,Delhi,1200,2023-04-25,2023-04-29,4,1,71,0.525,0.872,1,1,4,2880000,2809382.4,5689382.4
DISP2212,Plate,BOST,44,1830.33,83.2,CMO01,Delhi,1200,2023-04-28,2023-04-29,1,1,14,0.612,0.497,1,4,4,660000,2635675.2,3295675.2
DISP2213,Plate,BOXN,47,2247.27,82.44,CMO06,Ahmedabad,1900,2023-06-19,2023-06-20,1,1,19,0.585,0.635,0,0,6,705000,5123775.6,5828775.6
DISP2214,Semis,BOXN,47,1943.48,71.29,CMO04,Kolkata,350,2023-10-21,2023-10-23,2,1,80,0.329,0.741,0,5,10,1410000,816261.6,2226261.6
DISP2215,HR Coil,BCN,45,2116.11,85.5,CMO02,Mumbai,1800,2023-07-27,2023-07-31,4,1,77,0.71,0.915,1,3,7,2700000,4570797.6,7270797.6
DISP2216,HR Coil,BLC,55,3274.25,96.02,CMO02,Mumbai,1800,2023-03-29,2023-04-02,4,1,33,0.864,0.721,1,2,3,3300000,7072380.0,10372380.0
DISP2217,CR Coil,BOST,48,1800.76,75.03,CMO05,Hyderabad,1600,2023-12-18,2023-12-19,1,1,48,0.938,0.718,0,0,12,720000,3457459.2,4177459.2
DISP2218,CR Coil,BOXN,46,2285.98,85.68,CMO01,Delhi,1200,2023-09-16,2023-09-20,4,1,58,0.861,0.724,0,5,9,2760000,3291811.2,6051811.2
DISP2219,Plate,BOST,56,2592.0,92.57,CMO01,Delhi,1200,2023-02-17,2023-02-18,1,1,66,0.728,0.931,0,4,2,840000,3732480.0,4572480.0
DISP2220,Semis,BLC,56,2868.58,82.62,CMO06,Ahmedabad,1900,2023-01-23,2023-01-27,4,1,72,0.543,0.957,0,0,1,3360000,6540362.4,9900362.4
DISP2221,TMT Bar,BOST,43,1779.44,82.76,CMO05,Hyderabad,1600,2023-05-11,2023-05-13,2,1,66,0.813,0.937,0,3,5,1290000,3416524.8,4706524.8
DISP2222,Plate,BCN,46,1775.15,70.16,CMO04,Kolkata,350,2023-01-04,2023-01-04,0,0,78,0.618,0.664,0,2,1,0,745563.0,745563.0
DISP2223,CR Coil,BCN,53,2357.3,80.87,CMO06,Ahmedabad,1900,2023-03-21,2023-03-21,0,0,59,0.721,0.478,0,1,3,0,5374644.0,5374644.0
DISP2224,Wire Rod,BCN,48,2633.5,99.75,CMO05,Hyderabad,1600,2023-07-23,2023-07-23,0,0,31,0.531,0.849,0,6,7,0,5056320.0,5056320.0
DISP2225,TMT Bar,BOST,55,2134.37,77.61,CMO05,Hyderabad,1600,2023-06-07,2023-06-07,0,0,78,0.475,0.794,0,2,6,0,4097990.4,4097990.4
DISP2226,Semis,BOXN,47,2273.43,83.4,CMO07,Pune,1750,2023-12-25,2023-12-25,0,0,25,0.28,0.656,1,0,12,0,4774203.0,4774203.0
DISP2227,Semis,BOST,41,1533.85,74.82,CMO05,Hyderabad,1600,2023-11-22,2023-11-22,0,0,5,0.843,0.876,0,2,11,0,2944992.0,2944992.0
DISP2228,Plate,BOXN,42,1897.47,77.89,CMO04,Kolkata,350,2023-07-09,2023-07-09,0,0,15,0.687,0.807,0,6,7,0,796937.4,796937.4
DISP2229,Wire Rod,BOST,49,2238.03,91.35,CMO05,Hyderabad,1600,2023-11-02,2023-11-02,0,0,12,0.957,0.874,0,3,11,0,4297017.6,4297017.6
DISP2230,Wire Rod,BOBYN,56,2640.29,78.58,CMO01,Delhi,1200,2023-01-18,2023-01-19,1,1,70,0.613,0.462,0,2,1,840000,3802017.6,4642017.6
DISP2231,CR Coil,BOXN,45,1895.0,72.61,CMO06,Ahmedabad,1900,2023-05-22,2023-05-22,0,0,56,0.483,0.577,0,0,5,0,4320600.0,4320600.0
DISP2232,Plate,BOXN,42,2106.84,86.49,CMO01,Delhi,1200,2023-10-14,2023-10-17,3,1,79,0.478,0.974,0,5,10,1890000,3033849.6,4923849.6
DISP2233,CR Coil,BLC,58,2522.22,70.14,CMO04,Kolkata,350,2023-03-31,2023-04-02,2,1,57,0.605,0.691,1,4,3,1740000,1059332.4,2799332.4
DISP2234,HR Coil,BOST,48,2310.8,96.28,CMO07,Pune,1750,2023-10-22,2023-10-25,3,1,37,0.755,0.976,0,6,10,2160000,4852680.0,7012680.0
DISP2235,Semis,BLC,54,3244.07,96.9,CMO03,Chennai,2100,2023-01-15,2023-01-20,5,1,66,0.293,0.347,0,6,1,4050000,8175056.4,12225056.4
DISP2236,Structurals,BOBYN,50,2471.18,82.37,CMO06,Ahmedabad,1900,2023-06-30,2023-07-02,2,1,71,0.629,0.791,1,4,6,1500000,5634290.4,7134290.4
DISP2237,Wire Rod,BCN,42,2001.3,86.64,CMO06,Ahmedabad,1900,2023-04-02,2023-04-02,0,0,65,0.451,0.453,0,6,4,0,4562964.0,4562964.0
DISP2238,CR Coil,BOBYN,55,3039.74,92.11,CMO06,Ahmedabad,1900,2023-05-01,2023-05-02,1,1,35,0.898,0.445,0,0,5,825000,6930607.2,7755607.2
DISP2239,Plate,BOBYN,43,1898.79,73.6,CMO03,Chennai,2100,2023-02-10,2023-02-11,1,1,68,0.691,0.835,0,4,2,645000,4784950.8,5429950.8
DISP2240,Wire Rod,BOST,50,2119.26,84.77,CMO03,Chennai,2100,2023-10-22,2023-10-22,0,0,40,0.593,0.989,0,6,10,0,5340535.2,5340535.2
DISP2241,TMT Bar,BOBYN,58,2569.89,73.85,CMO04,Kolkata,350,2023-09-27,2023-09-29,2,1,59,0.583,0.679,1,2,9,1740000,1079353.8,2819353.8
DISP2242,Structurals,BOBYN,54,3217.16,99.3,CMO07,Pune,1750,2023-12-24,2023-12-26,2,1,71,0.568,0.782,0,6,12,1620000,6756036.0,8376036.0
DISP2243,Plate,BCN,51,2479.15,88.38,CMO01,Delhi,1200,2023-05-13,2023-05-13,0,0,28,0.639,0.466,0,5,5,0,3569976.0,3569976.0
DISP2244,Plate,BCN,45,2102.84,84.96,CMO03,Chennai,2100,2023-04-18,2023-04-18,0,0,58,0.761,0.561,0,1,4,0,5299156.8,5299156.8
DISP2245,TMT Bar,BOBYN,58,2572.91,73.93,CMO04,Kolkata,350,2023-10-22,2023-10-22,0,0,34,0.851,0.805,0,6,10,0,1080622.2,1080622.2
DISP2246,Plate,BLC,46,2121.18,74.38,CMO04,Kolkata,350,2023-03-18,2023-03-18,0,0,65,0.845,0.424,0,5,3,0,890895.6,890895.6
DISP2247,Semis,BOST,57,2611.08,91.62,CMO06,Ahmedabad,1900,2023-09-07,2023-09-08,1,1,43,0.401,0.901,0,3,9,855000,5953262.4,6808262.4
DISP2248,CR Coil,BOBYN,48,2427.73,84.3,CMO01,Delhi,1200,2023-11-19,2023-11-19,0,0,17,0.56,0.534,0,6,11,0,3495931.2,3495931.2
DISP2249,Plate,BCN,51,1980.19,70.6,CMO05,Hyderabad,1600,2023-03-04,2023-03-06,2,1,49,0.894,0.974,0,5,3,1530000,3801964.8,5331964.8
DISP2250,Structurals,BOBYN,49,2371.21,80.65,CMO05,Hyderabad,1600,2023-12-11,2023-12-11,0,0,70,0.59,0.816,0,0,12,0,4552723.2,4552723.2
DISP2251,Wire Rod,BCN,54,2641.86,88.95,CMO05,Hyderabad,1600,2023-03-16,2023-03-18,2,1,26,0.712,0.95,0,3,3,1620000,5072371.2,6692371.2
DISP2252,Wire Rod,BOXN,42,1823.59,74.86,CMO07,Pune,1750,2023-04-27,2023-04-29,2,1,45,0.454,0.504,1,3,4,1260000,3829539.0,5089539.0
DISP2253,TMT Bar,BCN,58,2731.54,85.63,CMO04,Kolkata,350,2023-08-19,2023-08-20,1,1,57,0.334,0.898,0,5,8,870000,1147246.8,2017246.8
DISP2254,TMT Bar,BOXN,46,2001.2,75.01,CMO06,Ahmedabad,1900,2023-02-22,2023-02-23,1,1,17,0.251,0.915,0,2,2,690000,4562736.0,5252736.0
DISP2255,Wire Rod,BOXN,43,1942.17,77.87,CMO05,Hyderabad,1600,2023-03-21,2023-03-22,1,1,15,0.724,0.92,0,1,3,645000,3728966.4,4373966.4
DISP2256,TMT Bar,BOBYN,44,2265.18,85.8,CMO04,Kolkata,350,2023-03-29,2023-03-29,0,0,8,0.228,0.55,1,2,3,0,951375.6,951375.6
DISP2257,Semis,BLC,57,3464.94,98.05,CMO04,Kolkata,350,2023-10-08,2023-10-11,3,1,61,0.308,0.964,0,6,10,2565000,1455274.8,4020274.8
DISP2258,Wire Rod,BOST,53,2271.15,85.7,CMO06,Ahmedabad,1900,2023-11-24,2023-11-24,0,0,73,0.448,0.543,0,4,11,0,5178222.0,5178222.0
DISP2259,Semis,BLC,49,2459.97,80.97,CMO01,Delhi,1200,2023-05-14,2023-05-14,0,0,24,0.443,0.3,0,6,5,0,3542356.8,3542356.8
DISP2260,Semis,BCN,49,2265.85,84.08,CMO02,Mumbai,1800,2023-01-05,2023-01-06,1,1,67,0.958,0.634,0,3,1,735000,4894236.0,5629236.0
DISP2261,TMT Bar,BOBYN,40,2074.71,86.45,CMO05,Hyderabad,1600,2023-04-07,2023-04-09,2,1,57,0.906,0.606,0,4,4,1200000,3983443.2,5183443.2
DISP2262,Structurals,BLC,47,2269.7,77.89,CMO04,Kolkata,350,2023-08-05,2023-08-05,0,0,35,0.613,0.86,0,5,8,0,953274.0,953274.0
DISP2263,Structurals,BCN,49,2410.78,89.45,CMO06,Ahmedabad,1900,2023-09-30,2023-10-02,2,1,39,0.53,0.897,1,5,9,1470000,5496578.4,6966578.4
DISP2264,Structurals,BOST,54,2110.43,78.16,CMO04,Kolkata,350,2023-11-15,2023-11-17,2,1,67,0.35,0.314,0,2,11,1620000,886380.6,2506380.6
DISP2265,CR Coil,BCN,48,1947.03,73.75,CMO01,Delhi,1200,2023-08-13,2023-08-13,0,0,6,0.386,0.405,0,6,8,0,2803723.2,2803723.2
DISP2266,TMT Bar,BCN,55,3023.15,99.94,CMO04,Kolkata,350,2023-08-26,2023-08-26,0,0,9,0.464,0.89,1,5,8,0,1269723.0,1269723.0
DISP2267,HR Coil,BLC,42,2247.14,86.3,CMO03,Chennai,2100,2023-04-03,2023-04-03,0,0,29,0.917,0.475,0,0,4,0,5662792.8,5662792.8
DISP2268,HR Coil,BOBYN,52,2905.87,93.14,CMO01,Delhi,1200,2023-08-15,2023-08-15,0,0,36,0.79,0.323,0,1,8,0,4184452.8,4184452.8
DISP2269,Semis,BOST,46,1936.25,84.18,CMO01,Delhi,1200,2023-12-15,2023-12-15,0,0,44,0.949,0.411,0,4,12,0,2788200.0,2788200.0
DISP2270,Structurals,BOST,43,1668.39,77.6,CMO05,Hyderabad,1600,2023-11-23,2023-11-23,0,0,43,0.359,0.921,0,3,11,0,3203308.8,3203308.8
DISP2271,CR Coil,BOBYN,53,2535.59,79.74,CMO01,Delhi,1200,2023-03-27,2023-04-01,5,1,40,0.668,0.577,1,0,3,3975000,3651249.6,7626249.6
DISP2272,Plate,BLC,44,2213.55,81.14,CMO07,Pune,1750,2023-02-15,2023-02-15,0,0,36,0.326,0.364,0,2,2,0,4648455.0,4648455.0
DISP2273,Semis,BOXN,41,1918.23,80.67,CMO06,Ahmedabad,1900,2023-03-20,2023-03-25,5,1,73,0.833,0.388,0,0,3,3075000,4373564.4,7448564.4
DISP2274,Semis,BCN,54,2732.27,92.0,CMO06,Ahmedabad,1900,2023-01-11,2023-01-11,0,0,53,0.487,0.394,0,2,1,0,6229575.6,6229575.6
DISP2275,Wire Rod,BLC,57,2786.26,78.84,CMO06,Ahmedabad,1900,2023-12-23,2023-12-27,4,1,67,0.352,0.431,0,5,12,3420000,6352672.8,9772672.8
DISP2276,TMT Bar,BOST,57,2132.09,74.81,CMO07,Pune,1750,2023-09-29,2023-10-02,3,1,24,0.56,0.874,1,4,9,2565000,4477389.0,7042389.0
DISP2277,Semis,BOST,52,2392.25,92.01,CMO06,Ahmedabad,1900,2023-01-10,2023-01-10,0,0,51,0.821,0.467,0,1,1,0,5454330.0,5454330.0
DISP2278,Structurals,BLC,46,2444.79,85.72,CMO05,Hyderabad,1600,2023-09-12,2023-09-14,2,1,75,0.323,0.498,0,1,9,1380000,4693996.8,6073996.8
DISP2279,HR Coil,BOXN,41,2260.43,95.06,CMO05,Hyderabad,1600,2023-03-08,2023-03-08,0,0,27,0.899,0.441,0,2,3,0,4340025.6,4340025.6
DISP2280,HR Coil,BOST,52,2333.18,89.74,CMO01,Delhi,1200,2023-09-27,2023-09-28,1,1,80,0.405,0.556,1,2,9,780000,3359779.2,4139779.2
DISP2281,CR Coil,BLC,42,2188.45,84.04,CMO06,Ahmedabad,1900,2023-11-24,2023-11-24,0,0,12,0.489,0.82,0,4,11,0,4989666.0,4989666.0
DISP2282,Semis,BOXN,48,2390.64,85.87,CMO03,Chennai,2100,2023-02-06,2023-02-06,0,0,43,0.262,0.451,0,0,2,0,6024412.8,6024412.8
DISP2283,HR Coil,BOBYN,57,2789.35,81.56,CMO06,Ahmedabad,1900,2023-04-09,2023-04-09,0,0,72,0.726,0.699,0,6,4,0,6359718.0,6359718.0
DISP2284,Plate,BOST,53,2448.16,92.38,CMO06,Ahmedabad,1900,2023-11-23,2023-11-23,0,0,78,0.486,0.621,0,3,11,0,5581804.8,5581804.8
DISP2285,HR Coil,BOBYN,57,2806.0,82.05,CMO02,Mumbai,1800,2023-06-22,2023-06-22,0,0,25,0.627,0.72,0,3,6,0,6060960.0,6060960.0
DISP2286,TMT Bar,BCN,51,2310.49,82.37,CMO05,Hyderabad,1600,2023-11-21,2023-11-23,2,1,60,0.861,0.526,0,1,11,1530000,4436140.8,5966140.8
DISP2287,Wire Rod,BOST,48,1939.21,80.8,CMO07,Pune,1750,2023-08-20,2023-08-21,1,1,62,0.968,0.3,0,6,8,720000,4072341.0,4792341.0
DISP2288,HR Coil,BOBYN,49,2063.79,70.2,CMO05,Hyderabad,1600,2023-04-24,2023-04-24,0,0,32,0.885,0.315,0,0,4,0,3962476.8,3962476.8
DISP2289,Structurals,BCN,57,2675.35,85.34,CMO07,Pune,1750,2023-10-20,2023-10-21,1,1,78,0.324,0.326,0,4,10,855000,5618235.0,6473235.0
DISP2290,TMT Bar,BOBYN,47,2190.78,77.69,CMO05,Hyderabad,1600,2023-06-03,2023-06-04,1,1,16,0.656,0.698,0,5,6,705000,4206297.6,4911297.6
DISP2291,TMT Bar,BLC,45,2361.69,84.65,CMO07,Pune,1750,2023-12-20,2023-12-20,0,0,78,0.856,0.367,0,2,12,0,4959549.0,4959549.0
DISP2292,HR Coil,BOST,52,1881.21,72.35,CMO06,Ahmedabad,1900,2023-01-29,2023-02-02,4,1,47,0.478,0.872,1,6,1,3120000,4289158.8,7409158.8
DISP2293,Semis,BOBYN,40,2136.4,89.02,CMO07,Pune,1750,2023-11-20,2023-11-22,2,1,53,0.243,0.667,0,0,11,1200000,4486440.0,5686440.0
DISP2294,TMT Bar,BOBYN,44,1888.01,71.52,CMO05,Hyderabad,1600,2023-07-21,2023-07-22,1,1,62,0.802,0.703,0,4,7,660000,3624979.2,4284979.2
DISP2295,Semis,BOBYN,44,2114.25,80.09,CMO04,Kolkata,350,2023-09-01,2023-09-02,1,1,78,0.796,0.684,0,4,9,660000,887985.0,1547985.0
DISP2296,Wire Rod,BOBYN,44,2228.89,84.43,CMO07,Pune,1750,2023-04-12,2023-04-12,0,0,67,0.516,0.7,0,2,4,0,4680669.0,4680669.0
DISP2297,Structurals,BOBYN,47,2034.61,72.15,CMO05,Hyderabad,1600,2023-08-09,2023-08-10,1,1,46,0.748,0.703,0,2,8,705000,3906451.2,4611451.2
DISP2298,TMT Bar,BOBYN,50,2410.07,80.34,CMO03,Chennai,2100,2023-12-02,2023-12-05,3,1,8,0.816,0.418,0,5,12,2250000,6073376.4,8323376.4
DISP2299,Semis,BOST,44,1830.71,83.21,CMO04,Kolkata,350,2023-04-30,2023-04-30,0,0,30,0.748,0.409,1,6,4,0,768898.2,768898.2
DISP2300,HR Coil,BOXN,47,2684.24,98.47,CMO01,Delhi,1200,2023-03-17,2023-03-19,2,1,41,0.211,0.786,0,4,3,1410000,3865305.6,5275305.6
DISP2301,HR Coil,BOBYN,57,2611.38,76.36,CMO03,Chennai,2100,2023-10-07,2023-10-07,0,0,71,0.8,0.684,0,5,10,0,6580677.6,6580677.6
DISP2302,CR Coil,BOXN,52,2638.7,87.49,CMO06,Ahmedabad,1900,2023-12-06,2023-12-10,4,1,72,0.235,0.419,0,2,12,3120000,6016236.0,9136236.0
DISP2303,Plate,BOXN,54,2807.61,89.64,CMO03,Chennai,2100,2023-01-05,2023-01-05,0,0,13,0.511,0.49,0,3,1,0,7075177.2,7075177.2
DISP2304,Structurals,BOXN,40,1827.58,78.77,CMO03,Chennai,2100,2023-11-29,2023-11-29,0,0,54,0.385,0.566,1,2,11,0,4605501.6,4605501.6
DISP2305,HR Coil,BLC,57,2567.12,72.64,CMO03,Chennai,2100,2023-04-12,2023-04-12,0,0,69,0.973,0.692,0,2,4,0,6469142.4,6469142.4
DISP2306,HR Coil,BOST,49,1960.17,80.01,CMO02,Mumbai,1800,2023-07-21,2023-07-23,2,1,25,0.215,0.779,0,4,7,1470000,4233967.2,5703967.2
DISP2307,Plate,BOXN,48,2682.67,96.36,CMO03,Chennai,2100,2023-01-16,2023-01-17,1,1,76,0.959,0.458,0,0,1,720000,6760328.4,7480328.4
DISP2308,CR Coil,BLC,56,3430.97,98.82,CMO01,Delhi,1200,2023-11-10,2023-11-10,0,0,34,0.534,0.701,0,4,11,0,4940596.8,4940596.8
DISP2309,TMT Bar,BCN,54,2562.13,86.27,CMO05,Hyderabad,1600,2023-04-16,2023-04-17,1,1,22,0.665,0.779,0,6,4,810000,4919289.6,5729289.6
DISP2310,Structurals,BOST,44,1823.84,82.9,CMO06,Ahmedabad,1900,2023-03-16,2023-03-16,0,0,77,0.934,0.522,0,3,3,0,4158355.2,4158355.2
DISP2311,Structurals,BOBYN,50,2855.57,95.19,CMO01,Delhi,1200,2023-03-16,2023-03-18,2,1,8,0.812,0.916,0,3,3,1500000,4112020.8,5612020.8
DISP2312,Wire Rod,BCN,44,2259.63,93.37,CMO06,Ahmedabad,1900,2023-02-24,2023-02-24,0,0,21,0.348,0.834,0,4,2,0,5151956.4,5151956.4
DISP2313,TMT Bar,BOST,47,2065.43,87.89,CMO05,Hyderabad,1600,2023-04-29,2023-05-02,3,1,8,0.487,0.782,1,5,4,2115000,3965625.6,6080625.6
DISP2314,Plate,BCN,45,2365.21,95.56,CMO04,Kolkata,350,2023-09-09,2023-09-12,3,1,65,0.31,0.435,0,5,9,2025000,993388.2,3018388.2
DISP2315,HR Coil,BLC,47,2688.78,92.27,CMO03,Chennai,2100,2023-04-14,2023-04-14,0,0,31,0.253,0.949,0,4,4,0,6775725.6,6775725.6
DISP2316,Semis,BLC,50,2976.1,96.0,CMO05,Hyderabad,1600,2023-05-07,2023-05-07,0,0,59,0.524,0.329,0,6,5,0,5714112.0,5714112.0
DISP2317,Wire Rod,BCN,52,2526.67,88.35,CMO06,Ahmedabad,1900,2023-10-20,2023-10-20,0,0,73,0.62,0.913,0,4,10,0,5760807.6,5760807.6
DISP2318,Plate,BLC,54,3174.25,94.81,CMO01,Delhi,1200,2023-01-22,2023-01-22,0,0,36,0.615,0.577,0,6,1,0,4570920.0,4570920.0
DISP2319,Plate,BOST,41,1551.76,75.7,CMO04,Kolkata,350,2023-08-14,2023-08-15,1,1,55,0.908,0.842,0,0,8,615000,651739.2,1266739.2
DISP2320,TMT Bar,BOXN,56,3154.14,97.11,CMO05,Hyderabad,1600,2023-08-26,2023-08-29,3,1,62,0.272,0.65,1,5,8,2520000,6055948.8,8575948.8
DISP2321,Structurals,BOBYN,52,2571.09,82.41,CMO05,Hyderabad,1600,2023-08-19,2023-08-19,0,0,8,0.343,0.713,0,5,8,0,4936492.8,4936492.8
DISP2322,CR Coil,BOXN,48,2219.47,79.72,CMO04,Kolkata,350,2023-11-29,2023-11-30,1,1,25,0.775,0.386,1,2,11,720000,932177.4,1652177.4
DISP2323,TMT Bar,BOST,52,2386.96,91.81,CMO01,Delhi,1200,2023-09-19,2023-09-19,0,0,25,0.503,0.566,0,1,9,0,3437222.4,3437222.4
DISP2324,TMT Bar,BOBYN,45,2593.74,96.06,CMO05,Hyderabad,1600,2023-04-02,2023-04-02,0,0,11,0.536,0.517,0,6,4,0,4979980.8,4979980.8
DISP2325,Wire Rod,BOBYN,43,2501.47,96.96,CMO03,Chennai,2100,2023-04-14,2023-04-14,0,0,5,0.698,0.477,0,4,4,0,6303704.4,6303704.4
DISP2326,Semis,BOST,40,1764.79,88.24,CMO04,Kolkata,350,2023-09-10,2023-09-12,2,1,35,0.373,0.762,0,6,9,1200000,741211.8,1941211.8
DISP2327,Plate,BOXN,47,2629.64,96.47,CMO05,Hyderabad,1600,2023-05-23,2023-05-24,1,1,76,0.856,0.445,0,1,5,705000,5048908.8,5753908.8
DISP2328,TMT Bar,BOBYN,41,2214.24,90.01,CMO01,Delhi,1200,2023-11-05,2023-11-10,5,1,43,0.465,0.361,0,6,11,3075000,3188505.6,6263505.6
DISP2329,CR Coil,BCN,58,2986.45,93.62,CMO06,Ahmedabad,1900,2023-04-01,2023-04-04,3,1,63,0.799,0.552,0,5,4,2610000,6809106.0,9419106.0
DISP2330,TMT Bar,BLC,42,2415.29,92.75,CMO03,Chennai,2100,2023-10-09,2023-10-09,0,0,13,0.434,0.394,0,0,10,0,6086530.8,6086530.8
DISP2331,TMT Bar,BOST,53,2272.09,85.74,CMO03,Chennai,2100,2023-12-23,2023-12-23,0,0,31,0.69,0.377,0,5,12,0,5725666.8,5725666.8
DISP2332,Structurals,BOXN,55,2925.94,91.72,CMO05,Hyderabad,1600,2023-11-06,2023-11-08,2,1,41,0.542,0.893,0,0,11,1650000,5617804.8,7267804.8
DISP2333,Plate,BOBYN,58,2954.24,84.89,CMO03,Chennai,2100,2023-11-20,2023-11-20,0,0,68,0.594,0.426,0,0,11,0,7444684.8,7444684.8
DISP2334,Structurals,BOBYN,40,1765.11,73.55,CMO03,Chennai,2100,2023-08-27,2023-08-29,2,1,20,0.79,0.445,1,6,8,1200000,4448077.2,5648077.2
DISP2335,HR Coil,BCN,57,2952.58,94.18,CMO03,Chennai,2100,2023-04-19,2023-04-20,1,1,6,0.712,0.783,0,2,4,855000,7440501.6,8295501.6
DISP2336,TMT Bar,BOST,50,2325.27,93.01,CMO05,Hyderabad,1600,2023-02-28,2023-03-01,1,1,47,0.473,0.807,1,1,2,750000,4464518.4,5214518.4
DISP2337,CR Coil,BCN,50,2685.88,97.67,CMO02,Mumbai,1800,2023-09-03,2023-09-05,2,1,65,0.838,0.752,0,6,9,1500000,5801500.8,7301500.8
DISP2338,Semis,BCN,54,2777.53,93.52,CMO05,Hyderabad,1600,2023-07-31,2023-07-31,0,0,12,0.868,0.51,1,0,7,0,5332857.6,5332857.6
DISP2339,TMT Bar,BOST,40,1524.96,76.25,CMO05,Hyderabad,1600,2023-12-17,2023-12-22,5,1,47,0.84,0.922,0,6,12,3000000,2927923.2,5927923.2
DISP2340,TMT Bar,BOXN,50,2885.75,99.51,CMO07,Pune,1750,2023-11-17,2023-11-19,2,1,73,0.874,0.7,0,4,11,1500000,6060075.0,7560075.0
DISP2341,Semis,BCN,50,2510.62,91.3,CMO07,Pune,1750,2023-05-20,2023-05-24,4,1,57,0.269,0.914,0,5,5,3000000,5272302.0,8272302.0
DISP2342,TMT Bar,BOST,49,1843.63,75.25,CMO02,Mumbai,1800,2023-07-11,2023-07-12,1,1,9,0.822,0.939,0,1,7,735000,3982240.8,4717240.8
DISP2343,Wire Rod,BOBYN,46,2213.62,80.2,CMO05,Hyderabad,1600,2023-09-05,2023-09-05,0,0,72,0.448,0.529,0,1,9,0,4250150.4,4250150.4
DISP2344,HR Coil,BOST,44,1675.42,76.16,CMO07,Pune,1750,2023-01-19,2023-01-21,2,1,63,0.51,0.905,0,3,1,1320000,3518382.0,4838382.0
DISP2345,HR Coil,BOST,42,1679.97,80.0,CMO06,Ahmedabad,1900,2023-01-24,2023-01-26,2,1,18,0.616,0.761,0,1,1,1260000,3830331.6,5090331.6
DISP2346,TMT Bar,BOBYN,50,2280.5,76.02,CMO06,Ahmedabad,1900,2023-05-27,2023-05-29,2,1,40,0.626,0.841,1,5,5,1500000,5199540.0,6699540.0
DISP2347,CR Coil,BOXN,40,2290.98,98.75,CMO03,Chennai,2100,2023-10-14,2023-10-15,1,1,70,0.282,0.68,0,5,10,600000,5773269.6,6373269.6
DISP2348,Structurals,BCN,58,2467.3,77.34,CMO07,Pune,1750,2023-02-06,2023-02-06,0,0,44,0.691,0.537,0,0,2,0,5181330.0,5181330.0
DISP2349,CR Coil,BLC,41,1860.18,73.18,CMO01,Delhi,1200,2023-01-28,2023-01-28,0,0,16,0.541,0.425,1,5,1,0,2678659.2,2678659.2
DISP2350,Plate,BLC,51,2509.78,79.37,CMO06,Ahmedabad,1900,2023-04-12,2023-04-15,3,1,73,0.263,0.946,0,2,4,2295000,5722298.4,8017298.4
DISP2351,HR Coil,BLC,43,2230.58,83.67,CMO07,Pune,1750,2023-12-17,2023-12-21,4,1,64,0.576,0.963,0,6,12,2580000,4684218.0,7264218.0
DISP2352,TMT Bar,BLC,45,2538.58,90.99,CMO03,Chennai,2100,2023-12-07,2023-12-08,1,1,47,0.831,0.918,0,3,12,675000,6397221.6,7072221.6
DISP2353,Wire Rod,BCN,55,2536.08,83.84,CMO01,Delhi,1200,2023-03-29,2023-03-30,1,1,41,0.814,0.723,1,2,3,825000,3651955.2,4476955.2
DISP2354,Semis,BOXN,50,2513.85,86.68,CMO06,Ahmedabad,1900,2023-02-06,2023-02-06,0,0,43,0.626,0.581,0,0,2,0,5731578.0,5731578.0
DISP2355,Plate,BOST,45,2232.38,99.22,CMO02,Mumbai,1800,2023-07-16,2023-07-16,0,0,13,0.473,0.87,0,6,7,0,4821940.8,4821940.8
DISP2356,Semis,BOST,50,2158.4,86.34,CMO04,Kolkata,350,2023-05-01,2023-05-01,0,0,27,0.73,0.355,0,0,5,0,906528.0,906528.0
DISP2357,Plate,BLC,43,2339.81,87.76,CMO07,Pune,1750,2023-08-26,2023-08-31,5,1,46,0.644,0.875,1,5,8,3225000,4913601.0,8138601.0
DISP2358,HR Coil,BOXN,52,2407.44,79.82,CMO05,Hyderabad,1600,2023-11-27,2023-11-27,0,0,12,0.272,0.872,1,0,11,0,4622284.8,4622284.8
DISP2359,Semis,BOXN,44,2292.37,89.83,CMO06,Ahmedabad,1900,2023-08-20,2023-08-21,1,1,73,0.433,0.731,0,6,8,660000,5226603.6,5886603.6
DISP2360,TMT Bar,BOST,49,2390.1,97.56,CMO03,Chennai,2100,2023-08-11,2023-08-11,0,0,49,0.992,0.708,0,4,8,0,6023052.0,6023052.0
DISP2361,Plate,BOBYN,49,2113.05,71.87,CMO04,Kolkata,350,2023-10-09,2023-10-09,0,0,11,0.201,0.692,0,0,10,0,887481.0,887481.0
DISP2362,HR Coil,BCN,40,1695.26,77.06,CMO07,Pune,1750,2023-12-26,2023-12-28,2,1,80,0.515,0.523,1,1,12,1200000,3560046.0,4760046.0
DISP2363,Plate,BOBYN,55,2447.68,74.17,CMO02,Mumbai,1800,2023-10-12,2023-10-12,0,0,54,0.875,0.552,0,3,10,0,5286988.8,5286988.8
DISP2364,TMT Bar,BOBYN,44,1857.19,70.35,CMO07,Pune,1750,2023-11-28,2023-12-03,5,1,7,0.315,0.919,1,1,11,3300000,3900099.0,7200099.0
DISP2365,CR Coil,BOBYN,53,3046.59,95.8,CMO01,Delhi,1200,2023-12-23,2023-12-26,3,1,59,0.699,0.618,0,5,12,2385000,4387089.6,6772089.6
DISP2366,Wire Rod,BOBYN,45,2234.07,82.74,CMO03,Chennai,2100,2023-01-04,2023-01-04,0,0,78,0.599,0.812,0,2,1,0,5629856.4,5629856.4
DISP2367,TMT Bar,BOST,58,2349.26,81.01,CMO04,Kolkata,350,2023-01-20,2023-01-20,0,0,77,0.587,0.558,0,4,1,0,986689.2,986689.2
DISP2368,Structurals,BOBYN,56,3343.45,99.51,CMO01,Delhi,1200,2023-05-24,2023-05-24,0,0,64,0.614,0.666,0,2,5,0,4814568.0,4814568.0
DISP2369,CR Coil,BOXN,57,3105.75,93.94,CMO04,Kolkata,350,2023-06-09,2023-06-10,1,1,11,0.923,0.675,0,4,6,855000,1304415.0,2159415.0
DISP2370,Wire Rod,BCN,53,2349.12,80.59,CMO05,Hyderabad,1600,2023-05-31,2023-06-02,2,1,42,0.334,0.787,1,2,5,1590000,4510310.4,6100310.4
DISP2371,Semis,BCN,41,2004.22,88.88,CMO05,Hyderabad,1600,2023-10-24,2023-10-26,2,1,26,0.658,0.759,0,1,10,1230000,3848102.4,5078102.4
DISP2372,HR Coil,BLC,42,1921.87,73.8,CMO03,Chennai,2100,2023-02-09,2023-02-10,1,1,40,0.402,0.731,0,3,2,630000,4843112.4,5473112.4
DISP2373,Structurals,BOST,45,2189.34,97.3,CMO01,Delhi,1200,2023-03-19,2023-03-19,0,0,62,0.496,0.423,0,6,3,0,3152649.6,3152649.6
DISP2374,CR Coil,BOBYN,56,3220.91,95.86,CMO04,Kolkata,350,2023-06-25,2023-06-25,0,0,15,0.974,0.717,1,6,6,0,1352782.2,1352782.2
DISP2375,Semis,BLC,52,2486.94,77.14,CMO04,Kolkata,350,2023-08-14,2023-08-16,2,1,26,0.369,0.814,0,0,8,1560000,1044514.8,2604514.8
DISP2376,Semis,BOXN,41,1784.17,75.03,CMO07,Pune,1750,2023-07-24,2023-07-24,0,0,65,0.441,0.822,0,0,7,0,3746757.0,3746757.0
DISP2377,Plate,BLC,52,2715.82,84.24,CMO02,Mumbai,1800,2023-03-16,2023-03-16,0,0,72,0.896,0.308,0,3,3,0,5866171.2,5866171.2
DISP2378,Wire Rod,BCN,56,2786.98,90.49,CMO04,Kolkata,350,2023-01-22,2023-01-22,0,0,17,0.934,0.746,0,6,1,0,1170531.6,1170531.6
DISP2379,Wire Rod,BCN,50,2148.02,78.11,CMO05,Hyderabad,1600,2023-02-20,2023-02-20,0,0,37,0.723,0.574,0,0,2,0,4124198.4,4124198.4
DISP2380,Structurals,BOST,46,1968.77,85.6,CMO02,Mumbai,1800,2023-12-13,2023-12-14,1,1,28,0.451,0.307,0,2,12,690000,4252543.2,4942543.2
DISP2381,Wire Rod,BOST,43,1947.15,90.57,CMO01,Delhi,1200,2023-06-29,2023-07-01,2,1,33,0.78,0.476,1,3,6,1290000,2803896.0,4093896.0
DISP2382,HR Coil,BOBYN,43,2354.05,91.24,CMO05,Hyderabad,1600,2023-03-03,2023-03-03,0,0,16,0.885,0.391,0,4,3,0,4519776.0,4519776.0
DISP2383,Structurals,BOBYN,43,2344.44,90.87,CMO05,Hyderabad,1600,2023-05-10,2023-05-10,0,0,42,0.574,0.955,0,2,5,0,4501324.8,4501324.8
DISP2384,TMT Bar,BLC,50,2409.32,77.72,CMO07,Pune,1750,2023-02-07,2023-02-07,0,0,40,0.822,0.568,0,1,2,0,5059572.0,5059572.0
DISP2385,HR Coil,BCN,45,2059.63,83.22,CMO03,Chennai,2100,2023-09-09,2023-09-09,0,0,30,0.688,0.425,0,5,9,0,5190267.6,5190267.6
DISP2386,CR Coil,BLC,46,2521.71,88.42,CMO05,Hyderabad,1600,2023-02-24,2023-02-26,2,1,61,0.772,0.372,0,4,2,1380000,4841683.2,6221683.2
DISP2387,TMT Bar,BLC,40,2403.01,96.9,CMO07,Pune,1750,2023-03-18,2023-03-21,3,1,5,0.946,0.765,0,5,3,1800000,5046321.0,6846321.0
DISP2388,Wire Rod,BOXN,56,2963.09,91.23,CMO05,Hyderabad,1600,2023-09-09,2023-09-13,4,1,66,0.549,0.891,0,5,9,3360000,5689132.8,9049132.8
DISP2389,Plate,BOXN,52,2974.52,98.62,CMO02,Mumbai,1800,2023-09-04,2023-09-07,3,1,20,0.654,0.955,0,0,9,2340000,6424963.2,8764963.2
DISP2390,Wire Rod,BOXN,51,2545.03,86.04,CMO01,Delhi,1200,2023-06-24,2023-06-25,1,1,15,0.873,0.832,0,5,6,765000,3664843.2,4429843.2
DISP2391,Plate,BLC,46,2252.11,78.97,CMO01,Delhi,1200,2023-07-19,2023-07-21,2,1,18,0.704,0.551,0,2,7,1380000,3243038.4,4623038.4
DISP2392,Structurals,BOBYN,41,1864.5,75.79,CMO02,Mumbai,1800,2023-10-31,2023-10-31,0,0,35,0.591,0.344,1,1,10,0,4027320.0,4027320.0
DISP2393,TMT Bar,BOST,54,2672.93,99.0,CMO04,Kolkata,350,2023-01-09,2023-01-09,0,0,9,0.471,0.536,0,0,1,0,1122630.6,1122630.6
DISP2394,Wire Rod,BOBYN,56,2814.04,83.75,CMO01,Delhi,1200,2023-12-14,2023-12-14,0,0,73,0.319,0.706,0,3,12,0,4052217.6,4052217.6
DISP2395,HR Coil,BOBYN,55,2957.29,89.61,CMO06,Ahmedabad,1900,2023-08-30,2023-09-02,3,1,10,0.394,0.754,1,2,8,2475000,6742621.2,9217621.2
DISP2396,TMT Bar,BOXN,54,2766.71,88.34,CMO07,Pune,1750,2023-10-30,2023-11-01,2,1,13,0.854,0.374,1,0,10,1620000,5810091.0,7430091.0
DISP2397,CR Coil,BOBYN,53,2547.83,80.12,CMO01,Delhi,1200,2023-12-14,2023-12-15,1,1,56,0.459,0.983,0,3,12,795000,3668875.2,4463875.2
DISP2398,Semis,BOBYN,41,2159.7,87.79,CMO07,Pune,1750,2023-06-21,2023-06-21,0,0,13,0.297,0.399,0,2,6,0,4535370.0,4535370.0
DISP2399,Structurals,BOST,45,1871.1,83.16,CMO03,Chennai,2100,2023-10-25,2023-10-27,2,1,10,0.307,0.854,1,2,10,1350000,4715172.0,6065172.0
DISP2400,CR Coil,BLC,42,1827.76,70.19,CMO01,Delhi,1200,2023-04-02,2023-04-04,2,1,16,0.765,0.716,0,6,4,1260000,2631974.4,3891974.4
DISP2401,Semis,BLC,44,2078.32,76.18,CMO07,Pune,1750,2023-11-24,2023-11-24,0,0,39,0.618,0.588,0,4,11,0,4364472.0,4364472.0
DISP2402,Plate,BOXN,45,2388.57,91.52,CMO06,Ahmedabad,1900,2023-11-10,2023-11-11,1,1,16,0.702,0.848,0,4,11,675000,5445939.6,6120939.6
DISP2403,CR Coil,BOXN,56,3225.39,99.3,CMO02,Mumbai,1800,2023-11-13,2023-11-15,2,1,51,0.89,0.991,0,0,11,1680000,6966842.4,8646842.4
DISP2404,Structurals,BOBYN,48,2061.85,71.59,CMO06,Ahmedabad,1900,2023-02-27,2023-03-01,2,1,24,0.748,0.978,1,0,2,1440000,4701018.0,6141018.0
DISP2405,Structurals,BOXN,51,2323.57,78.55,CMO01,Delhi,1200,2023-08-11,2023-08-11,0,0,37,0.467,0.864,0,4,8,0,3345940.8,3345940.8
DISP2406,HR Coil,BOXN,57,2488.65,75.28,CMO01,Delhi,1200,2023-01-15,2023-01-16,1,1,67,0.612,0.35,0,6,1,855000,3583656.0,4438656.0
DISP2407,Plate,BLC,46,2635.61,92.41,CMO03,Chennai,2100,2023-06-16,2023-06-18,2,1,34,0.823,0.528,0,4,6,1380000,6641737.2,8021737.2
DISP2408,Semis,BLC,47,2104.08,72.21,CMO02,Mumbai,1800,2023-10-27,2023-10-30,3,1,67,0.243,0.605,1,4,10,2115000,4544812.8,6659812.8
DISP2409,CR Coil,BCN,44,2026.32,83.73,CMO04,Kolkata,350,2023-04-10,2023-04-12,2,1,50,0.98,0.442,0,0,4,1320000,851054.4,2171054.4
DISP2410,HR Coil,BOBYN,43,2465.18,95.55,CMO03,Chennai,2100,2023-08-23,2023-08-23,0,0,58,0.337,0.541,0,2,8,0,6212253.6,6212253.6
DISP2411,Plate,BOST,45,1965.23,87.34,CMO02,Mumbai,1800,2023-10-11,2023-10-16,5,1,34,0.269,0.9,0,2,10,3375000,4244896.8,7619896.8
DISP2412,Plate,BLC,48,2096.15,70.44,CMO04,Kolkata,350,2023-08-08,2023-08-12,4,1,36,0.398,0.604,0,1,8,2880000,880383.0,3760383.0
DISP2413,CR Coil,BOXN,53,3055.73,99.41,CMO05,Hyderabad,1600,2023-01-21,2023-01-22,1,1,65,0.787,0.653,0,5,1,795000,5867001.6,6662001.6
DISP2414,Semis,BOXN,54,2657.77,84.86,CMO07,Pune,1750,2023-02-12,2023-02-13,1,1,76,0.802,0.785,0,6,2,810000,5581317.0,6391317.0
DISP2415,TMT Bar,BOBYN,42,1776.04,70.48,CMO03,Chennai,2100,2023-12-09,2023-12-09,0,0,44,0.329,0.621,0,5,12,0,4475620.8,4475620.8
DISP2416,Plate,BLC,54,3118.83,93.16,CMO01,Delhi,1200,2023-12-27,2023-12-31,4,1,56,0.348,0.91,1,2,12,3240000,4491115.2,7731115.2
DISP2417,HR Coil,BOXN,52,2919.58,96.8,CMO07,Pune,1750,2023-06-20,2023-06-24,4,1,72,0.226,0.598,0,1,6,3120000,6131118.0,9251118.0
DISP2418,Plate,BOBYN,42,2233.06,88.61,CMO05,Hyderabad,1600,2023-06-21,2023-06-22,1,1,12,0.612,0.937,0,2,6,630000,4287475.2,4917475.2
DISP2419,Wire Rod,BLC,41,2058.18,80.97,CMO03,Chennai,2100,2023-03-31,2023-04-01,1,1,76,0.764,0.693,1,4,3,615000,5186613.6,5801613.6
DISP2420,TMT Bar,BOST,43,1923.63,89.47,CMO02,Mumbai,1800,2023-10-25,2023-10-29,4,1,31,0.803,0.833,1,2,10,2580000,4155040.8,6735040.8
DISP2421,Plate,BLC,48,2131.82,71.63,CMO06,Ahmedabad,1900,2023-07-10,2023-07-10,0,0,49,0.562,0.651,0,0,7,0,4860549.6,4860549.6
DISP2422,Wire Rod,BOST,57,2764.03,96.98,CMO06,Ahmedabad,1900,2023-08-20,2023-08-20,0,0,52,0.84,0.962,0,6,8,0,6301988.4,6301988.4
DISP2423,HR Coil,BLC,42,1885.43,72.41,CMO02,Mumbai,1800,2023-04-02,2023-04-03,1,1,41,0.967,0.354,0,6,4,630000,4072528.8,4702528.8
DISP2424,CR Coil,BOBYN,46,2363.13,85.62,CMO04,Kolkata,350,2023-11-18,2023-11-18,0,0,7,0.435,0.979,0,5,11,0,992514.6,992514.6
DISP2425,CR Coil,BCN,53,2428.66,83.32,CMO04,Kolkata,350,2023-11-27,2023-11-27,0,0,7,0.433,0.344,1,0,11,0,1020037.2,1020037.2
DISP2426,CR Coil,BOST,50,2058.77,82.35,CMO07,Pune,1750,2023-06-25,2023-06-28,3,1,46,0.589,0.766,1,6,6,2250000,4323417.0,6573417.0
DISP2427,Wire Rod,BOST,44,2132.87,96.95,CMO03,Chennai,2100,2023-06-06,2023-06-06,0,0,26,0.831,0.459,0,1,6,0,5374832.4,5374832.4
DISP2428,TMT Bar,BOXN,44,2056.75,80.59,CMO07,Pune,1750,2023-08-22,2023-08-22,0,0,26,0.695,0.413,0,1,8,0,4319175.0,4319175.0
DISP2429,CR Coil,BOBYN,45,2082.7,77.14,CMO02,Mumbai,1800,2023-01-22,2023-01-22,0,0,45,0.66,0.609,0,6,1,0,4498632.0,4498632.0
DISP2430,CR Coil,BOXN,50,2880.88,99.34,CMO05,Hyderabad,1600,2023-03-17,2023-03-18,1,1,52,0.559,0.983,0,4,3,750000,5531289.6,6281289.6
DISP2431,HR Coil,BLC,44,2685.27,98.43,CMO04,Kolkata,350,2023-06-13,2023-06-13,0,0,24,0.203,0.817,0,1,6,0,1127813.4,1127813.4
DISP2432,TMT Bar,BCN,55,2930.6,96.88,CMO06,Ahmedabad,1900,2023-10-21,2023-10-21,0,0,23,0.84,0.81,0,5,10,0,6681768.0,6681768.0
DISP2433,TMT Bar,BOXN,55,3094.47,97.01,CMO06,Ahmedabad,1900,2023-03-13,2023-03-15,2,1,75,0.294,0.317,0,0,3,1650000,7055391.6,8705391.6
DISP2434,TMT Bar,BCN,41,1989.91,88.24,CMO01,Delhi,1200,2023-04-10,2023-04-10,0,0,79,0.621,0.847,0,0,4,0,2865470.4,2865470.4
DISP2435,CR Coil,BOXN,57,3156.69,95.48,CMO01,Delhi,1200,2023-12-13,2023-12-13,0,0,16,0.981,0.576,0,2,12,0,4545633.6,4545633.6
DISP2436,Plate,BOST,41,1993.69,97.25,CMO05,Hyderabad,1600,2023-07-04,2023-07-06,2,1,55,0.318,0.898,0,1,7,1230000,3827884.8,5057884.8
DISP2437,TMT Bar,BCN,49,2676.83,99.33,CMO03,Chennai,2100,2023-10-15,2023-10-15,0,0,16,0.373,0.921,0,6,10,0,6745611.6,6745611.6
DISP2438,Wire Rod,BLC,49,2275.88,74.91,CMO07,Pune,1750,2023-08-06,2023-08-07,1,1,58,0.312,0.711,0,6,8,735000,4779348.0,5514348.0
DISP2439,Wire Rod,BOST,50,1799.59,71.98,CMO07,Pune,1750,2023-10-30,2023-10-30,0,0,53,0.271,0.587,1,0,10,0,3779139.0,3779139.0
DISP2440,Wire Rod,BOST,54,2465.3,91.31,CMO02,Mumbai,1800,2023-03-12,2023-03-12,0,0,30,0.349,0.567,0,6,3,0,5325048.0,5325048.0
DISP2441,HR Coil,BCN,58,2523.85,79.12,CMO07,Pune,1750,2023-10-14,2023-10-16,2,1,64,0.38,0.854,0,5,10,1740000,5300085.0,7040085.0
DISP2442,Structurals,BLC,43,2389.12,89.61,CMO07,Pune,1750,2023-05-28,2023-05-29,1,1,58,0.343,0.935,1,6,5,645000,5017152.0,5662152.0
DISP2443,Semis,BLC,42,2290.65,87.97,CMO03,Chennai,2100,2023-07-05,2023-07-07,2,1,79,0.584,0.605,0,2,7,1260000,5772438.0,7032438.0
DISP2444,Structurals,BOXN,51,2525.42,85.38,CMO07,Pune,1750,2023-10-22,2023-10-23,1,1,7,0.876,0.414,0,6,10,765000,5303382.0,6068382.0
DISP2445,Structurals,BCN,45,1771.77,71.59,CMO02,Mumbai,1800,2023-07-04,2023-07-05,1,1,58,0.709,0.969,0,1,7,675000,3827023.2,4502023.2
DISP2446,Structurals,BOST,46,2138.85,92.99,CMO01,Delhi,1200,2023-04-04,2023-04-04,0,0,17,0.679,0.417,0,1,4,0,3079944.0,3079944.0
DISP2447,TMT Bar,BCN,48,2390.87,90.56,CMO07,Pune,1750,2023-12-19,2023-12-19,0,0,51,0.277,0.706,0,1,12,0,5020827.0,5020827.0
DISP2448,HR Coil,BOST,49,1989.17,81.19,CMO02,Mumbai,1800,2023-09-06,2023-09-07,1,1,57,0.472,0.938,0,2,9,735000,4296607.2,5031607.2
DISP2449,CR Coil,BOBYN,57,3023.38,88.4,CMO07,Pune,1750,2023-09-27,2023-09-30,3,1,73,0.77,0.792,1,2,9,2565000,6349098.0,8914098.0
DISP2450,HR Coil,BOBYN,40,2025.25,84.39,CMO01,Delhi,1200,2023-06-09,2023-06-09,0,0,51,0.311,0.609,0,4,6,0,2916360.0,2916360.0
DISP2451,Plate,BCN,45,2259.6,91.3,CMO07,Pune,1750,2023-01-15,2023-01-16,1,1,20,0.378,0.9,0,6,1,675000,4745160.0,5420160.0
DISP2452,CR Coil,BOBYN,42,2085.15,82.74,CMO02,Mumbai,1800,2023-02-27,2023-02-28,1,1,14,0.215,0.639,1,0,2,630000,4503924.0,5133924.0
DISP2453,HR Coil,BOST,58,2081.56,71.78,CMO07,Pune,1750,2023-03-02,2023-03-03,1,1,37,0.235,0.511,0,3,3,870000,4371276.0,5241276.0
DISP2454,HR Coil,BOBYN,58,3376.83,97.04,CMO05,Hyderabad,1600,2023-04-05,2023-04-05,0,0,49,0.223,0.402,0,2,4,0,6483513.6,6483513.6
DISP2455,TMT Bar,BCN,51,2098.61,74.82,CMO05,Hyderabad,1600,2023-09-14,2023-09-14,0,0,35,0.604,0.348,0,3,9,0,4029331.2,4029331.2
DISP2456,Semis,BOST,46,2103.91,91.47,CMO01,Delhi,1200,2023-05-25,2023-05-25,0,0,26,0.921,0.676,1,3,5,0,3029630.4,3029630.4
DISP2457,HR Coil,BOST,55,2227.33,80.99,CMO02,Mumbai,1800,2023-10-29,2023-10-31,2,1,28,0.552,0.97,1,6,10,1650000,4811032.8,6461032.8
DISP2458,Wire Rod,BOBYN,56,2581.37,76.83,CMO04,Kolkata,350,2023-02-27,2023-03-02,3,1,45,0.299,0.377,1,0,2,2520000,1084175.4,3604175.4
DISP2459,Structurals,BOST,41,1485.58,72.47,CMO03,Chennai,2100,2023-09-10,2023-09-10,0,0,19,0.508,0.62,0,6,9,0,3743661.6,3743661.6
DISP2460,Structurals,BLC,47,2524.03,86.62,CMO07,Pune,1750,2023-05-29,2023-05-29,0,0,59,0.351,0.349,1,0,5,0,5300463.0,5300463.0
DISP2461,Wire Rod,BCN,45,1741.99,70.38,CMO06,Ahmedabad,1900,2023-12-12,2023-12-15,3,1,67,0.738,0.577,0,1,12,2025000,3971737.2,5996737.2
DISP2462,HR Coil,BLC,52,2929.04,90.85,CMO02,Mumbai,1800,2023-02-22,2023-02-24,2,1,26,0.252,0.983,0,2,2,1560000,6326726.4,7886726.4
DISP2463,Wire Rod,BOBYN,53,2917.84,91.76,CMO01,Delhi,1200,2023-05-23,2023-05-23,0,0,79,0.675,0.829,0,1,5,0,4201689.6,4201689.6
DISP2464,Wire Rod,BLC,52,3211.93,99.63,CMO03,Chennai,2100,2023-09-19,2023-09-21,2,1,40,0.318,0.618,0,1,9,1560000,8094063.6,9654063.6
DISP2465,CR Coil,BOBYN,40,1751.71,72.99,CMO06,Ahmedabad,1900,2023-01-28,2023-01-30,2,1,13,0.599,0.319,1,5,1,1200000,3993898.8,5193898.8
DISP2466,TMT Bar,BCN,43,2194.84,92.81,CMO02,Mumbai,1800,2023-12-05,2023-12-08,3,1,71,0.814,0.855,0,1,12,1935000,4740854.4,6675854.4
DISP2467,Wire Rod,BCN,57,2517.67,80.31,CMO05,Hyderabad,1600,2023-10-04,2023-10-04,0,0,74,0.214,0.835,0,2,10,0,4833926.4,4833926.4
DISP2468,HR Coil,BLC,50,2963.17,95.59,CMO04,Kolkata,350,2023-08-15,2023-08-15,0,0,63,0.229,0.424,0,1,8,0,1244531.4,1244531.4
DISP2469,Semis,BOBYN,55,2736.37,82.92,CMO03,Chennai,2100,2023-06-09,2023-06-09,0,0,54,0.59,0.377,0,4,6,0,6895652.4,6895652.4
DISP2470,Structurals,BOST,58,2438.74,84.09,CMO05,Hyderabad,1600,2023-10-15,2023-10-15,0,0,25,0.605,0.574,0,6,10,0,4682380.8,4682380.8
DISP2471,Wire Rod,BCN,49,2145.61,79.61,CMO05,Hyderabad,1600,2023-01-15,2023-01-19,4,1,80,0.236,0.886,0,6,1,2940000,4119571.2,7059571.2
DISP2472,HR Coil,BCN,52,2085.53,72.92,CMO07,Pune,1750,2023-06-26,2023-06-27,1,1,50,0.53,0.34,1,0,6,780000,4379613.0,5159613.0
DISP2473,TMT Bar,BOXN,42,2340.22,96.07,CMO05,Hyderabad,1600,2023-02-28,2023-03-03,3,1,48,0.336,0.677,1,1,2,1890000,4493222.4,6383222.4
DISP2474,Wire Rod,BOST,53,2066.96,78.0,CMO05,Hyderabad,1600,2023-12-23,2023-12-25,2,1,65,0.67,0.99,0,5,12,1590000,3968563.2,5558563.2
DISP2475,Plate,BLC,43,2418.75,90.73,CMO01,Delhi,1200,2023-04-16,2023-04-16,0,0,48,0.597,0.868,0,6,4,0,3483000.0,3483000.0
DISP2476,CR Coil,BCN,51,2779.27,99.08,CMO05,Hyderabad,1600,2023-04-14,2023-04-18,4,1,68,0.708,0.982,0,4,4,3060000,5336198.4,8396198.4
DISP2477,CR Coil,BCN,41,1779.64,78.92,CMO03,Chennai,2100,2023-10-21,2023-10-21,0,0,56,0.844,0.737,0,5,10,0,4484692.8,4484692.8
DISP2478,Structurals,BOST,43,1886.75,87.76,CMO07,Pune,1750,2023-05-20,2023-05-20,0,0,13,0.653,0.672,0,5,5,0,3962175.0,3962175.0
DISP2479,TMT Bar,BOXN,49,2419.66,85.14,CMO07,Pune,1750,2023-06-03,2023-06-03,0,0,60,0.731,0.519,0,5,6,0,5081286.0,5081286.0
DISP2480,TMT Bar,BOST,54,2433.96,90.15,CMO05,Hyderabad,1600,2023-10-08,2023-10-08,0,0,28,0.905,0.739,0,6,10,0,4673203.2,4673203.2
DISP2481,CR Coil,BLC,46,2561.79,89.82,CMO05,Hyderabad,1600,2023-08-28,2023-08-28,0,0,39,0.95,0.673,1,0,8,0,4918636.8,4918636.8
DISP2482,Semis,BOST,41,1756.2,85.67,CMO04,Kolkata,350,2023-07-06,2023-07-06,0,0,64,0.318,0.405,0,3,7,0,737604.0,737604.0
DISP2483,TMT Bar,BLC,53,2614.33,79.56,CMO07,Pune,1750,2023-02-02,2023-02-02,0,0,31,0.877,0.487,0,3,2,0,5490093.0,5490093.0
DISP2484,CR Coil,BOST,47,1931.14,82.18,CMO03,Chennai,2100,2023-02-28,2023-02-28,0,0,24,0.354,0.472,1,1,2,0,4866472.8,4866472.8
DISP2485,Wire Rod,BOST,53,2190.51,82.66,CMO04,Kolkata,350,2023-01-19,2023-01-19,0,0,30,0.327,0.396,0,3,1,0,920014.2,920014.2
DISP2486,Semis,BOST,45,2009.9,89.33,CMO03,Chennai,2100,2023-01-22,2023-01-22,0,0,67,0.826,0.339,0,6,1,0,5064948.0,5064948.0
DISP2487,TMT Bar,BCN,42,2241.1,97.02,CMO05,Hyderabad,1600,2023-07-28,2023-08-01,4,1,51,0.737,0.92,1,4,7,2520000,4302912.0,6822912.0
DISP2488,Semis,BOBYN,43,2247.93,87.13,CMO02,Mumbai,1800,2023-09-14,2023-09-14,0,0,20,0.618,0.88,0,3,9,0,4855528.8,4855528.8
DISP2489,Plate,BLC,42,2008.79,77.14,CMO03,Chennai,2100,2023-03-04,2023-03-07,3,1,45,0.463,0.709,0,5,3,1890000,5062150.8,6952150.8
DISP2490,CR Coil,BOBYN,44,1932.6,73.2,CMO04,Kolkata,350,2023-04-20,2023-04-20,0,0,40,0.552,0.478,0,3,4,0,811692.0,811692.0
DISP2491,Wire Rod,BCN,43,1880.05,79.49,CMO05,Hyderabad,1600,2023-08-05,2023-08-05,0,0,65,0.746,0.974,0,5,8,0,3609696.0,3609696.0
DISP2492,CR Coil,BLC,51,2992.55,94.64,CMO03,Chennai,2100,2023-01-11,2023-01-11,0,0,9,0.873,0.764,0,2,1,0,7541226.0,7541226.0
DISP2493,Structurals,BOBYN,48,2493.56,86.58,CMO07,Pune,1750,2023-06-08,2023-06-08,0,0,51,0.923,0.78,0,3,6,0,5236476.0,5236476.0
DISP2494,CR Coil,BLC,52,2264.41,70.24,CMO07,Pune,1750,2023-07-21,2023-07-21,0,0,37,0.441,0.955,0,4,7,0,4755261.0,4755261.0
DISP2495,TMT Bar,BOBYN,54,2881.67,88.94,CMO02,Mumbai,1800,2023-11-26,2023-11-30,4,1,57,0.831,0.492,1,6,11,3240000,6224407.2,9464407.2
DISP2496,Wire Rod,BLC,50,2837.17,91.52,CMO04,Kolkata,350,2023-02-21,2023-02-21,0,0,25,0.759,0.654,0,1,2,0,1191611.4,1191611.4
DISP2497,Plate,BOST,50,2089.95,83.6,CMO06,Ahmedabad,1900,2023-01-15,2023-01-15,0,0,11,0.713,0.429,0,6,1,0,4765086.0,4765086.0
DISP2498,Structurals,BOXN,52,2292.23,76.0,CMO02,Mumbai,1800,2023-06-06,2023-06-06,0,0,45,0.661,0.378,0,1,6,0,4951216.8,4951216.8
DISP2499,Structurals,BOBYN,53,2982.18,93.78,CMO07,Pune,1750,2023-06-13,2023-06-15,2,1,62,0.583,0.815,0,1,6,1590000,6262578.0,7852578.0
DISP2500,Semis,BCN,46,1835.06,72.53,CMO03,Chennai,2100,2023-07-08,2023-07-08,0,0,28,0.515,0.564,0,5,7,0,4624351.2,4624351.2
DISP2501,Plate,BOXN,40,2266.49,97.69,CMO02,Mumbai,1800,2023-11-28,2023-12-02,4,1,34,0.925,0.982,1,1,11,2400000,4895618.4,7295618.4
DISP2502,CR Coil,BLC,53,2892.07,88.01,CMO01,Delhi,1200,2023-03-18,2023-03-18,0,0,16,0.966,0.419,0,5,3,0,4164580.8,4164580.8
DISP2503,HR Coil,BOST,53,2469.82,93.2,CMO06,Ahmedabad,1900,2023-08-21,2023-08-25,4,1,68,0.295,0.799,0,0,8,3180000,5631189.6,8811189.6
DISP2504,Semis,BCN,55,2464.23,81.46,CMO03,Chennai,2100,2023-08-09,2023-08-11,2,1,31,0.68,0.997,0,2,8,1650000,6209859.6,7859859.6
DISP2505,Wire Rod,BLC,44,1933.15,70.86,CMO02,Mumbai,1800,2023-05-15,2023-05-17,2,1,35,0.694,0.935,0,0,5,1320000,4175604.0,5495604.0
DISP2506,Wire Rod,BOXN,55,2360.48,74.0,CMO01,Delhi,1200,2023-06-15,2023-06-15,0,0,55,0.749,0.799,0,3,6,0,3399091.2,3399091.2
DISP2507,Structurals,BCN,42,1683.03,72.86,CMO05,Hyderabad,1600,2023-01-31,2023-01-31,0,0,11,0.466,0.464,1,1,1,0,3231417.6,3231417.6
DISP2508,Plate,BOST,41,1438.3,70.16,CMO06,Ahmedabad,1900,2023-09-16,2023-09-21,5,1,53,0.442,0.576,0,5,9,3075000,3279324.0,6354324.0
DISP2509,Plate,BOST,45,1750.7,77.81,CMO01,Delhi,1200,2023-09-15,2023-09-17,2,1,68,0.944,0.915,0,4,9,1350000,2521008.0,3871008.0
DISP2510,Plate,BOBYN,48,2116.95,73.51,CMO04,Kolkata,350,2023-01-23,2023-01-24,1,1,21,0.599,0.981,0,0,1,720000,889119.0,1609119.0
DISP2511,Wire Rod,BCN,48,2257.44,85.51,CMO03,Chennai,2100,2023-08-12,2023-08-12,0,0,26,0.452,0.996,0,5,8,0,5688748.8,5688748.8
DISP2512,CR Coil,BLC,41,1923.47,75.67,CMO05,Hyderabad,1600,2023-01-28,2023-01-31,3,1,34,0.347,0.629,1,5,1,1845000,3693062.4,5538062.4
DISP2513,HR Coil,BOXN,54,2527.39,80.7,CMO04,Kolkata,350,2023-12-30,2024-01-03,4,1,76,0.588,0.645,1,5,12,3240000,1061503.8,4301503.8
DISP2514,HR Coil,BOXN,46,2562.49,96.05,CMO03,Chennai,2100,2023-04-03,2023-04-03,0,0,26,0.8,0.876,0,0,4,0,6457474.8,6457474.8
DISP2515,Structurals,BOBYN,58,3477.92,99.94,CMO05,Hyderabad,1600,2023-01-03,2023-01-03,0,0,72,0.813,0.426,0,1,1,0,6677606.4,6677606.4
DISP2516,CR Coil,BLC,43,2575.92,96.62,CMO07,Pune,1750,2023-01-14,2023-01-16,2,1,41,0.745,0.776,0,5,1,1290000,5409432.0,6699432.0
DISP2517,HR Coil,BCN,44,1714.96,70.87,CMO07,Pune,1750,2023-08-24,2023-08-25,1,1,66,0.563,0.969,0,3,8,660000,3601416.0,4261416.0
DISP2518,HR Coil,BOST,54,2153.18,79.75,CMO06,Ahmedabad,1900,2023-10-19,2023-10-19,0,0,21,0.369,0.334,0,3,10,0,4909250.4,4909250.4
DISP2519,TMT Bar,BOXN,42,2105.06,86.41,CMO07,Pune,1750,2023-11-05,2023-11-07,2,1,53,0.274,0.479,0,6,11,1260000,4420626.0,5680626.0
DISP2520,Wire Rod,BOXN,46,1998.02,74.89,CMO01,Delhi,1200,2023-07-26,2023-07-27,1,1,41,0.718,0.968,1,2,7,690000,2877148.8,3567148.8
DISP2521,Semis,BCN,44,1954.67,80.77,CMO04,Kolkata,350,2023-02-19,2023-02-19,0,0,52,0.61,0.643,0,6,2,0,820961.4,820961.4
DISP2522,Wire Rod,BOST,53,1926.73,72.71,CMO03,Chennai,2100,2023-08-05,2023-08-06,1,1,52,0.691,0.604,0,5,8,795000,4855359.6,5650359.6
DISP2523,TMT Bar,BOBYN,44,2585.09,97.92,CMO04,Kolkata,350,2023-09-27,2023-10-01,4,1,72,0.267,0.628,1,2,9,2640000,1085737.8,3725737.8
DISP2524,TMT Bar,BOBYN,49,2800.24,95.25,CMO02,Mumbai,1800,2023-09-25,2023-09-26,1,1,59,0.436,0.333,1,0,9,735000,6048518.4,6783518.4
DISP2525,HR Coil,BLC,53,2393.34,72.83,CMO05,Hyderabad,1600,2023-12-05,2023-12-05,0,0,77,0.85,0.549,0,1,12,0,4595212.8,4595212.8
DISP2526,Semis,BOXN,43,2299.85,92.22,CMO05,Hyderabad,1600,2023-08-25,2023-08-28,3,1,27,0.829,0.89,1,4,8,1935000,4415712.0,6350712.0
DISP2527,Structurals,BCN,58,2925.96,91.72,CMO03,Chennai,2100,2023-12-10,2023-12-10,0,0,62,0.699,0.486,0,6,12,0,7373419.2,7373419.2
DISP2528,Semis,BOBYN,46,2085.25,75.55,CMO07,Pune,1750,2023-11-06,2023-11-06,0,0,38,0.897,0.374,0,0,11,0,4379025.0,4379025.0
DISP2529,HR Coil,BOXN,40,1743.53,75.15,CMO04,Kolkata,350,2023-09-02,2023-09-02,0,0,63,0.753,0.908,0,5,9,0,732282.6,732282.6
DISP2530,Plate,BLC,49,2690.3,88.55,CMO06,Ahmedabad,1900,2023-11-12,2023-11-16,4,1,51,0.753,0.974,0,6,11,2940000,6133884.0,9073884.0
DISP2531,HR Coil,BOBYN,40,1817.38,75.72,CMO02,Mumbai,1800,2023-01-09,2023-01-09,0,0,29,0.887,0.446,0,0,1,0,3925540.8,3925540.8
DISP2532,Structurals,BLC,57,2676.21,75.73,CMO02,Mumbai,1800,2023-06-04,2023-06-07,3,1,64,0.319,0.595,0,6,6,2565000,5780613.6,8345613.6
DISP2533,Structurals,BLC,55,2869.33,84.14,CMO06,Ahmedabad,1900,2023-08-19,2023-08-19,0,0,79,0.394,0.506,0,5,8,0,6542072.4,6542072.4
DISP2534,Wire Rod,BCN,40,1607.76,73.08,CMO01,Delhi,1200,2023-08-10,2023-08-10,0,0,58,0.879,0.816,0,3,8,0,2315174.4,2315174.4
DISP2535,Plate,BOXN,55,2615.49,81.99,CMO03,Chennai,2100,2023-09-20,2023-09-20,0,0,80,0.78,0.955,0,2,9,0,6591034.8,6591034.8
DISP2536,Semis,BOBYN,41,2111.89,85.85,CMO04,Kolkata,350,2023-08-05,2023-08-05,0,0,78,0.453,0.344,0,5,8,0,886993.8,886993.8
DISP2537,Wire Rod,BOXN,55,2828.92,88.68,CMO04,Kolkata,350,2023-11-27,2023-11-30,3,1,49,0.559,0.605,1,0,11,2475000,1188146.4,3663146.4
DISP2538,Wire Rod,BLC,47,2483.58,85.23,CMO03,Chennai,2100,2023-10-28,2023-10-31,3,1,48,0.937,0.897,1,5,10,2115000,6258621.6,8373621.6
DISP2539,TMT Bar,BLC,53,3121.45,94.99,CMO06,Ahmedabad,1900,2023-12-11,2023-12-11,0,0,51,0.837,0.86,0,0,12,0,7116906.0,7116906.0
DISP2540,Plate,BCN,42,2079.27,90.01,CMO02,Mumbai,1800,2023-03-08,2023-03-10,2,1,27,0.36,0.724,0,2,3,1260000,4491223.2,5751223.2
DISP2541,Wire Rod,BOBYN,46,2393.06,86.71,CMO03,Chennai,2100,2023-01-10,2023-01-13,3,1,50,0.905,0.55,0,1,1,2070000,6030511.2,8100511.2
DISP2542,Plate,BOXN,50,2404.64,82.92,CMO01,Delhi,1200,2023-11-13,2023-11-13,0,0,34,0.297,0.457,0,0,11,0,3462681.6,3462681.6
DISP2543,TMT Bar,BCN,41,2099.47,93.1,CMO07,Pune,1750,2023-10-13,2023-10-13,0,0,39,0.917,0.897,0,4,10,0,4408887.0,4408887.0
DISP2544,Plate,BOXN,41,2325.66,97.8,CMO06,Ahmedabad,1900,2023-08-13,2023-08-13,0,0,63,0.97,0.829,0,6,8,0,5302504.8,5302504.8
DISP2545,Semis,BOST,43,2036.23,94.71,CMO05,Hyderabad,1600,2023-01-22,2023-01-22,0,0,69,0.284,0.741,0,6,1,0,3909561.6,3909561.6
DISP2546,TMT Bar,BCN,54,2757.91,92.86,CMO02,Mumbai,1800,2023-09-13,2023-09-13,0,0,17,0.323,0.555,0,2,9,0,5957085.6,5957085.6
DISP2547,HR Coil,BOBYN,54,3210.49,99.09,CMO07,Pune,1750,2023-01-04,2023-01-04,0,0,36,0.868,0.632,0,2,1,0,6742029.0,6742029.0
DISP2548,CR Coil,BCN,51,2565.34,91.46,CMO01,Delhi,1200,2023-08-01,2023-08-01,0,0,51,0.704,0.472,0,1,8,0,3694089.6,3694089.6
DISP2549,Plate,BOBYN,44,2483.0,94.05,CMO04,Kolkata,350,2023-07-31,2023-08-03,3,1,57,0.918,0.966,1,0,7,1980000,1042860.0,3022860.0
DISP2550,HR Coil,BOBYN,40,2196.69,91.53,CMO04,Kolkata,350,2023-09-22,2023-09-22,0,0,13,0.268,0.52,0,4,9,0,922609.8,922609.8
DISP2551,CR Coil,BOXN,52,2798.12,92.78,CMO04,Kolkata,350,2023-12-05,2023-12-05,0,0,24,0.922,0.34,0,1,12,0,1175210.4,1175210.4
DISP2552,Structurals,BOST,49,2023.19,82.58,CMO07,Pune,1750,2023-12-15,2023-12-17,2,1,75,0.899,0.805,0,4,12,1470000,4248699.0,5718699.0
DISP2553,Semis,BOST,44,2002.19,91.01,CMO03,Chennai,2100,2023-08-17,2023-08-17,0,0,31,0.91,0.737,0,3,8,0,5045518.8,5045518.8
DISP2554,Wire Rod,BCN,52,2667.29,93.26,CMO06,Ahmedabad,1900,2023-06-04,2023-06-04,0,0,15,0.23,0.534,0,6,6,0,6081421.2,6081421.2
DISP2555,Structurals,BOST,57,2237.76,78.52,CMO02,Mumbai,1800,2023-02-17,2023-02-17,0,0,70,0.641,0.665,0,4,2,0,4833561.6,4833561.6
DISP2556,CR Coil,BOXN,57,2901.85,87.78,CMO01,Delhi,1200,2023-05-04,2023-05-05,1,1,43,0.781,0.991,0,3,5,855000,4178664.0,5033664.0
DISP2557,TMT Bar,BOST,51,1879.72,73.71,CMO03,Chennai,2100,2023-11-30,2023-12-02,2,1,20,0.559,0.701,1,3,11,1530000,4736894.4,6266894.4
DISP2558,CR Coil,BOST,58,2651.74,91.44,CMO07,Pune,1750,2023-11-18,2023-11-20,2,1,73,0.876,0.464,0,5,11,1740000,5568654.0,7308654.0
DISP2559,Semis,BOST,44,2011.47,91.43,CMO06,Ahmedabad,1900,2023-09-24,2023-09-27,3,1,36,0.284,0.662,0,6,9,1980000,4586151.6,6566151.6
DISP2560,Wire Rod,BOBYN,53,3016.33,94.85,CMO01,Delhi,1200,2023-02-11,2023-02-14,3,1,16,0.25,0.922,0,5,2,2385000,4343515.2,6728515.2
DISP2561,TMT Bar,BOST,52,2278.83,87.65,CMO06,Ahmedabad,1900,2023-09-23,2023-09-28,5,1,55,0.898,0.709,0,5,9,3900000,5195732.4,9095732.4
DISP2562,Structurals,BLC,45,2073.82,74.33,CMO04,Kolkata,350,2023-03-07,2023-03-07,0,0,67,0.769,0.391,0,1,3,0,871004.4,871004.4
DISP2563,Semis,BOXN,46,2232.13,83.66,CMO05,Hyderabad,1600,2023-01-17,2023-01-17,0,0,25,0.955,0.559,0,1,1,0,4285689.6,4285689.6
DISP2564,Plate,BLC,43,1962.87,73.63,CMO07,Pune,1750,2023-10-20,2023-10-25,5,1,42,0.232,0.407,0,4,10,3225000,4122027.0,7347027.0
DISP2565,TMT Bar,BLC,40,2324.66,93.74,CMO03,Chennai,2100,2023-03-14,2023-03-16,2,1,80,0.537,0.956,0,1,3,1200000,5858143.2,7058143.2
DISP2566,CR Coil,BLC,40,1827.01,73.67,CMO07,Pune,1750,2023-06-28,2023-06-28,0,0,13,0.896,0.592,1,2,6,0,3836721.0,3836721.0
DISP2567,Plate,BCN,52,2409.75,84.26,CMO04,Kolkata,350,2023-11-07,2023-11-07,0,0,21,0.81,0.653,0,1,11,0,1012095.0,1012095.0
DISP2568,Wire Rod,BLC,44,2618.62,95.99,CMO06,Ahmedabad,1900,2023-06-16,2023-06-16,0,0,16,0.84,0.765,0,4,6,0,5970453.6,5970453.6
DISP2569,CR Coil,BCN,57,2237.59,71.37,CMO04,Kolkata,350,2023-12-10,2023-12-10,0,0,61,0.789,0.752,0,6,12,0,939787.8,939787.8
DISP2570,Structurals,BOST,49,2127.37,86.83,CMO01,Delhi,1200,2023-03-05,2023-03-09,4,1,76,0.268,0.969,0,6,3,2940000,3063412.8,6003412.8
DISP2571,Plate,BOBYN,55,2807.61,85.08,CMO05,Hyderabad,1600,2023-01-10,2023-01-10,0,0,20,0.727,0.672,0,1,1,0,5390611.2,5390611.2
DISP2572,TMT Bar,BOBYN,47,2675.92,94.89,CMO07,Pune,1750,2023-10-24,2023-10-26,2,1,61,0.268,0.673,0,1,10,1410000,5619432.0,7029432.0
DISP2573,Wire Rod,BOXN,50,2410.21,83.11,CMO07,Pune,1750,2023-08-01,2023-08-01,0,0,8,0.888,0.522,0,1,8,0,5061441.0,5061441.0
DISP2574,HR Coil,BOST,45,1767.61,78.56,CMO01,Delhi,1200,2023-04-04,2023-04-04,0,0,37,0.815,0.408,0,1,4,0,2545358.4,2545358.4
DISP2575,Structurals,BOXN,50,2187.87,75.44,CMO02,Mumbai,1800,2023-01-30,2023-01-31,1,1,43,0.512,0.524,1,0,1,750000,4725799.2,5475799.2
DISP2576,Wire Rod,BOXN,41,1809.11,76.08,CMO07,Pune,1750,2023-11-02,2023-11-02,0,0,80,0.389,0.656,0,3,11,0,3799131.0,3799131.0
DISP2577,HR Coil,BOXN,50,2434.4,83.94,CMO03,Chennai,2100,2023-07-28,2023-08-01,4,1,13,0.587,0.585,1,4,7,3000000,6134688.0,9134688.0
DISP2578,TMT Bar,BOST,43,1663.87,77.39,CMO05,Hyderabad,1600,2023-10-12,2023-10-14,2,1,21,0.444,0.585,0,3,10,1290000,3194630.4,4484630.4
DISP2579,CR Coil,BOBYN,51,2638.12,86.21,CMO07,Pune,1750,2023-03-28,2023-03-28,0,0,36,0.63,0.597,1,1,3,0,5540052.0,5540052.0
DISP2580,Wire Rod,BOXN,54,3095.46,98.83,CMO01,Delhi,1200,2023-11-14,2023-11-18,4,1,42,0.722,0.417,0,1,11,3240000,4457462.4,7697462.4
DISP2581,TMT Bar,BCN,52,2859.35,99.98,CMO05,Hyderabad,1600,2023-11-20,2023-11-22,2,1,32,0.668,0.657,0,0,11,1560000,5489952.0,7049952.0
DISP2582,Plate,BCN,42,1890.95,81.86,CMO01,Delhi,1200,2023-03-04,2023-03-04,0,0,22,0.78,0.999,0,5,3,0,2722968.0,2722968.0
DISP2583,CR Coil,BOST,50,2412.95,96.52,CMO05,Hyderabad,1600,2023-06-25,2023-06-28,3,1,38,0.984,0.795,1,6,6,2250000,4632864.0,6882864.0
DISP2584,TMT Bar,BOBYN,54,3200.14,98.77,CMO03,Chennai,2100,2023-06-18,2023-06-18,0,0,7,0.931,0.394,0,6,6,0,8064352.8,8064352.8
DISP2585,Plate,BOXN,40,2092.2,90.18,CMO04,Kolkata,350,2023-07-31,2023-07-31,0,0,76,0.916,0.792,1,0,7,0,878724.0,878724.0
DISP2586,Plate,BOXN,57,2344.89,70.93,CMO01,Delhi,1200,2023-12-10,2023-12-10,0,0,61,0.738,0.547,0,6,12,0,3376641.6,3376641.6
DISP2587,Semis,BCN,52,2154.03,75.32,CMO05,Hyderabad,1600,2023-12-23,2023-12-24,1,1,6,0.3,0.559,0,5,12,780000,4135737.6,4915737.6
DISP2588,Structurals,BCN,51,2124.66,75.75,CMO01,Delhi,1200,2023-11-11,2023-11-11,0,0,43,0.847,0.455,0,5,11,0,3059510.4,3059510.4
DISP2589,TMT Bar,BCN,55,2938.34,97.14,CMO01,Delhi,1200,2023-12-28,2023-12-29,1,1,31,0.206,0.989,1,3,12,825000,4231209.6,5056209.6
DISP2590,TMT Bar,BOST,55,2065.64,75.11,CMO05,Hyderabad,1600,2023-04-10,2023-04-12,2,1,77,0.738,0.722,0,0,4,1650000,3966028.8,5616028.8
DISP2591,Structurals,BOBYN,48,2822.6,98.01,CMO01,Delhi,1200,2023-04-27,2023-04-27,0,0,71,0.783,0.492,1,3,4,0,4064544.0,4064544.0
DISP2592,HR Coil,BOST,48,2170.09,90.42,CMO06,Ahmedabad,1900,2023-08-21,2023-08-21,0,0,5,0.95,0.749,0,0,8,0,4947805.2,4947805.2
DISP2593,HR Coil,BCN,53,2778.88,95.33,CMO07,Pune,1750,2023-07-28,2023-07-30,2,1,40,0.297,0.663,1,4,7,1590000,5835648.0,7425648.0
DISP2594,HR Coil,BOBYN,41,1927.11,78.34,CMO06,Ahmedabad,1900,2023-08-04,2023-08-05,1,1,73,0.559,0.304,0,4,8,615000,4393810.8,5008810.8
DISP2595,Plate,BOXN,47,2708.09,99.34,CMO07,Pune,1750,2023-08-05,2023-08-05,0,0,14,0.934,0.438,0,5,8,0,5686989.0,5686989.0
DISP2596,HR Coil,BOXN,40,1958.06,84.4,CMO06,Ahmedabad,1900,2023-01-13,2023-01-13,0,0,80,0.838,0.955,0,4,1,0,4464376.8,4464376.8
DISP2597,CR Coil,BLC,47,2877.99,98.76,CMO01,Delhi,1200,2023-01-28,2023-01-30,2,1,47,0.616,0.466,1,5,1,1410000,4144305.6,5554305.6
DISP2598,Wire Rod,BOXN,54,2736.37,87.37,CMO07,Pune,1750,2023-02-13,2023-02-13,0,0,12,0.933,0.564,0,0,2,0,5746377.0,5746377.0
DISP2599,Structurals,BOBYN,41,2400.31,97.57,CMO01,Delhi,1200,2023-08-15,2023-08-17,2,1,12,0.441,0.738,0,1,8,1230000,3456446.4,4686446.4
DISP2600,Plate,BCN,52,2346.64,82.05,CMO01,Delhi,1200,2023-11-13,2023-11-13,0,0,57,0.386,0.72,0,0,11,0,3379161.6,3379161.6
DISP2601,HR Coil,BLC,54,3142.26,93.85,CMO04,Kolkata,350,2023-11-14,2023-11-14,0,0,17,0.472,0.956,0,1,11,0,1319749.2,1319749.2
DISP2602,Wire Rod,BCN,58,2417.2,75.77,CMO05,Hyderabad,1600,2023-02-22,2023-02-22,0,0,6,0.676,0.347,0,2,2,0,4641024.0,4641024.0
DISP2603,CR Coil,BOBYN,56,2610.34,77.69,CMO05,Hyderabad,1600,2023-08-04,2023-08-06,2,1,66,0.78,0.611,0,4,8,1680000,5011852.8,6691852.8
DISP2604,HR Coil,BCN,58,2650.11,83.08,CMO02,Mumbai,1800,2023-11-30,2023-11-30,0,0,50,0.449,0.92,1,3,11,0,5724237.6,5724237.6
DISP2605,CR Coil,BCN,50,2165.13,78.73,CMO04,Kolkata,350,2023-01-05,2023-01-07,2,1,71,0.669,0.775,0,3,1,1500000,909354.6,2409354.6
DISP2606,Semis,BOXN,53,2468.87,80.31,CMO05,Hyderabad,1600,2023-04-13,2023-04-13,0,0,30,0.828,0.539,0,3,4,0,4740230.4,4740230.4
DISP2607,Structurals,BLC,50,2962.37,95.56,CMO06,Ahmedabad,1900,2023-10-17,2023-10-18,1,1,47,0.693,0.593,0,1,10,750000,6754203.6,7504203.6
DISP2608,Semis,BLC,47,2844.02,97.6,CMO01,Delhi,1200,2023-11-24,2023-11-25,1,1,33,0.755,0.627,0,4,11,705000,4095388.8,4800388.8
DISP2609,Semis,BCN,52,2178.16,76.16,CMO07,Pune,1750,2023-04-05,2023-04-06,1,1,5,0.49,0.352,0,2,4,780000,4574136.0,5354136.0
DISP2610,TMT Bar,BOBYN,58,3388.87,97.38,CMO04,Kolkata,350,2023-07-04,2023-07-04,0,0,10,0.98,0.439,0,1,7,0,1423325.4,1423325.4
DISP2611,CR Coil,BOBYN,50,2862.78,95.43,CMO03,Chennai,2100,2023-05-06,2023-05-07,1,1,27,0.357,0.423,0,5,5,750000,7214205.6,7964205.6
DISP2612,Semis,BOBYN,52,2796.96,89.65,CMO06,Ahmedabad,1900,2023-02-26,2023-03-01,3,1,48,0.949,0.514,1,6,2,2340000,6377068.8,8717068.8
DISP2613,Structurals,BOST,53,2553.32,96.35,CMO02,Mumbai,1800,2023-02-03,2023-02-03,0,0,20,0.316,0.947,0,4,2,0,5515171.2,5515171.2
DISP2614,CR Coil,BLC,51,2515.01,79.54,CMO05,Hyderabad,1600,2023-08-08,2023-08-08,0,0,36,0.937,0.834,0,1,8,0,4828819.2,4828819.2
DISP2615,Semis,BCN,44,1931.9,79.83,CMO05,Hyderabad,1600,2023-01-28,2023-01-28,0,0,40,0.898,0.896,1,5,1,0,3709248.0,3709248.0
DISP2616,Wire Rod,BOXN,55,2989.98,93.73,CMO02,Mumbai,1800,2023-11-11,2023-11-11,0,0,13,0.334,0.572,0,5,11,0,6458356.8,6458356.8
DISP2617,Semis,BCN,55,2588.39,85.57,CMO05,Hyderabad,1600,2023-04-02,2023-04-02,0,0,46,0.77,0.668,0,6,4,0,4969708.8,4969708.8
DISP2618,Wire Rod,BCN,58,2616.71,82.03,CMO04,Kolkata,350,2023-10-26,2023-10-28,2,1,9,0.366,0.926,1,3,10,1740000,1099018.2,2839018.2
DISP2619,CR Coil,BLC,52,2809.43,87.14,CMO03,Chennai,2100,2023-07-11,2023-07-12,1,1,37,0.64,0.394,0,1,7,780000,7079763.6,7859763.6
DISP2620,TMT Bar,BOST,41,1721.13,83.96,CMO02,Mumbai,1800,2023-11-15,2023-11-15,0,0,48,0.541,0.627,0,2,11,0,3717640.8,3717640.8
DISP2621,Semis,BCN,48,2150.84,81.47,CMO04,Kolkata,350,2023-04-02,2023-04-03,1,1,61,0.387,0.752,0,6,4,720000,903352.8,1623352.8
DISP2622,Semis,BOST,57,2545.32,89.31,CMO05,Hyderabad,1600,2023-05-22,2023-05-23,1,1,34,0.279,0.35,0,0,5,855000,4887014.4,5742014.4
DISP2623,CR Coil,BCN,48,2087.75,79.08,CMO06,Ahmedabad,1900,2023-12-16,2023-12-20,4,1,40,0.353,0.723,0,5,12,2880000,4760070.0,7640070.0
DISP2624,Structurals,BOST,48,1686.14,70.26,CMO06,Ahmedabad,1900,2023-06-03,2023-06-04,1,1,41,0.858,0.848,0,5,6,720000,3844399.2,4564399.2
DISP2625,Plate,BOXN,55,2858.97,89.62,CMO07,Pune,1750,2023-03-18,2023-03-20,2,1,55,0.382,0.806,0,5,3,1650000,6003837.0,7653837.0
DISP2626,Plate,BOST,54,2475.23,91.68,CMO07,Pune,1750,2023-08-25,2023-08-27,2,1,48,0.834,0.519,1,4,8,1620000,5197983.0,6817983.0
DISP2627,Structurals,BOBYN,54,2705.37,83.5,CMO04,Kolkata,350,2023-10-13,2023-10-17,4,1,8,0.5,0.704,0,4,10,3240000,1136255.4,4376255.4
DISP2628,HR Coil,BCN,50,2111.03,76.76,CMO04,Kolkata,350,2023-08-06,2023-08-08,2,1,56,0.81,0.783,0,6,8,1500000,886632.6,2386632.6
DISP2629,Plate,BOXN,44,1904.07,74.61,CMO07,Pune,1750,2023-06-19,2023-06-19,0,0,77,0.704,0.722,0,0,6,0,3998547.0,3998547.0
DISP2630,Semis,BLC,46,2808.1,98.46,CMO04,Kolkata,350,2023-02-02,2023-02-06,4,1,73,0.509,0.632,0,3,2,2760000,1179402.0,3939402.0
DISP2631,Structurals,BOXN,45,1908.68,73.13,CMO03,Chennai,2100,2023-10-11,2023-10-12,1,1,27,0.226,0.782,0,2,10,675000,4809873.6,5484873.6
DISP2632,HR Coil,BCN,46,1947.88,76.99,CMO04,Kolkata,350,2023-12-04,2023-12-05,1,1,72,0.256,0.34,0,0,12,690000,818109.6,1508109.6
DISP2633,Semis,BLC,45,2781.29,99.69,CMO04,Kolkata,350,2023-03-08,2023-03-12,4,1,73,0.535,0.82,0,2,3,2700000,1168141.8,3868141.8
DISP2634,CR Coil,BOBYN,49,2439.2,82.97,CMO02,Mumbai,1800,2023-12-30,2024-01-01,2,1,65,0.327,0.703,1,5,12,1470000,5268672.0,6738672.0
DISP2635,Structurals,BLC,48,2263.28,76.05,CMO06,Ahmedabad,1900,2023-03-15,2023-03-15,0,0,62,0.251,0.579,0,2,3,0,5160278.4,5160278.4
DISP2636,Plate,BOST,55,2304.67,83.81,CMO03,Chennai,2100,2023-10-22,2023-10-22,0,0,10,0.79,0.502,0,6,10,0,5807768.4,5807768.4
DISP2637,Wire Rod,BCN,52,2527.98,88.39,CMO03,Chennai,2100,2023-03-31,2023-04-03,3,1,58,0.399,0.93,1,4,3,2340000,6370509.6,8710509.6
DISP2638,Structurals,BOST,43,1758.84,81.81,CMO02,Mumbai,1800,2023-01-23,2023-01-23,0,0,35,0.908,0.411,0,0,1,0,3799094.4,3799094.4
DISP2639,Plate,BOXN,46,2594.95,97.26,CMO03,Chennai,2100,2023-07-30,2023-08-02,3,1,75,0.297,0.558,1,6,7,2070000,6539274.0,8609274.0
DISP2640,Semis,BLC,54,2509.16,74.95,CMO03,Chennai,2100,2023-04-17,2023-04-17,0,0,69,0.236,0.319,0,0,4,0,6323083.2,6323083.2
DISP2641,Structurals,BLC,52,2589.19,80.31,CMO06,Ahmedabad,1900,2023-07-24,2023-07-27,3,1,29,0.517,0.308,0,0,7,2340000,5903353.2,8243353.2
DISP2642,TMT Bar,BLC,55,2858.97,83.84,CMO06,Ahmedabad,1900,2023-02-12,2023-02-15,3,1,75,0.726,0.8,0,6,2,2475000,6518451.6,8993451.6
DISP2643,TMT Bar,BOBYN,45,2569.18,95.15,CMO07,Pune,1750,2023-11-07,2023-11-07,0,0,17,0.342,0.387,0,1,11,0,5395278.0,5395278.0
DISP2644,CR Coil,BOXN,48,2077.0,74.6,CMO01,Delhi,1200,2023-07-03,2023-07-03,0,0,27,0.373,0.324,0,0,7,0,2990880.0,2990880.0
DISP2645,CR Coil,BOXN,56,2898.2,89.23,CMO04,Kolkata,350,2023-12-04,2023-12-05,1,1,18,0.512,0.516,0,0,12,840000,1217244.0,2057244.0
DISP2646,Semis,BOBYN,47,2290.95,81.24,CMO04,Kolkata,350,2023-05-03,2023-05-03,0,0,30,0.273,0.595,0,2,5,0,962199.0,962199.0
DISP2647,TMT Bar,BOBYN,42,1930.75,76.62,CMO07,Pune,1750,2023-02-19,2023-02-19,0,0,26,0.779,0.331,0,6,2,0,4054575.0,4054575.0
DISP2648,Semis,BCN,57,2783.99,88.8,CMO03,Chennai,2100,2023-11-16,2023-11-16,0,0,31,0.947,0.577,0,3,11,0,7015654.8,7015654.8
DISP2649,CR Coil,BOXN,51,2357.56,79.7,CMO02,Mumbai,1800,2023-01-08,2023-01-09,1,1,56,0.723,0.308,0,6,1,765000,5092329.6,5857329.6
DISP2650,Structurals,BCN,51,2000.47,71.32,CMO07,Pune,1750,2023-04-22,2023-04-22,0,0,57,0.441,0.719,0,5,4,0,4200987.0,4200987.0
DISP2651,HR Coil,BOST,58,2179.17,75.14,CMO06,Ahmedabad,1900,2023-02-18,2023-02-18,0,0,46,0.985,0.787,0,5,2,0,4968507.6,4968507.6
DISP2652,Semis,BOBYN,50,2257.8,75.26,CMO06,Ahmedabad,1900,2023-12-19,2023-12-20,1,1,45,0.982,0.766,0,1,12,750000,5147784.0,5897784.0
DISP2653,Plate,BLC,56,3097.64,89.22,CMO04,Kolkata,350,2023-04-30,2023-05-03,3,1,69,0.67,0.992,1,6,4,2520000,1301008.8,3821008.8
DISP2654,HR Coil,BOBYN,53,2948.41,92.72,CMO03,Chennai,2100,2023-11-14,2023-11-15,1,1,15,0.248,0.562,0,1,11,795000,7429993.2,8224993.2
DISP2655,CR Coil,BOXN,47,2663.36,97.7,CMO06,Ahmedabad,1900,2023-11-03,2023-11-05,2,1,61,0.791,0.53,0,4,11,1410000,6072460.8,7482460.8
DISP2656,Semis,BOST,53,2370.2,89.44,CMO01,Delhi,1200,2023-05-28,2023-05-30,2,1,8,0.383,0.813,1,6,5,1590000,3413088.0,5003088.0
DISP2657,HR Coil,BOBYN,47,2488.42,88.24,CMO06,Ahmedabad,1900,2023-07-15,2023-07-19,4,1,71,0.457,0.61,0,5,7,2820000,5673597.6,8493597.6
DISP2658,HR Coil,BOXN,44,2504.74,98.15,CMO02,Mumbai,1800,2023-03-06,2023-03-06,0,0,16,0.339,0.684,0,0,3,0,5410238.4,5410238.4
DISP2659,CR Coil,BOST,42,1738.53,82.79,CMO02,Mumbai,1800,2023-08-28,2023-08-30,2,1,44,0.331,0.438,1,0,8,1260000,3755224.8,5015224.8
DISP2660,TMT Bar,BOST,54,2673.86,99.03,CMO03,Chennai,2100,2023-04-14,2023-04-14,0,0,39,0.89,0.637,0,4,4,0,6738127.2,6738127.2
DISP2661,TMT Bar,BLC,45,2346.99,84.12,CMO04,Kolkata,350,2023-08-05,2023-08-09,4,1,69,0.688,0.603,0,5,8,2700000,985735.8,3685735.8
DISP2662,Wire Rod,BLC,53,3142.11,95.62,CMO01,Delhi,1200,2023-06-03,2023-06-06,3,1,73,0.322,0.809,0,5,6,2385000,4524638.4,6909638.4
DISP2663,Wire Rod,BLC,57,3116.31,88.18,CMO03,Chennai,2100,2023-02-06,2023-02-07,1,1,47,0.309,0.628,0,0,2,855000,7853101.2,8708101.2
DISP2664,HR Coil,BOST,51,2160.96,84.74,CMO07,Pune,1750,2023-08-01,2023-08-01,0,0,55,0.976,0.561,0,1,8,0,4538016.0,4538016.0
DISP2665,Structurals,BOXN,53,2967.95,96.55,CMO05,Hyderabad,1600,2023-03-05,2023-03-05,0,0,54,0.946,0.414,0,6,3,0,5698464.0,5698464.0
DISP2666,TMT Bar,BCN,56,2811.23,91.27,CMO07,Pune,1750,2023-11-22,2023-11-22,0,0,52,0.757,0.756,0,2,11,0,5903583.0,5903583.0
DISP2667,Structurals,BOBYN,55,2344.16,71.04,CMO02,Mumbai,1800,2023-07-05,2023-07-06,1,1,8,0.758,0.752,0,2,7,825000,5063385.6,5888385.6
DISP2668,Structurals,BCN,47,2276.47,88.06,CMO02,Mumbai,1800,2023-12-06,2023-12-06,0,0,25,0.21,0.84,0,2,12,0,4917175.2,4917175.2
DISP2669,Wire Rod,BOST,42,1796.68,85.56,CMO04,Kolkata,350,2023-04-07,2023-04-07,0,0,59,0.333,0.599,0,4,4,0,754605.6,754605.6
DISP2670,Plate,BLC,58,2849.45,79.24,CMO05,Hyderabad,1600,2023-07-30,2023-08-03,4,1,16,0.287,0.701,1,6,7,3480000,5470944.0,8950944.0
DISP2671,TMT Bar,BOBYN,52,2838.27,90.97,CMO06,Ahmedabad,1900,2023-01-04,2023-01-06,2,1,26,0.853,0.301,0,2,1,1560000,6471255.6,8031255.6
DISP2672,Plate,BCN,53,2189.72,75.12,CMO04,Kolkata,350,2023-07-11,2023-07-11,0,0,28,0.763,0.439,0,1,7,0,919682.4,919682.4
DISP2673,HR Coil,BOST,46,1738.09,75.57,CMO04,Kolkata,350,2023-01-31,2023-01-31,0,0,28,0.847,0.434,1,1,1,0,729997.8,729997.8
DISP2674,Semis,BLC,43,2560.72,96.05,CMO04,Kolkata,350,2023-03-27,2023-03-29,2,1,15,0.435,0.564,1,0,3,1290000,1075502.4,2365502.4
DISP2675,Plate,BLC,55,3075.28,90.18,CMO02,Mumbai,1800,2023-02-21,2023-02-23,2,1,6,0.249,0.826,0,1,2,1650000,6642604.8,8292604.8
DISP2676,HR Coil,BOBYN,56,3150.12,93.75,CMO01,Delhi,1200,2023-07-12,2023-07-12,0,0,71,0.99,0.833,0,2,7,0,4536172.8,4536172.8
DISP2677,Wire Rod,BCN,53,2334.81,80.1,CMO07,Pune,1750,2023-12-16,2023-12-16,0,0,48,1.0,0.872,0,5,12,0,4903101.0,4903101.0
DISP2678,Structurals,BLC,41,2523.17,99.26,CMO04,Kolkata,350,2023-06-19,2023-06-22,3,1,17,0.202,0.909,0,0,6,1845000,1059731.4,2904731.4
DISP2679,CR Coil,BOST,43,2065.51,96.07,CMO01,Delhi,1200,2023-05-24,2023-05-24,0,0,36,0.495,0.733,0,2,5,0,2974334.4,2974334.4
DISP2680,Wire Rod,BLC,46,1999.08,70.09,CMO05,Hyderabad,1600,2023-11-23,2023-11-26,3,1,46,0.213,0.552,0,3,11,2070000,3838233.6,5908233.6
DISP2681,TMT Bar,BLC,47,2570.23,88.2,CMO06,Ahmedabad,1900,2023-07-24,2023-07-24,0,0,15,0.479,0.957,0,0,7,0,5860124.4,5860124.4
DISP2682,Wire Rod,BOXN,52,2377.09,78.82,CMO06,Ahmedabad,1900,2023-04-10,2023-04-10,0,0,23,0.896,0.913,0,0,4,0,5419765.2,5419765.2
DISP2683,Structurals,BOXN,44,2167.61,84.94,CMO05,Hyderabad,1600,2023-02-14,2023-02-14,0,0,43,0.866,0.997,0,1,2,0,4161811.2,4161811.2
DISP2684,Wire Rod,BLC,43,2251.84,84.47,CMO02,Mumbai,1800,2023-10-04,2023-10-04,0,0,35,0.395,0.419,0,2,10,0,4863974.4,4863974.4
DISP2685,Structurals,BOXN,53,3067.88,99.8,CMO01,Delhi,1200,2023-01-15,2023-01-15,0,0,25,0.943,0.529,0,6,1,0,4417747.2,4417747.2
DISP2686,TMT Bar,BCN,55,2980.99,98.55,CMO02,Mumbai,1800,2023-12-10,2023-12-13,3,1,20,0.732,0.946,0,6,12,2475000,6438938.4,8913938.4
DISP2687,Semis,BCN,47,2532.1,97.95,CMO06,Ahmedabad,1900,2023-11-04,2023-11-04,0,0,13,0.715,0.564,0,5,11,0,5773188.0,5773188.0
DISP2688,Structurals,BLC,57,3498.22,98.99,CMO06,Ahmedabad,1900,2023-08-12,2023-08-13,1,1,34,0.379,0.381,0,5,8,855000,7975941.6,8830941.6
DISP2689,Structurals,BOBYN,43,2249.38,87.19,CMO05,Hyderabad,1600,2023-03-07,2023-03-08,1,1,45,0.963,0.704,0,1,3,645000,4318809.6,4963809.6
DISP2690,Plate,BLC,53,2615.3,79.59,CMO02,Mumbai,1800,2023-07-06,2023-07-07,1,1,21,0.616,0.721,0,3,7,795000,5649048.0,6444048.0
DISP2691,Plate,BLC,50,2304.57,74.34,CMO07,Pune,1750,2023-06-01,2023-06-01,0,0,33,0.6,0.619,0,3,6,0,4839597.0,4839597.0
DISP2692,CR Coil,BOXN,50,2298.74,79.27,CMO06,Ahmedabad,1900,2023-12-19,2023-12-21,2,1,20,0.419,0.893,0,1,12,1500000,5241127.2,6741127.2
DISP2693,CR Coil,BCN,52,2052.46,71.76,CMO04,Kolkata,350,2023-06-20,2023-06-20,0,0,24,0.862,0.447,0,1,6,0,862033.2,862033.2
DISP2694,Semis,BOXN,45,2497.86,95.7,CMO02,Mumbai,1800,2023-07-20,2023-07-20,0,0,43,0.988,0.761,0,3,7,0,5395377.6,5395377.6
DISP2695,HR Coil,BLC,50,2562.87,82.67,CMO05,Hyderabad,1600,2023-08-31,2023-08-31,0,0,49,0.806,0.574,1,3,8,0,4920710.4,4920710.4
DISP2696,TMT Bar,BOBYN,57,2798.01,81.81,CMO03,Chennai,2100,2023-03-09,2023-03-09,0,0,46,0.802,0.706,0,3,3,0,7050985.2,7050985.2
DISP2697,Semis,BCN,54,2662.28,89.64,CMO06,Ahmedabad,1900,2023-10-23,2023-10-23,0,0,22,0.554,0.638,0,0,10,0,6069998.4,6069998.4
DISP2698,CR Coil,BOBYN,40,1940.8,80.87,CMO02,Mumbai,1800,2023-10-22,2023-10-27,5,1,18,0.743,0.992,0,6,10,3000000,4192128.0,7192128.0
DISP2699,Wire Rod,BOBYN,41,1792.88,72.88,CMO06,Ahmedabad,1900,2023-08-31,2023-09-02,2,1,27,0.956,0.382,1,3,8,1230000,4087766.4,5317766.4
DISP2700,Wire Rod,BLC,47,2069.52,71.02,CMO02,Mumbai,1800,2023-05-04,2023-05-04,0,0,55,0.591,0.782,0,3,5,0,4470163.2,4470163.2
DISP2701,Structurals,BLC,42,2430.36,93.33,CMO06,Ahmedabad,1900,2023-11-29,2023-11-30,1,1,53,0.42,0.757,1,2,11,630000,5541220.8,6171220.8
DISP2702,HR Coil,BLC,56,2664.69,76.75,CMO01,Delhi,1200,2023-10-28,2023-10-29,1,1,78,0.99,0.636,1,5,10,840000,3837153.6,4677153.6
DISP2703,Plate,BLC,55,3409.95,100.0,CMO02,Mumbai,1800,2023-12-26,2023-12-30,4,1,60,0.439,0.388,1,1,12,3300000,7365492.0,10665492.0
DISP2704,Semis,BOST,45,1848.6,82.16,CMO07,Pune,1750,2023-12-25,2023-12-28,3,1,7,0.515,0.872,1,0,12,2025000,3882060.0,5907060.0
DISP2705,HR Coil,BOST,57,2605.26,91.41,CMO05,Hyderabad,1600,2023-11-30,2023-11-30,0,0,20,0.803,0.445,1,3,11,0,5002099.2,5002099.2
DISP2706,HR Coil,BOST,45,1578.59,70.16,CMO02,Mumbai,1800,2023-08-17,2023-08-18,1,1,45,0.298,0.39,0,3,8,675000,3409754.4,4084754.4
DISP2707,Plate,BOXN,42,2421.33,99.4,CMO03,Chennai,2100,2023-09-17,2023-09-21,4,1,43,0.491,0.681,0,6,9,2520000,6101751.6,8621751.6
DISP2708,HR Coil,BCN,41,2218.61,98.39,CMO02,Mumbai,1800,2023-09-23,2023-09-23,0,0,42,0.727,0.611,0,5,9,0,4792197.6,4792197.6
DISP2709,Structurals,BOST,51,2248.72,88.19,CMO03,Chennai,2100,2023-09-19,2023-09-20,1,1,31,0.75,0.764,0,1,9,765000,5666774.4,6431774.4
DISP2710,CR Coil,BOBYN,44,2324.9,88.06,CMO03,Chennai,2100,2023-04-21,2023-04-21,0,0,80,0.487,0.39,0,4,4,0,5858748.0,5858748.0
DISP2711,HR Coil,BCN,48,2150.37,81.45,CMO05,Hyderabad,1600,2023-03-25,2023-03-30,5,1,56,0.565,0.961,1,5,3,3600000,4128710.4,7728710.4
DISP2712,CR Coil,BOBYN,42,2239.95,88.89,CMO05,Hyderabad,1600,2023-05-18,2023-05-18,0,0,29,0.772,0.695,0,3,5,0,4300704.0,4300704.0
DISP2713,Plate,BOBYN,53,3009.78,94.65,CMO05,Hyderabad,1600,2023-06-11,2023-06-13,2,1,60,0.503,0.975,0,6,6,1590000,5778777.6,7368777.6
DISP2714,Plate,BOST,53,1907.44,71.98,CMO01,Delhi,1200,2023-11-24,2023-11-24,0,0,16,0.49,0.533,0,4,11,0,2746713.6,2746713.6
DISP2715,Semis,BOBYN,48,2024.52,70.3,CMO07,Pune,1750,2023-07-13,2023-07-13,0,0,33,0.503,0.374,0,3,7,0,4251492.0,4251492.0
DISP2716,CR Coil,BCN,58,3019.03,94.64,CMO05,Hyderabad,1600,2023-09-08,2023-09-08,0,0,17,0.623,0.79,0,4,9,0,5796537.6,5796537.6
DISP2717,Plate,BOST,43,2083.29,96.9,CMO03,Chennai,2100,2023-03-29,2023-04-01,3,1,45,0.957,0.573,1,2,3,1935000,5249890.8,7184890.8
DISP2718,Semis,BOST,52,2191.95,84.31,CMO05,Hyderabad,1600,2023-03-07,2023-03-08,1,1,38,0.208,0.659,0,1,3,780000,4208544.0,4988544.0
DISP2719,Wire Rod,BCN,41,2199.83,97.55,CMO05,Hyderabad,1600,2023-11-24,2023-11-24,0,0,52,0.766,0.474,0,4,11,0,4223673.6,4223673.6
DISP2720,Structurals,BOBYN,54,3226.63,99.59,CMO04,Kolkata,350,2023-08-28,2023-09-01,4,1,69,0.429,0.967,1,0,8,3240000,1355184.6,4595184.6
DISP2721,Semis,BCN,42,2273.59,98.42,CMO02,Mumbai,1800,2023-07-28,2023-07-29,1,1,45,0.876,0.744,1,4,7,630000,4910954.4,5540954.4
DISP2722,HR Coil,BOST,41,1487.02,72.54,CMO02,Mumbai,1800,2023-05-27,2023-06-01,5,1,75,0.944,0.866,1,5,5,3075000,3211963.2,6286963.2
DISP2723,Structurals,BOBYN,55,2802.83,84.93,CMO05,Hyderabad,1600,2023-12-17,2023-12-21,4,1,73,0.758,0.584,0,6,12,3300000,5381433.6,8681433.6
DISP2724,Structurals,BLC,57,3268.6,92.49,CMO01,Delhi,1200,2023-05-06,2023-05-07,1,1,72,0.747,0.33,0,5,5,855000,4706784.0,5561784.0
DISP2725,Semis,BOBYN,45,1950.85,72.25,CMO05,Hyderabad,1600,2023-03-10,2023-03-10,0,0,70,0.483,0.336,0,4,3,0,3745632.0,3745632.0
DISP2726,CR Coil,BOXN,50,2825.22,97.42,CMO03,Chennai,2100,2023-05-08,2023-05-11,3,1,74,0.881,0.9,0,0,5,2250000,7119554.4,9369554.4
DISP2727,TMT Bar,BOXN,58,2752.04,81.81,CMO02,Mumbai,1800,2023-06-06,2023-06-06,0,0,70,0.861,0.325,0,1,6,0,5944406.4,5944406.4
DISP2728,Plate,BLC,41,2050.69,80.67,CMO07,Pune,1750,2023-11-12,2023-11-15,3,1,63,0.463,0.548,0,6,11,1845000,4306449.0,6151449.0
DISP2729,CR Coil,BCN,40,1606.88,73.04,CMO04,Kolkata,350,2023-09-09,2023-09-10,1,1,30,0.268,0.66,0,5,9,600000,674889.6,1274889.6
DISP2730,Wire Rod,BOBYN,48,2211.35,76.78,CMO01,Delhi,1200,2023-07-22,2023-07-25,3,1,52,0.439,0.6,0,5,7,2160000,3184344.0,5344344.0
DISP2731,HR Coil,BLC,45,2070.07,74.2,CMO04,Kolkata,350,2023-08-11,2023-08-12,1,1,5,0.487,0.909,0,4,8,675000,869429.4,1544429.4
DISP2732,HR Coil,BLC,53,3033.56,92.32,CMO02,Mumbai,1800,2023-01-17,2023-01-17,0,0,25,0.733,0.964,0,1,1,0,6552489.6,6552489.6
DISP2733,TMT Bar,BLC,55,2949.78,86.5,CMO01,Delhi,1200,2023-12-16,2023-12-16,0,0,21,0.46,0.835,0,5,12,0,4247683.2,4247683.2
DISP2734,Plate,BLC,44,1999.41,73.29,CMO06,Ahmedabad,1900,2023-02-25,2023-02-28,3,1,7,0.301,0.541,1,5,2,1980000,4558654.8,6538654.8
DISP2735,HR Coil,BCN,53,2894.4,99.29,CMO06,Ahmedabad,1900,2023-01-05,2023-01-06,1,1,60,0.584,0.498,0,3,1,795000,6599232.0,7394232.0
DISP2736,Plate,BOST,45,1743.39,77.48,CMO02,Mumbai,1800,2023-02-28,2023-02-28,0,0,38,0.995,0.473,1,1,2,0,3765722.4,3765722.4
DISP2737,CR Coil,BOXN,56,2869.06,88.33,CMO04,Kolkata,350,2023-04-07,2023-04-08,1,1,80,0.703,0.404,0,4,4,840000,1205005.2,2045005.2
DISP2738,TMT Bar,BOBYN,53,2242.85,70.53,CMO02,Mumbai,1800,2023-04-13,2023-04-13,0,0,16,0.891,0.566,0,3,4,0,4844556.0,4844556.0
DISP2739,Structurals,BOBYN,47,2258.41,80.09,CMO06,Ahmedabad,1900,2023-09-03,2023-09-04,1,1,12,0.608,0.751,0,6,9,705000,5149174.8,5854174.8
DISP2740,TMT Bar,BLC,47,2319.4,79.6,CMO03,Chennai,2100,2023-01-25,2023-01-27,2,1,28,0.233,0.336,1,2,1,1410000,5844888.0,7254888.0
DISP2741,Wire Rod,BOST,43,1782.94,82.93,CMO03,Chennai,2100,2023-05-10,2023-05-11,1,1,67,0.491,0.513,0,2,5,645000,4493008.8,5138008.8
DISP2742,Plate,BOBYN,50,2424.51,80.82,CMO07,Pune,1750,2023-07-05,2023-07-05,0,0,80,0.623,0.56,0,2,7,0,5091471.0,5091471.0
DISP2743,CR Coil,BLC,42,2515.88,96.62,CMO05,Hyderabad,1600,2023-03-08,2023-03-08,0,0,20,0.233,0.978,0,2,3,0,4830489.6,4830489.6
DISP2744,Semis,BOBYN,54,3167.59,97.77,CMO02,Mumbai,1800,2023-02-08,2023-02-08,0,0,74,0.695,0.511,0,2,2,0,6841994.4,6841994.4
DISP2745,Semis,BOST,44,1568.92,71.31,CMO02,Mumbai,1800,2023-04-09,2023-04-09,0,0,58,0.64,0.477,0,6,4,0,3388867.2,3388867.2
DISP2746,Semis,BOST,51,2469.61,96.85,CMO07,Pune,1750,2023-08-18,2023-08-18,0,0,20,0.929,0.347,0,4,8,0,5186181.0,5186181.0
DISP2747,Plate,BOXN,45,2296.14,87.97,CMO07,Pune,1750,2023-12-23,2023-12-28,5,1,21,0.432,0.969,0,5,12,3375000,4821894.0,8196894.0
DISP2748,CR Coil,BLC,55,3087.44,90.54,CMO06,Ahmedabad,1900,2023-09-20,2023-09-23,3,1,14,0.332,0.826,0,2,9,2475000,7039363.2,9514363.2
DISP2749,Wire Rod,BCN,46,1910.71,75.52,CMO05,Hyderabad,1600,2023-03-23,2023-03-23,0,0,78,0.374,0.788,0,3,3,0,3668563.2,3668563.2
DISP2750,Semis,BLC,56,3167.6,91.23,CMO05,Hyderabad,1600,2023-09-26,2023-09-26,0,0,38,0.443,0.454,1,1,9,0,6081792.0,6081792.0
DISP2751,Plate,BOBYN,47,2012.59,71.37,CMO01,Delhi,1200,2023-05-02,2023-05-02,0,0,42,0.231,0.404,0,1,5,0,2898129.6,2898129.6
DISP2752,CR Coil,BOXN,47,2717.44,99.69,CMO03,Chennai,2100,2023-04-18,2023-04-23,5,1,73,0.293,0.754,0,1,4,3525000,6847948.8,10372948.8
DISP2753,TMT Bar,BOST,48,2199.9,91.66,CMO01,Delhi,1200,2023-07-29,2023-07-29,0,0,42,0.46,0.34,1,5,7,0,3167856.0,3167856.0
DISP2754,Semis,BOBYN,48,2168.7,75.3,CMO03,Chennai,2100,2023-01-09,2023-01-09,0,0,73,0.726,0.908,0,0,1,0,5465124.0,5465124.0
DISP2755,Plate,BLC,48,2859.96,96.1,CMO01,Delhi,1200,2023-11-21,2023-11-22,1,1,75,0.365,0.61,0,1,11,720000,4118342.4,4838342.4
DISP2756,Structurals,BLC,44,2274.65,83.38,CMO07,Pune,1750,2023-08-11,2023-08-11,0,0,52,0.319,0.635,0,4,8,0,4776765.0,4776765.0
DISP2757,Wire Rod,BOBYN,46,2403.68,87.09,CMO02,Mumbai,1800,2023-04-03,2023-04-04,1,1,41,0.217,0.414,0,0,4,690000,5191948.8,5881948.8
DISP2758,Plate,BOXN,44,1841.56,72.16,CMO02,Mumbai,1800,2023-05-06,2023-05-08,2,1,63,0.927,0.979,0,5,5,1320000,3977769.6,5297769.6
DISP2759,Structurals,BOXN,43,2028.53,81.34,CMO07,Pune,1750,2023-01-11,2023-01-11,0,0,19,0.861,0.834,0,2,1,0,4259913.0,4259913.0
DISP2760,HR Coil,BOBYN,42,1966.35,78.03,CMO02,Mumbai,1800,2023-11-18,2023-11-18,0,0,6,0.834,0.307,0,5,11,0,4247316.0,4247316.0
DISP2761,Plate,BCN,42,1757.21,76.07,CMO06,Ahmedabad,1900,2023-09-03,2023-09-06,3,1,77,0.914,0.871,0,6,9,1890000,4006438.8,5896438.8
DISP2762,CR Coil,BOST,48,2131.79,88.82,CMO01,Delhi,1200,2023-03-05,2023-03-07,2,1,7,0.86,0.372,0,6,3,1440000,3069777.6,4509777.6
DISP2763,Semis,BOBYN,40,2336.76,97.37,CMO04,Kolkata,350,2023-01-13,2023-01-13,0,0,34,0.542,0.403,0,4,1,0,981439.2,981439.2
DISP2764,CR Coil,BLC,43,2259.56,84.75,CMO06,Ahmedabad,1900,2023-02-26,2023-03-01,3,1,33,0.281,0.969,1,6,2,1935000,5151796.8,7086796.8
DISP2765,HR Coil,BOXN,41,2095.85,88.13,CMO03,Chennai,2100,2023-04-02,2023-04-02,0,0,59,0.624,0.72,0,6,4,0,5281542.0,5281542.0
DISP2766,CR Coil,BCN,49,2168.17,80.45,CMO06,Ahmedabad,1900,2023-02-23,2023-02-23,0,0,39,0.933,0.763,0,3,2,0,4943427.6,4943427.6
DISP2767,Semis,BOXN,40,2223.75,95.85,CMO06,Ahmedabad,1900,2023-03-18,2023-03-18,0,0,23,0.456,0.573,0,5,3,0,5070150.0,5070150.0
DISP2768,Semis,BOXN,43,2178.14,87.34,CMO04,Kolkata,350,2023-05-23,2023-05-24,1,1,23,0.272,0.996,0,1,5,645000,914818.8,1559818.8
DISP2769,TMT Bar,BLC,55,3096.37,90.8,CMO04,Kolkata,350,2023-07-31,2023-07-31,0,0,47,0.311,0.961,1,0,7,0,1300475.4,1300475.4
DISP2770,Wire Rod,BOST,55,2369.47,86.16,CMO04,Kolkata,350,2023-09-10,2023-09-13,3,1,73,0.629,0.461,0,6,9,2475000,995177.4,3470177.4
DISP2771,Plate,BOBYN,42,1941.81,77.06,CMO05,Hyderabad,1600,2023-01-02,2023-01-02,0,0,31,0.995,0.312,0,0,1,0,3728275.2,3728275.2
DISP2772,CR Coil,BOXN,51,2390.83,80.83,CMO01,Delhi,1200,2023-03-13,2023-03-13,0,0,42,0.568,0.885,0,0,3,0,3442795.2,3442795.2
DISP2773,Wire Rod,BOBYN,47,2021.26,71.68,CMO02,Mumbai,1800,2023-03-12,2023-03-13,1,1,20,0.97,0.793,0,6,3,705000,4365921.6,5070921.6
DISP2774,Wire Rod,BOXN,43,2241.67,89.88,CMO03,Chennai,2100,2023-02-07,2023-02-09,2,1,66,0.87,0.909,0,1,2,1290000,5649008.4,6939008.4
DISP2775,HR Coil,BOXN,40,2020.15,87.08,CMO02,Mumbai,1800,2023-08-02,2023-08-04,2,1,24,0.812,0.629,0,2,8,1200000,4363524.0,5563524.0
DISP2776,TMT Bar,BLC,50,2582.9,83.32,CMO04,Kolkata,350,2023-11-27,2023-11-27,0,0,6,0.429,0.409,1,0,11,0,1084818.0,1084818.0
DISP2777,HR Coil,BOBYN,56,2513.63,74.81,CMO05,Hyderabad,1600,2023-07-22,2023-07-25,3,1,59,0.744,0.913,0,5,7,2520000,4826169.6,7346169.6
DISP2778,Plate,BCN,47,2138.06,82.71,CMO05,Hyderabad,1600,2023-03-22,2023-03-22,0,0,39,0.978,0.665,0,2,3,0,4105075.2,4105075.2
DISP2779,CR Coil,BOBYN,52,2763.42,88.57,CMO06,Ahmedabad,1900,2023-04-23,2023-04-26,3,1,55,0.347,0.822,0,6,4,2340000,6300597.6,8640597.6
DISP2780,Semis,BLC,55,2707.39,79.4,CMO06,Ahmedabad,1900,2023-11-25,2023-11-25,0,0,56,0.862,0.415,1,5,11,0,6172849.2,6172849.2
DISP2781,Structurals,BOBYN,48,2109.66,73.25,CMO04,Kolkata,350,2023-02-09,2023-02-10,1,1,51,0.683,0.893,0,3,2,720000,886057.2,1606057.2
DISP2782,Plate,BOXN,46,2345.53,87.91,CMO01,Delhi,1200,2023-06-08,2023-06-09,1,1,29,0.641,0.747,0,3,6,690000,3377563.2,4067563.2
DISP2783,Plate,BOXN,58,3350.37,99.59,CMO05,Hyderabad,1600,2023-09-05,2023-09-10,5,1,10,0.238,0.365,0,1,9,4350000,6432710.4,10782710.4
DISP2784,Semis,BLC,56,2633.39,75.85,CMO03,Chennai,2100,2023-07-20,2023-07-21,1,1,50,0.979,0.792,0,3,7,840000,6636142.8,7476142.8
DISP2785,Structurals,BOXN,56,3060.42,94.22,CMO05,Hyderabad,1600,2023-03-18,2023-03-18,0,0,8,0.67,0.567,0,5,3,0,5876006.4,5876006.4
DISP2786,Semis,BCN,45,1845.02,74.55,CMO01,Delhi,1200,2023-08-26,2023-08-26,0,0,15,0.908,0.365,1,5,8,0,2656828.8,2656828.8
DISP2787,CR Coil,BOBYN,45,2694.67,99.8,CMO07,Pune,1750,2023-09-14,2023-09-17,3,1,71,0.994,0.726,0,3,9,2025000,5658807.0,7683807.0
DISP2788,Wire Rod,BOBYN,50,2361.76,78.73,CMO07,Pune,1750,2023-11-16,2023-11-16,0,0,60,0.232,0.799,0,3,11,0,4959696.0,4959696.0
DISP2789,CR Coil,BOST,42,2073.55,98.74,CMO02,Mumbai,1800,2023-10-18,2023-10-18,0,0,68,0.278,0.31,0,2,10,0,4478868.0,4478868.0
DISP2790,TMT Bar,BOXN,55,2323.07,72.82,CMO05,Hyderabad,1600,2023-06-10,2023-06-11,1,1,26,0.947,0.413,0,5,6,825000,4460294.4,5285294.4
DISP2791,HR Coil,BOBYN,54,2518.72,77.74,CMO01,Delhi,1200,2023-08-31,2023-08-31,0,0,37,0.811,0.609,1,3,8,0,3626956.8,3626956.8
DISP2792,HR Coil,BLC,41,2056.58,80.9,CMO05,Hyderabad,1600,2023-05-27,2023-05-30,3,1,56,0.527,0.734,1,5,5,1845000,3948633.6,5793633.6
DISP2793,Plate,BOST,50,2030.26,81.21,CMO07,Pune,1750,2023-12-16,2023-12-16,0,0,57,0.605,0.484,0,5,12,0,4263546.0,4263546.0
DISP2794,Structurals,BOST,41,1890.74,92.23,CMO01,Delhi,1200,2023-05-06,2023-05-08,2,1,76,0.206,0.897,0,5,5,1230000,2722665.6,3952665.6
DISP2795,Wire Rod,BOXN,47,2225.69,81.65,CMO07,Pune,1750,2023-08-25,2023-08-25,0,0,16,0.479,0.628,1,4,8,0,4673949.0,4673949.0
DISP2796,Semis,BOXN,42,1836.94,75.41,CMO04,Kolkata,350,2023-02-25,2023-02-27,2,1,55,0.815,0.44,1,5,2,1260000,771514.8,2031514.8
DISP2797,Plate,BOBYN,55,2423.18,73.43,CMO04,Kolkata,350,2023-08-21,2023-08-22,1,1,9,0.636,0.964,0,0,8,825000,1017735.6,1842735.6
DISP2798,Plate,BOST,52,1868.67,71.87,CMO01,Delhi,1200,2023-07-05,2023-07-06,1,1,60,0.983,0.449,0,2,7,780000,2690884.8,3470884.8
DISP2799,Semis,BLC,48,2308.25,77.56,CMO06,Ahmedabad,1900,2023-04-01,2023-04-04,3,1,15,0.313,0.492,0,5,4,2160000,5262810.0,7422810.0
DISP2800,Wire Rod,BLC,56,2653.41,76.42,CMO07,Pune,1750,2023-05-13,2023-05-13,0,0,28,0.864,0.365,0,5,5,0,5572161.0,5572161.0
DISP2801,TMT Bar,BCN,45,1879.96,75.96,CMO07,Pune,1750,2023-08-03,2023-08-05,2,1,66,0.58,0.782,0,3,8,1350000,3947916.0,5297916.0
DISP2802,TMT Bar,BOST,52,2461.95,94.69,CMO06,Ahmedabad,1900,2023-10-15,2023-10-15,0,0,30,0.262,0.768,0,6,10,0,5613246.0,5613246.0
DISP2803,TMT Bar,BCN,40,1639.33,74.52,CMO06,Ahmedabad,1900,2023-08-23,2023-08-23,0,0,23,0.6,0.521,0,2,8,0,3737672.4,3737672.4
DISP2804,Structurals,BCN,56,2823.39,91.67,CMO04,Kolkata,350,2023-08-19,2023-08-19,0,0,21,0.707,0.747,0,5,8,0,1185823.8,1185823.8
DISP2805,HR Coil,BOBYN,53,2890.41,90.89,CMO02,Mumbai,1800,2023-03-27,2023-03-30,3,1,53,0.373,0.447,1,0,3,2385000,6243285.6,8628285.6
DISP2806,HR Coil,BCN,40,1739.28,79.06,CMO03,Chennai,2100,2023-06-07,2023-06-07,0,0,69,0.855,0.387,0,2,6,0,4382985.6,4382985.6
DISP2807,Wire Rod,BLC,51,2547.51,80.57,CMO04,Kolkata,350,2023-10-05,2023-10-06,1,1,59,0.619,0.836,0,3,10,765000,1069954.2,1834954.2
DISP2808,Wire Rod,BOBYN,57,3004.36,87.85,CMO03,Chennai,2100,2023-10-05,2023-10-05,0,0,60,0.505,0.892,0,3,10,0,7570987.2,7570987.2
DISP2809,Wire Rod,BCN,43,2361.71,99.86,CMO06,Ahmedabad,1900,2023-02-23,2023-02-23,0,0,16,0.72,0.731,0,3,2,0,5384698.8,5384698.8
DISP2810,Wire Rod,BOST,57,2080.25,72.99,CMO06,Ahmedabad,1900,2023-08-16,2023-08-17,1,1,69,0.665,0.323,0,2,8,855000,4742970.0,5597970.0
DISP2811,CR Coil,BLC,57,2877.82,81.43,CMO07,Pune,1750,2023-04-11,2023-04-11,0,0,65,0.96,0.545,0,1,4,0,6043422.0,6043422.0
DISP2812,Wire Rod,BLC,40,2435.07,98.19,CMO04,Kolkata,350,2023-04-25,2023-04-29,4,1,69,0.427,0.916,1,1,4,2400000,1022729.4,3422729.4
DISP2813,Semis,BOBYN,40,2328.13,97.01,CMO04,Kolkata,350,2023-08-01,2023-08-01,0,0,9,0.212,0.407,0,1,8,0,977814.6,977814.6
DISP2814,Semis,BOST,50,2001.32,80.05,CMO05,Hyderabad,1600,2023-10-20,2023-10-22,2,1,60,0.393,0.981,0,4,10,1500000,3842534.4,5342534.4
DISP2815,Semis,BOST,53,1957.45,73.87,CMO01,Delhi,1200,2023-11-22,2023-11-22,0,0,54,0.982,0.422,0,2,11,0,2818728.0,2818728.0
DISP2816,Plate,BLC,47,2126.85,72.99,CMO02,Mumbai,1800,2023-03-06,2023-03-10,4,1,69,0.295,0.704,0,0,3,2820000,4593996.0,7413996.0
DISP2817,TMT Bar,BOST,45,2215.37,98.46,CMO07,Pune,1750,2023-04-15,2023-04-15,0,0,16,0.275,0.606,0,5,4,0,4652277.0,4652277.0
DISP2818,Plate,BOXN,57,3227.25,97.62,CMO02,Mumbai,1800,2023-02-10,2023-02-12,2,1,78,0.506,0.82,0,4,2,1710000,6970860.0,8680860.0
DISP2819,Structurals,BCN,45,1910.49,77.19,CMO07,Pune,1750,2023-04-24,2023-04-24,0,0,43,0.355,0.888,0,0,4,0,4012029.0,4012029.0
DISP2820,Semis,BLC,48,2671.79,89.78,CMO07,Pune,1750,2023-05-21,2023-05-21,0,0,15,0.948,0.739,0,6,5,0,5610759.0,5610759.0
DISP2821,Plate,BOXN,43,2089.32,83.77,CMO07,Pune,1750,2023-11-02,2023-11-02,0,0,20,0.286,0.498,0,3,11,0,4387572.0,4387572.0
DISP2822,HR Coil,BLC,51,3079.21,97.38,CMO01,Delhi,1200,2023-04-17,2023-04-19,2,1,55,0.281,0.857,0,0,4,1530000,4434062.4,5964062.4
DISP2823,Structurals,BOBYN,53,2583.99,81.26,CMO01,Delhi,1200,2023-06-10,2023-06-11,1,1,62,0.847,0.426,0,5,6,795000,3720945.6,4515945.6
DISP2824,Plate,BOST,41,1507.08,73.52,CMO06,Ahmedabad,1900,2023-06-25,2023-06-27,2,1,49,0.587,0.73,1,6,6,1230000,3436142.4,4666142.4
DISP2825,Structurals,BOXN,46,2352.73,88.18,CMO03,Chennai,2100,2023-10-02,2023-10-03,1,1,7,0.614,0.833,0,0,10,690000,5928879.6,6618879.6
DISP2826,CR Coil,BCN,44,1853.55,76.59,CMO01,Delhi,1200,2023-12-21,2023-12-21,0,0,21,0.414,0.637,0,3,12,0,2669112.0,2669112.0
DISP2827,TMT Bar,BOST,49,2058.28,84.01,CMO06,Ahmedabad,1900,2023-09-11,2023-09-12,1,1,60,0.61,0.58,0,0,9,735000,4692878.4,5427878.4
DISP2828,Structurals,BCN,52,2090.28,73.09,CMO07,Pune,1750,2023-10-28,2023-10-28,0,0,44,0.333,0.444,1,5,10,0,4389588.0,4389588.0
DISP2829,Wire Rod,BLC,48,2811.63,94.48,CMO04,Kolkata,350,2023-11-15,2023-11-15,0,0,18,0.686,0.601,0,2,11,0,1180884.6,1180884.6
DISP2830,TMT Bar,BOXN,54,2349.55,75.02,CMO06,Ahmedabad,1900,2023-01-18,2023-01-18,0,0,70,0.402,0.587,0,2,1,0,5356974.0,5356974.0
DISP2831,Structurals,BCN,52,2027.69,70.9,CMO05,Hyderabad,1600,2023-04-03,2023-04-03,0,0,46,0.544,0.43,0,0,4,0,3893164.8,3893164.8
DISP2832,CR Coil,BCN,51,2085.55,74.35,CMO06,Ahmedabad,1900,2023-06-10,2023-06-10,0,0,20,0.208,0.782,0,5,6,0,4755054.0,4755054.0
DISP2833,CR Coil,BOST,50,2424.06,96.96,CMO04,Kolkata,350,2023-10-15,2023-10-15,0,0,13,0.508,0.721,0,6,10,0,1018105.2,1018105.2
DISP2834,HR Coil,BCN,42,2014.75,87.22,CMO05,Hyderabad,1600,2023-11-27,2023-11-27,0,0,58,0.746,0.605,1,0,11,0,3868320.0,3868320.0
DISP2835,CR Coil,BOXN,55,2710.21,84.96,CMO02,Mumbai,1800,2023-05-21,2023-05-21,0,0,58,0.295,0.617,0,6,5,0,5854053.6,5854053.6
DISP2836,Plate,BOBYN,58,2458.2,70.64,CMO04,Kolkata,350,2023-01-10,2023-01-13,3,1,78,0.99,0.938,0,1,1,2610000,1032444.0,3642444.0
DISP2837,Wire Rod,BOST,56,1992.86,71.17,CMO01,Delhi,1200,2023-11-27,2023-11-27,0,0,7,0.256,0.367,1,0,11,0,2869718.4,2869718.4
DISP2838,Structurals,BCN,50,2546.8,92.61,CMO03,Chennai,2100,2023-07-24,2023-07-24,0,0,15,0.645,0.519,0,0,7,0,6417936.0,6417936.0
DISP2839,Wire Rod,BLC,55,3255.19,95.46,CMO03,Chennai,2100,2023-03-04,2023-03-07,3,1,52,0.95,0.372,0,5,3,2475000,8203078.8,10678078.8
DISP2840,CR Coil,BCN,53,2238.44,76.79,CMO01,Delhi,1200,2023-02-15,2023-02-15,0,0,29,0.779,0.869,0,2,2,0,3223353.6,3223353.6
DISP2841,Plate,BOXN,48,2686.55,96.5,CMO01,Delhi,1200,2023-01-23,2023-01-25,2,1,19,0.238,0.513,0,0,1,1440000,3868632.0,5308632.0
DISP2842,Semis,BLC,48,2706.97,90.96,CMO07,Pune,1750,2023-03-12,2023-03-12,0,0,79,0.569,0.388,0,6,3,0,5684637.0,5684637.0
DISP2843,Semis,BLC,54,3014.78,90.05,CMO05,Hyderabad,1600,2023-09-25,2023-09-27,2,1,72,0.392,0.635,1,0,9,1620000,5788377.6,7408377.6
DISP2844,Semis,BLC,47,2120.05,72.75,CMO06,Ahmedabad,1900,2023-06-01,2023-06-03,2,1,15,0.482,0.885,0,3,6,1410000,4833714.0,6243714.0
DISP2845,Semis,BOXN,42,2415.37,99.15,CMO02,Mumbai,1800,2023-01-31,2023-01-31,0,0,32,0.211,0.451,1,1,1,0,5217199.2,5217199.2
DISP2846,CR Coil,BOXN,50,2211.54,76.26,CMO04,Kolkata,350,2023-10-30,2023-10-30,0,0,72,0.611,0.519,1,0,10,0,928846.8,928846.8
DISP2847,Structurals,BOBYN,56,2458.51,73.17,CMO04,Kolkata,350,2023-03-08,2023-03-08,0,0,33,0.933,0.57,0,2,3,0,1032574.2,1032574.2
DISP2848,Plate,BOBYN,52,2359.92,75.64,CMO05,Hyderabad,1600,2023-05-23,2023-05-23,0,0,59,0.331,0.515,0,1,5,0,4531046.4,4531046.4
DISP2849,Structurals,BOBYN,54,3119.66,96.29,CMO01,Delhi,1200,2023-02-26,2023-03-01,3,1,35,0.213,0.623,1,6,2,2430000,4492310.4,6922310.4
DISP2850,Plate,BCN,48,1941.71,73.55,CMO04,Kolkata,350,2023-10-09,2023-10-09,0,0,15,0.484,0.448,0,0,10,0,815518.2,815518.2
DISP2851,Wire Rod,BCN,41,1877.07,83.24,CMO05,Hyderabad,1600,2023-07-09,2023-07-09,0,0,17,0.239,0.568,0,6,7,0,3603974.4,3603974.4
DISP2852,CR Coil,BOBYN,52,2349.34,75.3,CMO03,Chennai,2100,2023-05-22,2023-05-23,1,1,72,0.686,0.663,0,0,5,780000,5920336.8,6700336.8
DISP2853,CR Coil,BOBYN,43,1847.13,71.59,CMO01,Delhi,1200,2023-01-19,2023-01-20,1,1,78,0.413,0.346,0,3,1,645000,2659867.2,3304867.2
DISP2854,Plate,BLC,52,2636.8,81.79,CMO06,Ahmedabad,1900,2023-04-23,2023-04-25,2,1,39,0.596,0.42,0,6,4,1560000,6011904.0,7571904.0
DISP2855,Structurals,BCN,40,1602.2,72.83,CMO05,Hyderabad,1600,2023-09-15,2023-09-17,2,1,66,0.791,0.897,0,4,9,1200000,3076224.0,4276224.0
DISP2856,Structurals,BOBYN,45,2159.05,79.96,CMO01,Delhi,1200,2023-08-22,2023-08-22,0,0,23,0.97,0.766,0,1,8,0,3109032.0,3109032.0
DISP2857,HR Coil,BCN,42,1735.31,75.12,CMO02,Mumbai,1800,2023-01-05,2023-01-05,0,0,50,0.976,0.708,0,3,1,0,3748269.6,3748269.6
DISP2858,CR Coil,BOXN,41,2248.82,94.57,CMO04,Kolkata,350,2023-10-18,2023-10-18,0,0,42,0.868,0.668,0,2,10,0,944504.4,944504.4
DISP2859,CR Coil,BOXN,43,1973.7,79.14,CMO07,Pune,1750,2023-06-21,2023-06-21,0,0,62,0.593,0.546,0,2,6,0,4144770.0,4144770.0
DISP2860,Structurals,BCN,51,2349.54,83.76,CMO04,Kolkata,350,2023-06-30,2023-06-30,0,0,43,0.768,0.924,1,4,6,0,986806.8,986806.8
DISP2861,Semis,BOST,55,2018.03,73.38,CMO07,Pune,1750,2023-12-18,2023-12-18,0,0,71,0.783,0.315,0,0,12,0,4237863.0,4237863.0
DISP2862,Semis,BOBYN,51,2599.01,84.93,CMO02,Mumbai,1800,2023-05-06,2023-05-10,4,1,78,0.793,0.981,0,5,5,3060000,5613861.6,8673861.6
DISP2863,CR Coil,BOXN,48,2681.39,96.31,CMO04,Kolkata,350,2023-12-14,2023-12-14,0,0,74,0.919,0.614,0,3,12,0,1126183.8,1126183.8
DISP2864,Plate,BCN,51,2710.75,96.64,CMO02,Mumbai,1800,2023-07-20,2023-07-21,1,1,80,0.534,0.996,0,3,7,765000,5855220.0,6620220.0
DISP2865,Plate,BCN,43,1963.04,83.0,CMO06,Ahmedabad,1900,2023-08-21,2023-08-26,5,1,77,0.975,0.855,0,0,8,3225000,4475731.2,7700731.2
DISP2866,Wire Rod,BOBYN,54,2929.86,90.43,CMO06,Ahmedabad,1900,2023-09-25,2023-09-27,2,1,42,0.699,0.765,1,0,9,1620000,6680080.8,8300080.8
DISP2867,Semis,BOXN,54,2230.88,71.23,CMO03,Chennai,2100,2023-05-25,2023-05-27,2,1,80,0.299,0.642,1,3,5,1620000,5621817.6,7241817.6
DISP2868,Semis,BOXN,48,2063.82,74.13,CMO01,Delhi,1200,2023-05-26,2023-05-27,1,1,69,0.732,0.838,1,4,5,720000,2971900.8,3691900.8
DISP2869,TMT Bar,BOBYN,53,2784.3,87.56,CMO02,Mumbai,1800,2023-02-11,2023-02-14,3,1,42,0.375,0.631,0,5,2,2385000,6014088.0,8399088.0
DISP2870,Structurals,BLC,52,3191.99,99.01,CMO04,Kolkata,350,2023-02-20,2023-02-21,1,1,38,0.936,0.718,0,0,2,780000,1340635.8,2120635.8
DISP2871,TMT Bar,BOST,44,1990.99,90.5,CMO07,Pune,1750,2023-04-13,2023-04-13,0,0,37,0.309,0.688,0,3,4,0,4181079.0,4181079.0
DISP2872,HR Coil,BOST,54,2332.12,86.37,CMO03,Chennai,2100,2023-07-12,2023-07-12,0,0,60,0.277,0.669,0,2,7,0,5876942.4,5876942.4
DISP2873,Plate,BCN,54,2394.59,80.63,CMO06,Ahmedabad,1900,2023-08-27,2023-08-27,0,0,58,0.969,0.623,1,6,8,0,5459665.2,5459665.2
DISP2874,HR Coil,BLC,42,2413.28,92.68,CMO07,Pune,1750,2023-11-11,2023-11-13,2,1,43,0.829,0.706,0,5,11,1260000,5067888.0,6327888.0
DISP2875,Plate,BOXN,52,2225.15,73.78,CMO03,Chennai,2100,2023-12-10,2023-12-13,3,1,5,0.57,0.834,0,6,12,2340000,5607378.0,7947378.0
DISP2876,HR Coil,BCN,43,1892.11,80.0,CMO01,Delhi,1200,2023-02-19,2023-02-19,0,0,42,0.652,0.783,0,6,2,0,2724638.4,2724638.4
DISP2877,HR Coil,BOST,56,2581.07,92.18,CMO06,Ahmedabad,1900,2023-01-28,2023-01-28,0,0,31,0.613,0.693,1,5,1,0,5884839.6,5884839.6
DISP2878,CR Coil,BOBYN,49,2612.11,88.85,CMO02,Mumbai,1800,2023-01-04,2023-01-05,1,1,67,0.699,0.44,0,2,1,735000,5642157.6,6377157.6
DISP2879,HR Coil,BOXN,47,2075.27,76.13,CMO05,Hyderabad,1600,2023-08-31,2023-09-01,1,1,8,0.866,0.611,1,3,8,705000,3984518.4,4689518.4
DISP2880,Wire Rod,BOBYN,47,2686.1,95.25,CMO04,Kolkata,350,2023-10-07,2023-10-07,0,0,38,0.857,0.777,0,5,10,0,1128162.0,1128162.0
DISP2881,Plate,BLC,44,2430.26,89.09,CMO01,Delhi,1200,2023-04-05,2023-04-07,2,1,23,0.855,0.76,0,2,4,1320000,3499574.4,4819574.4
DISP2882,Plate,BLC,55,2683.71,78.7,CMO02,Mumbai,1800,2023-12-08,2023-12-08,0,0,17,0.967,0.645,0,4,12,0,5796813.6,5796813.6
DISP2883,Wire Rod,BOXN,54,2584.12,82.51,CMO04,Kolkata,350,2023-08-06,2023-08-06,0,0,23,0.222,0.62,0,6,8,0,1085330.4,1085330.4
DISP2884,HR Coil,BCN,41,2014.92,89.35,CMO05,Hyderabad,1600,2023-12-03,2023-12-03,0,0,61,0.234,0.935,0,6,12,0,3868646.4,3868646.4
DISP2885,Wire Rod,BLC,48,2091.34,70.27,CMO06,Ahmedabad,1900,2023-03-23,2023-03-27,4,1,50,0.601,0.903,0,3,3,2880000,4768255.2,7648255.2
DISP2886,Plate,BOST,42,1579.93,75.23,CMO04,Kolkata,350,2023-03-19,2023-03-19,0,0,50,0.725,0.694,0,6,3,0,663570.6,663570.6
DISP2887,Semis,BOBYN,48,2694.21,93.55,CMO07,Pune,1750,2023-12-04,2023-12-04,0,0,43,0.939,0.348,0,0,12,0,5657841.0,5657841.0
DISP2888,Wire Rod,BLC,45,2435.14,87.28,CMO04,Kolkata,350,2023-09-17,2023-09-19,2,1,72,0.407,0.788,0,6,9,1350000,1022758.8,2372758.8
DISP2889,Plate,BLC,42,1857.9,71.35,CMO05,Hyderabad,1600,2023-03-23,2023-03-23,0,0,34,0.277,0.374,0,3,3,0,3567168.0,3567168.0
DISP2890,Wire Rod,BOBYN,47,2063.2,73.16,CMO03,Chennai,2100,2023-03-31,2023-04-03,3,1,54,0.805,0.594,1,4,3,2115000,5199264.0,7314264.0
DISP2891,HR Coil,BOXN,54,2909.65,92.9,CMO01,Delhi,1200,2023-11-07,2023-11-07,0,0,8,0.939,0.525,0,1,11,0,4189896.0,4189896.0
DISP2892,Wire Rod,BOST,57,2165.77,75.99,CMO02,Mumbai,1800,2023-05-10,2023-05-11,1,1,67,0.55,0.5,0,2,5,855000,4678063.2,5533063.2
DISP2893,Semis,BOBYN,42,2204.07,87.46,CMO05,Hyderabad,1600,2023-11-19,2023-11-19,0,0,17,0.363,0.867,0,6,11,0,4231814.4,4231814.4
DISP2894,TMT Bar,BLC,58,3106.85,86.4,CMO07,Pune,1750,2023-02-06,2023-02-06,0,0,48,0.348,0.811,0,0,2,0,6524385.0,6524385.0
DISP2895,Structurals,BLC,46,2708.6,94.97,CMO05,Hyderabad,1600,2023-10-20,2023-10-20,0,0,65,0.601,0.55,0,4,10,0,5200512.0,5200512.0
DISP2896,Semis,BOXN,54,2594.09,82.83,CMO02,Mumbai,1800,2023-07-12,2023-07-12,0,0,14,0.655,0.389,0,2,7,0,5603234.4,5603234.4
DISP2897,HR Coil,BLC,47,2084.8,71.54,CMO01,Delhi,1200,2023-10-04,2023-10-07,3,1,47,0.218,0.875,0,2,10,2115000,3002112.0,5117112.0
DISP2898,Wire Rod,BCN,42,2221.6,96.17,CMO06,Ahmedabad,1900,2023-03-22,2023-03-22,0,0,41,0.26,0.703,0,2,3,0,5065248.0,5065248.0
DISP2899,Plate,BCN,52,2532.8,88.56,CMO05,Hyderabad,1600,2023-10-07,2023-10-07,0,0,19,0.666,0.956,0,5,10,0,4862976.0,4862976.0
DISP2900,Structurals,BOXN,50,2396.62,82.64,CMO01,Delhi,1200,2023-04-13,2023-04-13,0,0,47,0.91,0.342,0,3,4,0,3451132.8,3451132.8
DISP2901,Semis,BCN,41,1737.9,77.07,CMO06,Ahmedabad,1900,2023-02-07,2023-02-07,0,0,77,0.923,0.792,0,1,2,0,3962412.0,3962412.0
DISP2902,HR Coil,BOXN,53,2703.41,87.94,CMO03,Chennai,2100,2023-11-10,2023-11-12,2,1,15,0.91,0.635,0,4,11,1590000,6812593.2,8402593.2
DISP2903,HR Coil,BLC,56,2665.02,76.76,CMO01,Delhi,1200,2023-06-29,2023-06-29,0,0,60,0.582,0.847,1,3,6,0,3837628.8,3837628.8
DISP2904,CR Coil,BOXN,40,2162.43,93.21,CMO01,Delhi,1200,2023-04-11,2023-04-11,0,0,73,0.687,0.566,0,1,4,0,3113899.2,3113899.2
DISP2905,HR Coil,BLC,41,2074.62,81.61,CMO05,Hyderabad,1600,2023-07-13,2023-07-14,1,1,21,0.544,0.599,0,3,7,615000,3983270.4,4598270.4
DISP2906,Plate,BCN,46,2031.43,80.29,CMO03,Chennai,2100,2023-01-30,2023-02-03,4,1,35,0.386,0.712,1,0,1,2760000,5119203.6,7879203.6
DISP2907,Semis,BOST,58,2069.83,71.37,CMO07,Pune,1750,2023-01-08,2023-01-09,1,1,36,0.85,0.354,0,6,1,870000,4346643.0,5216643.0
DISP2908,HR Coil,BCN,47,2583.52,99.94,CMO03,Chennai,2100,2023-03-08,2023-03-09,1,1,55,0.583,0.386,0,2,3,705000,6510470.4,7215470.4
DISP2909,Plate,BLC,51,3064.9,96.93,CMO02,Mumbai,1800,2023-04-23,2023-04-23,0,0,61,0.771,0.959,0,6,4,0,6620184.0,6620184.0
DISP2910,TMT Bar,BOBYN,56,3252.12,96.79,CMO07,Pune,1750,2023-06-13,2023-06-13,0,0,74,0.603,0.338,0,1,6,0,6829452.0,6829452.0
DISP2911,Structurals,BLC,48,2153.24,72.35,CMO05,Hyderabad,1600,2023-03-12,2023-03-14,2,1,71,0.384,0.819,0,6,3,1440000,4134220.8,5574220.8
DISP2912,Semis,BOBYN,41,2443.7,99.34,CMO07,Pune,1750,2023-12-24,2023-12-25,1,1,61,0.72,0.618,0,6,12,615000,5131770.0,5746770.0
DISP2913,HR Coil,BCN,58,2600.66,81.53,CMO03,Chennai,2100,2023-02-13,2023-02-13,0,0,12,0.423,0.727,0,0,2,0,6553663.2,6553663.2
DISP2914,Semis,BLC,54,2388.21,71.33,CMO04,Kolkata,350,2023-04-16,2023-04-17,1,1,53,0.348,0.602,0,6,4,810000,1003048.2,1813048.2
DISP2915,Plate,BCN,40,2140.64,97.3,CMO07,Pune,1750,2023-06-22,2023-06-22,0,0,38,0.848,0.714,0,3,6,0,4495344.0,4495344.0
DISP2916,TMT Bar,BOST,53,2543.27,95.97,CMO06,Ahmedabad,1900,2023-01-30,2023-01-30,0,0,18,0.643,0.967,1,0,1,0,5798655.6,5798655.6
DISP2917,TMT Bar,BOST,54,2233.31,82.72,CMO07,Pune,1750,2023-10-18,2023-10-23,5,1,71,0.408,0.972,0,2,10,4050000,4689951.0,8739951.0
DISP2918,CR Coil,BOXN,48,2616.62,93.99,CMO02,Mumbai,1800,2023-05-21,2023-05-23,2,1,15,0.999,0.84,0,6,5,1440000,5651899.2,7091899.2
DISP2919,HR Coil,BCN,51,2189.65,78.06,CMO05,Hyderabad,1600,2023-05-09,2023-05-09,0,0,6,0.299,0.698,0,1,5,0,4204128.0,4204128.0
DISP2920,TMT Bar,BOBYN,54,2717.77,83.88,CMO07,Pune,1750,2023-08-14,2023-08-14,0,0,6,0.573,0.976,0,0,8,0,5707317.0,5707317.0
DISP2921,Semis,BOBYN,53,2281.89,71.76,CMO05,Hyderabad,1600,2023-02-10,2023-02-10,0,0,40,0.918,0.686,0,4,2,0,4381228.8,4381228.8
DISP2922,Wire Rod,BCN,48,2053.56,77.79,CMO02,Mumbai,1800,2023-09-11,2023-09-11,0,0,21,0.382,0.422,0,0,9,0,4435689.6,4435689.6
DISP2923,Structurals,BOBYN,43,2312.66,89.64,CMO01,Delhi,1200,2023-04-05,2023-04-07,2,1,69,0.888,0.706,0,2,4,1290000,3330230.4,4620230.4
DISP2924,HR Coil,BCN,48,1860.77,70.48,CMO06,Ahmedabad,1900,2023-06-30,2023-07-01,1,1,74,0.775,0.72,1,4,6,720000,4242555.6,4962555.6
DISP2925,Wire Rod,BOST,42,1619.3,77.11,CMO01,Delhi,1200,2023-06-16,2023-06-18,2,1,78,0.497,0.876,0,4,6,1260000,2331792.0,3591792.0
DISP2926,TMT Bar,BOXN,50,2558.06,88.21,CMO02,Mumbai,1800,2023-07-04,2023-07-08,4,1,47,0.98,0.928,0,1,7,3000000,5525409.6,8525409.6
DISP2927,TMT Bar,BOXN,45,2115.38,81.05,CMO05,Hyderabad,1600,2023-05-29,2023-05-29,0,0,24,0.929,0.318,1,0,5,0,4061529.6,4061529.6
DISP2928,Semis,BOST,56,2618.11,93.5,CMO03,Chennai,2100,2023-12-31,2024-01-03,3,1,49,0.952,0.565,1,6,12,2520000,6597637.2,9117637.2
DISP2929,CR Coil,BOXN,42,2405.76,98.76,CMO04,Kolkata,350,2023-04-25,2023-04-28,3,1,77,0.603,0.702,1,1,4,1890000,1010419.2,2900419.2
DISP2930,Structurals,BOST,41,1808.37,88.21,CMO01,Delhi,1200,2023-12-04,2023-12-06,2,1,72,0.616,0.522,0,0,12,1230000,2604052.8,3834052.8
DISP2931,CR Coil,BOBYN,51,2353.96,76.93,CMO03,Chennai,2100,2023-06-11,2023-06-11,0,0,19,0.754,0.612,0,6,6,0,5931979.2,5931979.2
DISP2932,Wire Rod,BOXN,51,2567.95,86.81,CMO03,Chennai,2100,2023-02-09,2023-02-10,1,1,51,0.723,0.724,0,3,2,765000,6471234.0,7236234.0
DISP2933,Plate,BOBYN,57,2645.31,77.35,CMO07,Pune,1750,2023-07-28,2023-07-30,2,1,79,0.733,0.724,1,4,7,1710000,5555151.0,7265151.0
DISP2934,HR Coil,BLC,53,2798.05,85.15,CMO01,Delhi,1200,2023-03-17,2023-03-18,1,1,78,0.595,0.917,0,4,3,795000,4029192.0,4824192.0
DISP2935,Wire Rod,BOBYN,43,2130.02,82.56,CMO01,Delhi,1200,2023-10-11,2023-10-12,1,1,65,0.794,0.388,0,2,10,645000,3067228.8,3712228.8
DISP2936,Structurals,BOXN,44,2180.61,85.45,CMO02,Mumbai,1800,2023-09-29,2023-10-01,2,1,54,0.923,0.548,1,4,9,1320000,4710117.6,6030117.6
DISP2937,Structurals,BOXN,50,2810.76,96.92,CMO03,Chennai,2100,2023-06-22,2023-06-22,0,0,80,0.687,0.375,0,3,6,0,7083115.2,7083115.2
DISP2938,HR Coil,BCN,54,2890.41,97.32,CMO06,Ahmedabad,1900,2023-11-19,2023-11-19,0,0,62,0.793,0.605,0,6,11,0,6590134.8,6590134.8
DISP2939,Structurals,BOBYN,58,3392.66,97.49,CMO02,Mumbai,1800,2023-09-18,2023-09-18,0,0,15,0.322,0.305,0,0,9,0,7328145.6,7328145.6
DISP2940,Structurals,BLC,52,2566.73,79.61,CMO06,Ahmedabad,1900,2023-04-01,2023-04-01,0,0,70,0.778,0.496,0,5,4,0,5852144.4,5852144.4
DISP2941,CR Coil,BLC,50,2214.91,71.45,CMO03,Chennai,2100,2023-09-23,2023-09-25,2,1,72,0.664,0.891,0,5,9,1500000,5581573.2,7081573.2
DISP2942,TMT Bar,BOBYN,44,1881.21,71.26,CMO07,Pune,1750,2023-04-18,2023-04-18,0,0,60,0.615,0.703,0,1,4,0,3950541.0,3950541.0
DISP2943,HR Coil,BCN,45,1820.52,73.56,CMO03,Chennai,2100,2023-05-21,2023-05-26,5,1,67,0.551,0.92,0,6,5,3375000,4587710.4,7962710.4
DISP2944,Plate,BOXN,47,2453.21,89.99,CMO07,Pune,1750,2023-03-14,2023-03-14,0,0,17,0.365,0.887,0,1,3,0,5151741.0,5151741.0
DISP2945,HR Coil,BOXN,57,2847.71,86.14,CMO05,Hyderabad,1600,2023-04-10,2023-04-11,1,1,5,0.591,0.876,0,0,4,855000,5467603.2,6322603.2
DISP2946,Plate,BLC,56,2561.83,73.79,CMO04,Kolkata,350,2023-08-21,2023-08-21,0,0,42,0.934,0.801,0,0,8,0,1075968.6,1075968.6
DISP2947,HR Coil,BLC,55,2656.11,77.89,CMO04,Kolkata,350,2023-03-12,2023-03-13,1,1,40,0.785,0.382,0,6,3,825000,1115566.2,1940566.2
DISP2948,Semis,BOXN,50,2166.35,74.7,CMO02,Mumbai,1800,2023-06-21,2023-06-21,0,0,40,0.563,0.815,0,2,6,0,4679316.0,4679316.0
DISP2949,HR Coil,BCN,41,1871.68,83.0,CMO06,Ahmedabad,1900,2023-12-28,2024-01-01,4,1,71,0.454,0.889,1,3,12,2460000,4267430.4,6727430.4
DISP2950,HR Coil,BOXN,47,2020.14,74.11,CMO06,Ahmedabad,1900,2023-07-12,2023-07-15,3,1,33,0.739,0.486,0,2,7,2115000,4605919.2,6720919.2
DISP2951,Structurals,BCN,44,1838.16,75.96,CMO04,Kolkata,350,2023-02-15,2023-02-16,1,1,71,0.886,0.825,0,2,2,660000,772027.2,1432027.2
DISP2952,Plate,BOBYN,45,1921.44,71.16,CMO05,Hyderabad,1600,2023-12-19,2023-12-20,1,1,38,0.691,0.742,0,1,12,675000,3689164.8,4364164.8
DISP2953,Plate,BOBYN,49,2799.49,95.22,CMO06,Ahmedabad,1900,2023-05-30,2023-06-02,3,1,67,0.592,0.741,1,1,5,2205000,6382837.2,8587837.2
DISP2954,TMT Bar,BOBYN,43,2551.3,98.89,CMO01,Delhi,1200,2023-05-28,2023-05-28,0,0,58,0.975,0.528,1,6,5,0,3673872.0,3673872.0
DISP2955,HR Coil,BLC,50,2784.37,89.82,CMO02,Mumbai,1800,2023-06-27,2023-06-30,3,1,55,0.764,0.842,1,1,6,2250000,6014239.2,8264239.2
DISP2956,Wire Rod,BLC,47,2065.12,70.87,CMO05,Hyderabad,1600,2023-05-18,2023-05-21,3,1,69,0.372,0.896,0,3,5,2115000,3965030.4,6080030.4
DISP2957,TMT Bar,BCN,53,2382.76,81.74,CMO03,Chennai,2100,2023-08-15,2023-08-18,3,1,59,0.519,0.939,0,1,8,2385000,6004555.2,8389555.2
DISP2958,TMT Bar,BOXN,49,2371.05,83.43,CMO06,Ahmedabad,1900,2023-04-24,2023-04-24,0,0,78,0.9,0.675,0,0,4,0,5405994.0,5405994.0
DISP2959,HR Coil,BOST,50,1846.91,73.88,CMO05,Hyderabad,1600,2023-10-04,2023-10-04,0,0,7,0.96,0.315,0,2,10,0,3546067.2,3546067.2
DISP2960,Semis,BCN,51,2608.8,93.01,CMO06,Ahmedabad,1900,2023-10-11,2023-10-11,0,0,13,0.724,0.663,0,2,10,0,5948064.0,5948064.0
DISP2961,CR Coil,BOST,52,2490.58,95.79,CMO02,Mumbai,1800,2023-04-28,2023-04-30,2,1,42,0.841,0.937,1,4,4,1560000,5379652.8,6939652.8
DISP2962,Structurals,BOXN,41,2267.77,95.36,CMO02,Mumbai,1800,2023-09-27,2023-09-29,2,1,18,0.601,0.854,1,2,9,1230000,4898383.2,6128383.2
DISP2963,HR Coil,BOBYN,41,1923.07,78.17,CMO02,Mumbai,1800,2023-03-05,2023-03-05,0,0,53,0.724,0.392,0,6,3,0,4153831.2,4153831.2
DISP2964,TMT Bar,BOXN,42,1759.2,72.22,CMO07,Pune,1750,2023-12-27,2024-01-01,5,1,58,0.216,0.82,1,2,12,3150000,3694320.0,6844320.0
DISP2965,HR Coil,BOST,52,1971.54,75.83,CMO06,Ahmedabad,1900,2023-11-07,2023-11-07,0,0,44,0.828,0.598,0,1,11,0,4495111.2,4495111.2
DISP2966,TMT Bar,BLC,46,2081.69,72.99,CMO03,Chennai,2100,2023-12-02,2023-12-07,5,1,78,0.577,0.504,0,5,12,3450000,5245858.8,8695858.8
DISP2967,Plate,BLC,49,2953.85,97.23,CMO03,Chennai,2100,2023-10-01,2023-10-03,2,1,69,0.396,0.312,0,6,10,1470000,7443702.0,8913702.0
DISP2968,TMT Bar,BOST,43,1796.71,83.57,CMO07,Pune,1750,2023-10-23,2023-10-23,0,0,8,0.518,0.462,0,0,10,0,3773091.0,3773091.0
DISP2969,Plate,BCN,50,2043.61,74.31,CMO01,Delhi,1200,2023-11-19,2023-11-19,0,0,15,0.276,0.418,0,6,11,0,2942798.4,2942798.4
DISP2970,Wire Rod,BOBYN,42,1870.85,74.24,CMO05,Hyderabad,1600,2023-11-12,2023-11-12,0,0,65,0.619,0.888,0,6,11,0,3592032.0,3592032.0
DISP2971,HR Coil,BLC,48,2450.91,82.36,CMO07,Pune,1750,2023-06-22,2023-06-22,0,0,24,0.229,0.782,0,3,6,0,5146911.0,5146911.0
DISP2972,Semis,BCN,46,2344.07,92.65,CMO01,Delhi,1200,2023-09-08,2023-09-10,2,1,74,0.6,0.972,0,4,9,1380000,3375460.8,4755460.8
DISP2973,Wire Rod,BOST,42,2050.38,97.64,CMO05,Hyderabad,1600,2023-08-06,2023-08-08,2,1,14,0.501,0.83,0,6,8,1260000,3936729.6,5196729.6
DISP2974,CR Coil,BLC,43,1897.44,71.17,CMO02,Mumbai,1800,2023-08-06,2023-08-10,4,1,68,0.337,0.862,0,6,8,2580000,4098470.4,6678470.4
DISP2975,Plate,BLC,40,1956.78,78.9,CMO04,Kolkata,350,2023-08-11,2023-08-12,1,1,42,0.776,0.916,0,4,8,600000,821847.6,1421847.6
DISP2976,TMT Bar,BOBYN,44,2077.84,78.71,CMO05,Hyderabad,1600,2023-12-17,2023-12-19,2,1,31,0.842,0.966,0,6,12,1320000,3989452.8,5309452.8
DISP2977,Wire Rod,BOBYN,50,2934.37,97.81,CMO04,Kolkata,350,2023-03-11,2023-03-13,2,1,26,0.62,0.881,0,5,3,1500000,1232435.4,2732435.4
DISP2978,CR Coil,BOXN,40,1841.04,79.36,CMO04,Kolkata,350,2023-04-07,2023-04-07,0,0,30,0.755,0.676,0,4,4,0,773236.8,773236.8
DISP2979,HR Coil,BLC,45,2008.89,72.0,CMO05,Hyderabad,1600,2023-11-22,2023-11-23,1,1,76,0.907,0.541,0,2,11,675000,3857068.8,4532068.8
DISP2980,TMT Bar,BLC,58,3303.99,91.88,CMO07,Pune,1750,2023-07-08,2023-07-08,0,0,56,0.947,0.693,0,5,7,0,6938379.0,6938379.0
DISP2981,CR Coil,BOST,44,1607.96,73.09,CMO01,Delhi,1200,2023-04-21,2023-04-23,2,1,40,0.343,0.695,0,4,4,1320000,2315462.4,3635462.4
DISP2982,Structurals,BLC,50,2705.36,87.27,CMO07,Pune,1750,2023-10-31,2023-11-04,4,1,40,0.973,0.816,1,1,10,3000000,5681256.0,8681256.0
DISP2983,CR Coil,BOXN,47,2717.08,99.67,CMO02,Mumbai,1800,2023-02-16,2023-02-17,1,1,23,0.315,0.633,0,3,2,705000,5868892.8,6573892.8
DISP2984,HR Coil,BOST,54,2234.58,82.76,CMO02,Mumbai,1800,2023-08-30,2023-09-01,2,1,46,0.442,0.832,1,2,8,1620000,4826692.8,6446692.8
DISP2985,Semis,BLC,51,2509.14,79.35,CMO04,Kolkata,350,2023-09-25,2023-09-25,0,0,45,0.625,0.918,1,0,9,0,1053838.8,1053838.8
DISP2986,CR Coil,BCN,44,2303.75,95.2,CMO06,Ahmedabad,1900,2023-10-14,2023-10-17,3,1,61,0.592,0.852,0,5,10,1980000,5252550.0,7232550.0
DISP2987,Wire Rod,BCN,45,1751.28,70.76,CMO06,Ahmedabad,1900,2023-07-07,2023-07-07,0,0,64,0.817,0.542,0,4,7,0,3992918.4,3992918.4
DISP2988,Plate,BOBYN,52,2534.26,81.23,CMO05,Hyderabad,1600,2023-01-06,2023-01-07,1,1,30,0.554,0.668,0,4,1,780000,4865779.2,5645779.2
DISP2989,HR Coil,BCN,56,3007.53,97.65,CMO03,Chennai,2100,2023-11-07,2023-11-08,1,1,39,0.227,0.492,0,1,11,840000,7578975.6,8418975.6
DISP2990,Structurals,BCN,48,2343.21,88.76,CMO06,Ahmedabad,1900,2023-10-20,2023-10-20,0,0,8,0.891,0.949,0,4,10,0,5342518.8,5342518.8
DISP2991,Structurals,BLC,45,2349.28,84.2,CMO04,Kolkata,350,2023-11-28,2023-12-02,4,1,74,0.846,0.327,1,1,11,2700000,986697.6,3686697.6
DISP2992,CR Coil,BOBYN,44,1913.6,72.48,CMO06,Ahmedabad,1900,2023-03-03,2023-03-06,3,1,12,0.555,0.797,0,4,3,1980000,4363008.0,6343008.0
DISP2993,TMT Bar,BOBYN,40,1919.52,79.98,CMO07,Pune,1750,2023-12-11,2023-12-11,0,0,45,0.918,0.418,0,0,12,0,4030992.0,4030992.0
DISP2994,Structurals,BOST,40,1964.33,98.22,CMO03,Chennai,2100,2023-07-26,2023-07-30,4,1,58,0.87,0.769,1,2,7,2400000,4950111.6,7350111.6
DISP2995,Plate,BCN,42,1736.6,75.18,CMO02,Mumbai,1800,2023-01-23,2023-01-23,0,0,40,0.687,0.782,0,0,1,0,3751056.0,3751056.0
DISP2996,Structurals,BOXN,49,2222.81,78.21,CMO06,Ahmedabad,1900,2023-06-29,2023-06-29,0,0,20,0.473,0.698,1,3,6,0,5068006.8,5068006.8
DISP2997,Plate,BOXN,43,2432.66,97.54,CMO04,Kolkata,350,2023-04-04,2023-04-04,0,0,16,0.349,0.714,0,1,4,0,1021717.2,1021717.2
DISP2998,Semis,BOXN,46,2378.21,89.14,CMO02,Mumbai,1800,2023-08-24,2023-08-26,2,1,15,0.902,0.96,0,3,8,1380000,5136933.6,6516933.6
DISP2999,Semis,BOBYN,49,2105.04,71.6,CMO02,Mumbai,1800,2023-12-28,2023-12-29,1,1,41,0.342,0.398,1,3,12,735000,4546886.4,5281886.4
DISP3000,CR Coil,BOBYN,45,2683.22,99.38,CMO03,Chennai,2100,2023-05-13,2023-05-13,0,0,61,0.412,0.643,0,5,5,0,6761714.4,6761714.4
DISP3001,TMT Bar,BOST,54,2561.9,94.89,CMO07,Pune,1750,2023-12-18,2023-12-21,3,1,26,0.229,0.884,0,0,12,2430000,5379990.0,7809990.0
DISP3002,CR Coil,BLC,51,2826.2,89.38,CMO06,Ahmedabad,1900,2023-12-16,2023-12-20,4,1,41,0.366,0.79,0,5,12,3060000,6443736.0,9503736.0
DISP3003,Semis,BOXN,56,3027.21,93.2,CMO03,Chennai,2100,2023-05-13,2023-05-15,2,1,32,0.574,0.322,0,5,5,1680000,7628569.2,9308569.2
DISP3004,CR Coil,BOBYN,54,2838.39,87.6,CMO04,Kolkata,350,2023-07-10,2023-07-13,3,1,77,0.502,0.712,0,0,7,2430000,1192123.8,3622123.8
DISP3005,Structurals,BOXN,45,2156.96,82.64,CMO03,Chennai,2100,2023-06-21,2023-06-21,0,0,48,0.718,0.37,0,2,6,0,5435539.2,5435539.2
DISP3006,TMT Bar,BLC,57,2671.17,75.58,CMO02,Mumbai,1800,2023-01-12,2023-01-12,0,0,61,0.847,0.62,0,3,1,0,5769727.2,5769727.2
DISP3007,Wire Rod,BLC,55,3240.28,95.02,CMO06,Ahmedabad,1900,2023-05-10,2023-05-11,1,1,52,0.681,0.638,0,2,5,825000,7387838.4,8212838.4
DISP3008,CR Coil,BOST,43,1776.54,82.63,CMO07,Pune,1750,2023-05-18,2023-05-18,0,0,78,0.521,0.32,0,3,5,0,3730734.0,3730734.0
DISP3009,TMT Bar,BOST,46,2266.53,98.54,CMO05,Hyderabad,1600,2023-10-18,2023-10-18,0,0,22,0.304,0.533,0,2,10,0,4351737.6,4351737.6
DISP3010,HR Coil,BOBYN,51,2563.1,83.76,CMO03,Chennai,2100,2023-03-26,2023-03-28,2,1,63,0.201,0.403,1,6,3,1530000,6459012.0,7989012.0
DISP3011,HR Coil,BOBYN,46,2293.46,83.1,CMO02,Mumbai,1800,2023-05-06,2023-05-08,2,1,24,0.748,0.892,0,5,5,1380000,4953873.6,6333873.6
DISP3012,TMT Bar,BLC,57,3201.93,90.6,CMO01,Delhi,1200,2023-12-24,2023-12-24,0,0,32,0.93,0.768,0,6,12,0,4610779.2,4610779.2
DISP3013,Structurals,BOXN,52,2227.47,73.86,CMO02,Mumbai,1800,2023-03-10,2023-03-10,0,0,56,0.819,0.929,0,4,3,0,4811335.2,4811335.2
DISP3014,Structurals,BLC,52,2773.4,86.02,CMO07,Pune,1750,2023-06-27,2023-07-01,4,1,67,0.736,0.979,1,1,6,3120000,5824140.0,8944140.0
DISP3015,CR Coil,BOBYN,51,2474.57,80.87,CMO07,Pune,1750,2023-09-14,2023-09-14,0,0,5,0.688,0.826,0,3,9,0,5196597.0,5196597.0
DISP3016,Structurals,BOBYN,55,2496.09,75.64,CMO02,Mumbai,1800,2023-04-19,2023-04-19,0,0,43,0.548,0.538,0,2,4,0,5391554.4,5391554.4
DISP3017,Wire Rod,BCN,49,2199.24,81.6,CMO02,Mumbai,1800,2023-09-04,2023-09-06,2,1,9,0.409,0.969,0,0,9,1470000,4750358.4,6220358.4
DISP3018,Plate,BOXN,54,2949.93,94.19,CMO07,Pune,1750,2023-06-27,2023-06-27,0,0,17,0.725,0.583,1,1,6,0,6194853.0,6194853.0
DISP3019,CR Coil,BOBYN,58,2965.28,85.21,CMO03,Chennai,2100,2023-12-18,2023-12-21,3,1,63,0.209,0.758,0,0,12,2610000,7472505.6,10082505.6
DISP3020,HR Coil,BLC,48,2745.72,92.26,CMO03,Chennai,2100,2023-03-01,2023-03-01,0,0,62,0.602,0.847,0,2,3,0,6919214.4,6919214.4
DISP3021,Semis,BCN,43,2212.81,93.56,CMO05,Hyderabad,1600,2023-08-06,2023-08-07,1,1,73,0.808,0.909,0,6,8,645000,4248595.2,4893595.2
DISP3022,Structurals,BCN,46,2161.81,85.45,CMO05,Hyderabad,1600,2023-11-11,2023-11-14,3,1,63,0.548,0.625,0,5,11,2070000,4150675.2,6220675.2
DISP3023,Wire Rod,BOXN,51,2294.51,77.57,CMO03,Chennai,2100,2023-06-22,2023-06-22,0,0,42,0.813,0.316,0,3,6,0,5782165.2,5782165.2
DISP3024,TMT Bar,BLC,40,2068.4,83.4,CMO03,Chennai,2100,2023-06-02,2023-06-04,2,1,9,0.677,0.55,0,4,6,1200000,5212368.0,6412368.0
DISP3025,CR Coil,BOXN,57,2408.0,72.84,CMO02,Mumbai,1800,2023-03-16,2023-03-16,0,0,68,0.545,0.492,0,3,3,0,5201280.0,5201280.0
DISP3026,Structurals,BOBYN,56,2925.62,87.07,CMO05,Hyderabad,1600,2023-01-21,2023-01-21,0,0,14,0.461,0.327,0,5,1,0,5617190.4,5617190.4
DISP3027,Structurals,BOXN,52,2575.03,85.38,CMO06,Ahmedabad,1900,2023-02-10,2023-02-10,0,0,48,0.942,0.824,0,4,2,0,5871068.4,5871068.4
DISP3028,HR Coil,BCN,42,2196.94,95.11,CMO02,Mumbai,1800,2023-08-10,2023-08-10,0,0,19,0.835,0.7,0,3,8,0,4745390.4,4745390.4
DISP3029,Plate,BOST,47,2134.45,90.83,CMO05,Hyderabad,1600,2023-01-26,2023-01-26,0,0,52,0.659,0.451,1,3,1,0,4098144.0,4098144.0
DISP3030,TMT Bar,BOBYN,48,2449.35,85.05,CMO06,Ahmedabad,1900,2023-01-24,2023-01-25,1,1,56,0.928,0.775,0,1,1,720000,5584518.0,6304518.0
DISP3031,HR Coil,BLC,44,2134.47,78.24,CMO07,Pune,1750,2023-08-25,2023-08-25,0,0,45,0.278,0.457,1,4,8,0,4482387.0,4482387.0
DISP3032,CR Coil,BOST,49,2250.2,91.84,CMO01,Delhi,1200,2023-11-08,2023-11-09,1,1,63,0.67,0.744,0,2,11,735000,3240288.0,3975288.0
DISP3033,Plate,BCN,50,2188.71,79.59,CMO01,Delhi,1200,2023-08-16,2023-08-18,2,1,24,0.57,0.82,0,2,8,1500000,3151742.4,4651742.4
DISP3034,Structurals,BCN,52,2029.68,70.97,CMO04,Kolkata,350,2023-10-20,2023-10-20,0,0,15,0.705,0.693,0,4,10,0,852465.6,852465.6
DISP3035,CR Coil,BOST,51,2017.59,79.12,CMO06,Ahmedabad,1900,2023-06-11,2023-06-11,0,0,62,0.74,0.321,0,6,6,0,4600105.2,4600105.2
DISP3036,CR Coil,BCN,58,2645.97,82.95,CMO05,Hyderabad,1600,2023-01-12,2023-01-12,0,0,41,0.645,0.644,0,3,1,0,5080262.4,5080262.4
DISP3037,Plate,BLC,43,1943.76,72.91,CMO02,Mumbai,1800,2023-04-22,2023-04-23,1,1,32,0.994,0.7,0,5,4,645000,4198521.6,4843521.6
DISP3038,Semis,BLC,57,2906.91,82.26,CMO06,Ahmedabad,1900,2023-04-22,2023-04-22,0,0,58,0.92,0.495,0,5,4,0,6627754.8,6627754.8
DISP3039,Structurals,BCN,56,2650.92,86.07,CMO01,Delhi,1200,2023-07-20,2023-07-20,0,0,33,0.887,0.646,0,3,7,0,3817324.8,3817324.8
DISP3040,Semis,BOBYN,45,2214.04,82.0,CMO04,Kolkata,350,2023-01-02,2023-01-02,0,0,73,0.864,0.834,0,0,1,0,929896.8,929896.8
DISP3041,Structurals,BLC,58,3221.77,89.59,CMO01,Delhi,1200,2023-08-03,2023-08-05,2,1,57,0.351,0.32,0,3,8,1740000,4639348.8,6379348.8
DISP3042,Plate,BOST,58,2666.97,91.96,CMO01,Delhi,1200,2023-01-12,2023-01-12,0,0,46,0.688,0.417,0,3,1,0,3840436.8,3840436.8
DISP3043,Structurals,BCN,40,2030.36,92.29,CMO01,Delhi,1200,2023-12-01,2023-12-01,0,0,54,0.642,0.904,0,4,12,0,2923718.4,2923718.4
DISP3044,CR Coil,BCN,47,1945.38,75.26,CMO04,Kolkata,350,2023-12-31,2023-12-31,0,0,30,0.458,0.505,1,6,12,0,817059.6,817059.6
DISP3045,CR Coil,BLC,54,2589.73,77.35,CMO05,Hyderabad,1600,2023-11-05,2023-11-05,0,0,61,0.992,0.858,0,6,11,0,4972281.6,4972281.6
DISP3046,Plate,BOXN,50,2788.71,96.16,CMO06,Ahmedabad,1900,2023-03-23,2023-03-24,1,1,36,0.57,0.974,0,3,3,750000,6358258.8,7108258.8
DISP3047,Structurals,BOST,55,2636.29,95.87,CMO04,Kolkata,350,2023-02-06,2023-02-06,0,0,58,0.966,0.918,0,0,2,0,1107241.8,1107241.8
DISP3048,Structurals,BOST,57,2606.12,91.44,CMO07,Pune,1750,2023-08-13,2023-08-13,0,0,66,0.862,0.342,0,6,8,0,5472852.0,5472852.0
DISP3049,Semis,BOXN,51,2425.05,81.98,CMO07,Pune,1750,2023-09-19,2023-09-20,1,1,61,0.543,0.387,0,1,9,765000,5092605.0,5857605.0
DISP3050,Semis,BOXN,45,2113.94,80.99,CMO05,Hyderabad,1600,2023-12-03,2023-12-04,1,1,48,0.314,0.47,0,6,12,675000,4058764.8,4733764.8
DISP3051,TMT Bar,BOXN,54,3037.28,96.98,CMO06,Ahmedabad,1900,2023-09-09,2023-09-09,0,0,36,0.806,0.54,0,5,9,0,6924998.4,6924998.4
DISP3052,TMT Bar,BLC,48,2590.52,87.05,CMO07,Pune,1750,2023-11-01,2023-11-01,0,0,9,0.809,0.404,0,2,11,0,5440092.0,5440092.0
DISP3053,CR Coil,BOST,51,2331.06,91.41,CMO03,Chennai,2100,2023-06-07,2023-06-07,0,0,25,0.654,0.513,0,2,6,0,5874271.2,5874271.2
DISP3054,Structurals,BOBYN,44,1964.05,74.4,CMO03,Chennai,2100,2023-05-30,2023-05-30,0,0,54,0.406,0.46,1,1,5,0,4949406.0,4949406.0
DISP3055,Plate,BOBYN,58,2448.6,70.36,CMO03,Chennai,2100,2023-07-06,2023-07-08,2,1,70,0.796,0.997,0,3,7,1740000,6170472.0,7910472.0
DISP3056,CR Coil,BOBYN,58,3326.13,95.58,CMO03,Chennai,2100,2023-06-10,2023-06-12,2,1,71,0.499,0.906,0,5,6,1740000,8381847.6,10121847.6
DISP3057,Plate,BOBYN,55,3198.16,96.91,CMO04,Kolkata,350,2023-01-08,2023-01-09,1,1,13,0.474,0.517,0,6,1,825000,1343227.2,2168227.2
DISP3058,Semis,BOXN,46,2152.94,80.69,CMO06,Ahmedabad,1900,2023-08-24,2023-08-24,0,0,77,0.93,0.934,0,3,8,0,4908703.2,4908703.2
DISP3059,Semis,BOST,47,2167.67,92.24,CMO07,Pune,1750,2023-07-06,2023-07-06,0,0,9,0.519,0.369,0,3,7,0,4552107.0,4552107.0
DISP3060,HR Coil,BOST,57,2718.85,95.4,CMO03,Chennai,2100,2023-10-03,2023-10-03,0,0,15,0.976,0.339,0,1,10,0,6851502.0,6851502.0
DISP3061,CR Coil,BCN,45,2244.6,90.69,CMO02,Mumbai,1800,2023-11-30,2023-12-05,5,1,36,0.383,0.802,1,3,11,3375000,4848336.0,8223336.0
DISP3062,TMT Bar,BCN,42,2131.98,92.29,CMO05,Hyderabad,1600,2023-02-02,2023-02-02,0,0,21,0.618,0.343,0,3,2,0,4093401.6,4093401.6
DISP3063,Plate,BOST,55,2308.02,83.93,CMO07,Pune,1750,2023-10-02,2023-10-03,1,1,11,0.455,0.744,0,0,10,825000,4846842.0,5671842.0
DISP3064,HR Coil,BOBYN,43,2225.79,86.27,CMO04,Kolkata,350,2023-04-21,2023-04-21,0,0,67,0.44,0.307,0,4,4,0,934831.8,934831.8
DISP3065,HR Coil,BLC,46,2500.29,87.67,CMO06,Ahmedabad,1900,2023-11-22,2023-11-22,0,0,63,0.994,0.476,0,2,11,0,5700661.2,5700661.2
DISP3066,TMT Bar,BOBYN,50,2556.56,85.22,CMO04,Kolkata,350,2023-09-21,2023-09-21,0,0,41,0.961,0.51,0,3,9,0,1073755.2,1073755.2
DISP3067,CR Coil,BCN,57,2667.63,85.09,CMO03,Chennai,2100,2023-11-17,2023-11-18,1,1,61,0.289,0.83,0,4,11,855000,6722427.6,7577427.6
DISP3068,Plate,BLC,45,2102.65,75.36,CMO04,Kolkata,350,2023-08-10,2023-08-12,2,1,43,0.276,0.903,0,3,8,1350000,883113.0,2233113.0
DISP3069,Semis,BOBYN,43,2396.45,92.89,CMO02,Mumbai,1800,2023-04-20,2023-04-20,0,0,44,0.601,0.524,0,3,4,0,5176332.0,5176332.0
DISP3070,HR Coil,BCN,46,2204.4,87.13,CMO06,Ahmedabad,1900,2023-03-21,2023-03-21,0,0,46,0.325,0.836,0,1,3,0,5026032.0,5026032.0
DISP3071,Semis,BOST,45,1794.83,79.77,CMO02,Mumbai,1800,2023-09-22,2023-09-22,0,0,65,0.723,0.852,0,4,9,0,3876832.8,3876832.8
DISP3072,TMT Bar,BCN,55,2965.4,98.03,CMO02,Mumbai,1800,2023-06-05,2023-06-07,2,1,52,0.316,0.534,0,0,6,1650000,6405264.0,8055264.0
DISP3073,Wire Rod,BLC,58,2941.75,81.81,CMO03,Chennai,2100,2023-08-02,2023-08-02,0,0,5,0.81,0.583,0,2,8,0,7413210.0,7413210.0
DISP3074,TMT Bar,BOBYN,54,3013.57,93.01,CMO06,Ahmedabad,1900,2023-01-10,2023-01-12,2,1,30,0.367,0.802,0,1,1,1620000,6870939.6,8490939.6
DISP3075,TMT Bar,BLC,50,2689.0,86.74,CMO04,Kolkata,350,2023-04-13,2023-04-13,0,0,32,0.694,0.608,0,3,4,0,1129380.0,1129380.0
DISP3076,HR Coil,BOBYN,50,2750.56,91.69,CMO02,Mumbai,1800,2023-10-31,2023-11-02,2,1,65,0.962,0.963,1,1,10,1500000,5941209.6,7441209.6
DISP3077,Structurals,BOBYN,48,2868.71,99.61,CMO04,Kolkata,350,2023-10-28,2023-10-31,3,1,53,0.247,0.339,1,5,10,2160000,1204858.2,3364858.2
DISP3078,Wire Rod,BOXN,55,2361.51,74.03,CMO03,Chennai,2100,2023-02-07,2023-02-07,0,0,46,0.982,0.813,0,1,2,0,5951005.2,5951005.2
DISP3079,Semis,BOST,49,2136.95,87.22,CMO02,Mumbai,1800,2023-10-15,2023-10-15,0,0,16,0.551,0.529,0,6,10,0,4615812.0,4615812.0
DISP3080,Structurals,BOST,56,2646.54,94.52,CMO03,Chennai,2100,2023-12-20,2023-12-20,0,0,7,0.312,0.839,0,2,12,0,6669280.8,6669280.8
DISP3081,Structurals,BCN,51,2725.14,97.15,CMO06,Ahmedabad,1900,2023-08-17,2023-08-17,0,0,32,0.347,0.628,0,3,8,0,6213319.2,6213319.2
DISP3082,TMT Bar,BCN,48,2326.06,88.11,CMO02,Mumbai,1800,2023-01-12,2023-01-12,0,0,22,0.295,0.588,0,3,1,0,5024289.6,5024289.6
DISP3083,Wire Rod,BOXN,56,2332.34,71.81,CMO07,Pune,1750,2023-09-20,2023-09-22,2,1,52,0.213,0.606,0,2,9,1680000,4897914.0,6577914.0
DISP3084,Semis,BOST,55,2158.18,78.48,CMO03,Chennai,2100,2023-06-20,2023-06-20,0,0,13,0.788,0.696,0,1,6,0,5438613.6,5438613.6
DISP3085,Semis,BOST,45,2114.05,93.96,CMO01,Delhi,1200,2023-02-14,2023-02-14,0,0,78,0.938,0.727,0,1,2,0,3044232.0,3044232.0
DISP3086,Semis,BLC,48,2498.99,83.97,CMO01,Delhi,1200,2023-03-19,2023-03-21,2,1,47,0.258,0.753,0,6,3,1440000,3598545.6,5038545.6
DISP3087,Structurals,BLC,40,2034.69,82.04,CMO06,Ahmedabad,1900,2023-05-31,2023-06-02,2,1,5,0.699,0.573,1,2,5,1200000,4639093.2,5839093.2
DISP3088,CR Coil,BOBYN,58,3140.22,90.24,CMO03,Chennai,2100,2023-06-17,2023-06-17,0,0,73,0.566,0.766,0,5,6,0,7913354.4,7913354.4
DISP3089,Plate,BOST,44,1664.64,75.67,CMO03,Chennai,2100,2023-03-17,2023-03-17,0,0,31,0.447,0.371,0,4,3,0,4194892.8,4194892.8
DISP3090,Semis,BOBYN,57,2751.58,80.46,CMO01,Delhi,1200,2023-02-05,2023-02-05,0,0,46,0.896,0.95,0,6,2,0,3962275.2,3962275.2
DISP3091,CR Coil,BOBYN,53,3171.42,99.73,CMO03,Chennai,2100,2023-04-30,2023-04-30,0,0,32,0.818,0.319,1,6,4,0,7991978.4,7991978.4
DISP3092,Wire Rod,BLC,40,2066.3,83.32,CMO01,Delhi,1200,2023-04-17,2023-04-19,2,1,53,0.239,0.607,0,0,4,1200000,2975472.0,4175472.0
DISP3093,Plate,BOXN,42,2413.52,99.08,CMO07,Pune,1750,2023-09-17,2023-09-17,0,0,79,0.78,0.385,0,6,9,0,5068392.0,5068392.0
DISP3094,HR Coil,BOST,51,2358.51,92.49,CMO04,Kolkata,350,2023-06-12,2023-06-12,0,0,58,0.353,0.99,0,0,6,0,990574.2,990574.2
DISP3095,TMT Bar,BCN,56,2259.48,73.36,CMO04,Kolkata,350,2023-08-22,2023-08-26,4,1,7,0.206,0.862,0,1,8,3360000,948981.6,4308981.6
DISP3096,TMT Bar,BCN,42,1917.87,83.02,CMO03,Chennai,2100,2023-11-30,2023-12-04,4,1,43,0.383,0.791,1,3,11,2520000,4833032.4,7353032.4
DISP3097,Wire Rod,BCN,50,1962.43,71.36,CMO01,Delhi,1200,2023-05-08,2023-05-08,0,0,27,0.652,0.39,0,0,5,0,2825899.2,2825899.2
DISP3098,Structurals,BOXN,41,2089.93,87.89,CMO04,Kolkata,350,2023-04-18,2023-04-18,0,0,42,0.497,0.59,0,1,4,0,877770.6,877770.6
DISP3099,CR Coil,BOST,44,2029.7,92.26,CMO02,Mumbai,1800,2023-12-09,2023-12-09,0,0,28,0.492,0.947,0,5,12,0,4384152.0,4384152.0
DISP3100,HR Coil,BOBYN,49,2414.02,82.11,CMO04,Kolkata,350,2023-07-11,2023-07-12,1,1,38,0.698,0.32,0,1,7,735000,1013888.4,1748888.4
DISP3101,Wire Rod,BOBYN,53,2270.36,71.39,CMO01,Delhi,1200,2023-07-13,2023-07-14,1,1,72,0.336,0.37,0,3,7,795000,3269318.4,4064318.4
DISP3102,Wire Rod,BOXN,55,2677.46,83.93,CMO01,Delhi,1200,2023-08-01,2023-08-01,0,0,73,0.552,0.9,0,1,8,0,3855542.4,3855542.4
DISP3103,HR Coil,BLC,55,3307.24,96.99,CMO03,Chennai,2100,2023-05-12,2023-05-12,0,0,21,0.458,0.678,0,4,5,0,8334244.8,8334244.8
DISP3104,Structurals,BOXN,55,2704.61,84.78,CMO06,Ahmedabad,1900,2023-10-20,2023-10-20,0,0,30,0.301,0.66,0,4,10,0,6166510.8,6166510.8
DISP3105,CR Coil,BOXN,43,2282.46,91.52,CMO02,Mumbai,1800,2023-05-25,2023-05-25,0,0,18,0.4,0.475,1,3,5,0,4930113.6,4930113.6
DISP3106,TMT Bar,BLC,58,3078.09,85.6,CMO03,Chennai,2100,2023-10-23,2023-10-23,0,0,39,0.808,0.392,0,0,10,0,7756786.8,7756786.8
DISP3107,Structurals,BOST,41,1894.98,92.44,CMO02,Mumbai,1800,2023-07-17,2023-07-19,2,1,11,0.835,0.986,0,0,7,1230000,4093156.8,5323156.8
DISP3108,Semis,BOBYN,45,2211.38,81.9,CMO07,Pune,1750,2023-01-06,2023-01-10,4,1,78,0.585,0.9,0,4,1,2700000,4643898.0,7343898.0
DISP3109,Plate,BLC,46,2384.15,83.6,CMO04,Kolkata,350,2023-05-15,2023-05-15,0,0,74,0.552,0.821,0,0,5,0,1001343.0,1001343.0
DISP3110,Plate,BCN,45,1922.05,77.66,CMO03,Chennai,2100,2023-09-07,2023-09-07,0,0,75,0.565,0.368,0,3,9,0,4843566.0,4843566.0
DISP3111,Semis,BCN,42,2158.89,93.46,CMO05,Hyderabad,1600,2023-08-07,2023-08-07,0,0,8,0.972,0.388,0,0,8,0,4145068.8,4145068.8
DISP3112,Wire Rod,BOXN,43,2157.66,86.51,CMO07,Pune,1750,2023-06-01,2023-06-01,0,0,21,0.899,0.515,0,3,6,0,4531086.0,4531086.0
DISP3113,HR Coil,BOST,45,1843.35,81.93,CMO07,Pune,1750,2023-09-19,2023-09-19,0,0,29,0.313,0.776,0,1,9,0,3871035.0,3871035.0
DISP3114,CR Coil,BCN,56,2711.27,88.03,CMO06,Ahmedabad,1900,2023-03-19,2023-03-19,0,0,77,0.888,0.668,0,6,3,0,6181695.6,6181695.6
DISP3115,TMT Bar,BOBYN,56,2520.09,75.0,CMO05,Hyderabad,1600,2023-03-23,2023-03-23,0,0,17,0.744,0.744,0,3,3,0,4838572.8,4838572.8
DISP3116,CR Coil,BOBYN,57,3360.69,98.27,CMO07,Pune,1750,2023-11-09,2023-11-09,0,0,59,0.887,0.495,0,3,11,0,7057449.0,7057449.0
DISP3117,Wire Rod,BLC,56,3442.84,99.16,CMO03,Chennai,2100,2023-09-01,2023-09-02,1,1,64,0.458,0.805,0,4,9,840000,8675956.8,9515956.8
DISP3118,Structurals,BCN,46,2471.6,97.69,CMO05,Hyderabad,1600,2023-11-10,2023-11-13,3,1,13,0.247,0.587,0,4,11,2070000,4745472.0,6815472.0
DISP3119,Semis,BOBYN,52,2919.99,93.59,CMO07,Pune,1750,2023-11-27,2023-11-27,0,0,58,0.513,0.435,1,0,11,0,6131979.0,6131979.0
DISP3120,HR Coil,BCN,44,2342.06,96.78,CMO02,Mumbai,1800,2023-03-05,2023-03-08,3,1,79,0.955,0.406,0,6,3,1980000,5058849.6,7038849.6
DISP3121,Semis,BOXN,43,2135.33,85.62,CMO03,Chennai,2100,2023-09-26,2023-09-29,3,1,18,0.817,0.719,1,1,9,1935000,5381031.6,7316031.6
DISP3122,Semis,BOST,54,2014.48,74.61,CMO01,Delhi,1200,2023-06-24,2023-06-24,0,0,39,0.96,0.329,0,5,6,0,2900851.2,2900851.2
DISP3123,TMT Bar,BLC,53,2876.87,87.55,CMO01,Delhi,1200,2023-12-30,2024-01-04,5,1,67,0.807,0.457,1,5,12,3975000,4142692.8,8117692.8
DISP3124,Plate,BCN,47,2483.69,96.08,CMO05,Hyderabad,1600,2023-12-07,2023-12-10,3,1,68,0.869,0.974,0,3,12,2115000,4768684.8,6883684.8
DISP3125,Semis,BCN,48,2564.55,97.14,CMO07,Pune,1750,2023-11-24,2023-11-25,1,1,70,0.463,0.767,0,4,11,720000,5385555.0,6105555.0
DISP3126,HR Coil,BLC,47,2551.89,87.57,CMO01,Delhi,1200,2023-04-24,2023-04-24,0,0,80,0.547,0.486,0,0,4,0,3674721.6,3674721.6
DISP3127,Semis,BLC,57,3116.96,88.2,CMO06,Ahmedabad,1900,2023-10-17,2023-10-17,0,0,53,0.685,0.909,0,1,10,0,7106668.8,7106668.8
DISP3128,HR Coil,BOXN,58,3200.72,95.15,CMO05,Hyderabad,1600,2023-11-26,2023-11-26,0,0,17,0.661,0.382,1,6,11,0,6145382.4,6145382.4
DISP3129,TMT Bar,BOST,53,2503.15,94.46,CMO05,Hyderabad,1600,2023-01-21,2023-01-21,0,0,49,0.718,0.608,0,5,1,0,4806048.0,4806048.0
DISP3130,Semis,BOXN,52,2846.95,94.39,CMO05,Hyderabad,1600,2023-11-18,2023-11-18,0,0,60,0.735,0.318,0,5,11,0,5466144.0,5466144.0
DISP3131,HR Coil,BCN,43,1862.87,78.77,CMO06,Ahmedabad,1900,2023-07-31,2023-08-04,4,1,8,0.783,0.895,1,0,7,2580000,4247343.6,6827343.6
DISP3132,TMT Bar,BOBYN,48,2401.35,83.38,CMO03,Chennai,2100,2023-01-25,2023-01-29,4,1,46,0.567,0.994,1,2,1,2880000,6051402.0,8931402.0
DISP3133,CR Coil,BOST,50,2305.53,92.22,CMO05,Hyderabad,1600,2023-06-28,2023-07-01,3,1,27,0.876,0.9,1,2,6,2250000,4426617.6,6676617.6
DISP3134,Structurals,BOBYN,50,2845.81,94.86,CMO07,Pune,1750,2023-02-21,2023-02-21,0,0,16,0.712,0.519,0,1,2,0,5976201.0,5976201.0
DISP3135,CR Coil,BLC,46,2222.86,77.94,CMO07,Pune,1750,2023-12-29,2024-01-02,4,1,67,0.48,0.864,1,4,12,2760000,4668006.0,7428006.0
DISP3136,CR Coil,BOXN,43,1887.8,75.69,CMO03,Chennai,2100,2023-06-08,2023-06-08,0,0,69,0.76,0.692,0,3,6,0,4757256.0,4757256.0
DISP3137,Plate,BLC,42,1977.96,75.96,CMO02,Mumbai,1800,2023-02-16,2023-02-16,0,0,56,0.882,0.402,0,3,2,0,4272393.6,4272393.6
DISP3138,TMT Bar,BOBYN,52,2280.99,73.11,CMO04,Kolkata,350,2023-05-31,2023-06-03,3,1,77,0.977,0.527,1,2,5,2340000,958015.8,3298015.8
DISP3139,CR Coil,BOBYN,48,2038.77,70.79,CMO05,Hyderabad,1600,2023-04-25,2023-04-25,0,0,33,0.396,0.458,1,1,4,0,3914438.4,3914438.4
DISP3140,CR Coil,BOXN,49,2197.16,77.31,CMO02,Mumbai,1800,2023-01-11,2023-01-11,0,0,66,0.87,0.59,0,2,1,0,4745865.6,4745865.6
DISP3141,Plate,BLC,45,2662.7,95.44,CMO02,Mumbai,1800,2023-10-25,2023-10-25,0,0,56,0.702,0.922,1,2,10,0,5751432.0,5751432.0
DISP3142,Structurals,BCN,48,2189.6,82.94,CMO03,Chennai,2100,2023-07-06,2023-07-06,0,0,35,0.456,0.55,0,3,7,0,5517792.0,5517792.0
DISP3143,CR Coil,BOBYN,57,2988.01,87.37,CMO03,Chennai,2100,2023-02-19,2023-02-22,3,1,69,0.767,0.675,0,6,2,2565000,7529785.2,10094785.2
DISP3144,CR Coil,BCN,57,2966.72,94.63,CMO06,Ahmedabad,1900,2023-04-25,2023-04-28,3,1,64,0.415,0.886,1,1,4,2565000,6764121.6,9329121.6
DISP3145,Plate,BOXN,45,1844.32,70.66,CMO04,Kolkata,350,2023-08-18,2023-08-21,3,1,76,0.72,0.927,0,4,8,2025000,774614.4,2799614.4
DISP3146,HR Coil,BCN,42,2278.63,98.64,CMO06,Ahmedabad,1900,2023-05-22,2023-05-24,2,1,77,0.402,0.928,0,0,5,1260000,5195276.4,6455276.4
DISP3147,Wire Rod,BOBYN,52,2385.43,76.46,CMO06,Ahmedabad,1900,2023-08-20,2023-08-22,2,1,44,0.631,0.772,0,6,8,1560000,5438780.4,6998780.4
DISP3148,Plate,BOBYN,57,3399.66,99.41,CMO04,Kolkata,350,2023-10-28,2023-11-01,4,1,45,0.89,0.98,1,5,10,3420000,1427857.2,4847857.2
DISP3149,Plate,BOXN,42,2092.36,85.89,CMO01,Delhi,1200,2023-03-24,2023-03-24,0,0,29,0.399,0.721,0,4,3,0,3012998.4,3012998.4
DISP3150,CR Coil,BOBYN,40,2147.57,89.48,CMO07,Pune,1750,2023-09-11,2023-09-11,0,0,20,0.465,0.366,0,0,9,0,4509897.0,4509897.0
DISP3151,Structurals,BLC,53,2676.08,81.44,CMO06,Ahmedabad,1900,2023-08-31,2023-09-01,1,1,22,0.878,0.428,1,3,8,795000,6101462.4,6896462.4
DISP3152,Wire Rod,BLC,42,1966.98,75.54,CMO03,Chennai,2100,2023-07-25,2023-07-27,2,1,30,0.381,0.99,1,1,7,1260000,4956789.6,6216789.6
DISP3153,Semis,BOST,48,1694.69,70.61,CMO01,Delhi,1200,2023-11-07,2023-11-07,0,0,12,0.986,0.341,0,1,11,0,2440353.6,2440353.6
DISP3154,CR Coil,BOST,40,1402.8,70.14,CMO01,Delhi,1200,2023-07-16,2023-07-20,4,1,44,0.222,0.934,0,6,7,2400000,2020032.0,4420032.0
DISP3155,CR Coil,BOST,55,2074.97,75.45,CMO02,Mumbai,1800,2023-04-22,2023-04-24,2,1,49,0.278,0.778,0,5,4,1650000,4481935.2,6131935.2
DISP3156,CR Coil,BOBYN,56,2502.04,74.47,CMO04,Kolkata,350,2023-08-16,2023-08-16,0,0,8,0.698,0.955,0,2,8,0,1050856.8,1050856.8
DISP3157,Semis,BCN,49,1973.64,73.23,CMO01,Delhi,1200,2023-12-16,2023-12-17,1,1,28,0.672,0.417,0,5,12,735000,2842041.6,3577041.6
DISP3158,CR Coil,BCN,54,2906.39,97.86,CMO05,Hyderabad,1600,2023-10-08,2023-10-09,1,1,54,0.827,0.961,0,6,10,810000,5580268.8,6390268.8
DISP3159,CR Coil,BOBYN,47,2786.49,98.81,CMO03,Chennai,2100,2023-09-09,2023-09-14,5,1,29,0.835,0.329,0,5,9,3525000,7021954.8,10546954.8
DISP3160,Wire Rod,BOST,43,2051.81,95.43,CMO07,Pune,1750,2023-02-16,2023-02-16,0,0,46,0.929,0.694,0,3,2,0,4308801.0,4308801.0
DISP3161,Plate,BOST,46,1804.97,78.48,CMO04,Kolkata,350,2023-03-11,2023-03-11,0,0,62,0.811,0.505,0,5,3,0,758087.4,758087.4
DISP3162,Wire Rod,BLC,42,2205.95,84.71,CMO04,Kolkata,350,2023-09-09,2023-09-09,0,0,18,0.457,0.639,0,5,9,0,926499.0,926499.0
DISP3163,Wire Rod,BCN,41,1935.39,85.83,CMO07,Pune,1750,2023-01-22,2023-01-22,0,0,29,0.957,0.515,0,6,1,0,4064319.0,4064319.0
DISP3164,Plate,BOBYN,50,2765.33,92.18,CMO05,Hyderabad,1600,2023-10-01,2023-10-06,5,1,8,0.238,0.512,0,6,10,3750000,5309433.6,9059433.6
DISP3165,HR Coil,BLC,56,2976.18,85.72,CMO07,Pune,1750,2023-04-02,2023-04-02,0,0,70,0.497,0.789,0,6,4,0,6249978.0,6249978.0
DISP3166,HR Coil,BOBYN,47,2576.7,91.37,CMO04,Kolkata,350,2023-02-07,2023-02-07,0,0,31,0.596,0.7,0,1,2,0,1082214.0,1082214.0
DISP3167,HR Coil,BOBYN,43,2521.42,97.73,CMO04,Kolkata,350,2023-01-03,2023-01-04,1,1,35,0.728,0.941,0,1,1,645000,1058996.4,1703996.4
DISP3168,Wire Rod,BOBYN,51,2984.34,97.53,CMO07,Pune,1750,2023-07-25,2023-07-27,2,1,10,0.325,0.719,1,1,7,1530000,6267114.0,7797114.0
DISP3169,Wire Rod,BOST,49,1865.58,76.15,CMO06,Ahmedabad,1900,2023-12-01,2023-12-01,0,0,39,0.527,0.307,0,4,12,0,4253522.4,4253522.4
DISP3170,Wire Rod,BOBYN,55,2560.89,77.6,CMO03,Chennai,2100,2023-01-06,2023-01-09,3,1,55,0.233,0.837,0,4,1,2475000,6453442.8,8928442.8
DISP3171,HR Coil,BOXN,43,1864.71,74.77,CMO06,Ahmedabad,1900,2023-09-08,2023-09-08,0,0,13,0.347,0.529,0,4,9,0,4251538.8,4251538.8
DISP3172,TMT Bar,BLC,49,2615.35,86.09,CMO06,Ahmedabad,1900,2023-05-26,2023-05-30,4,1,77,0.409,0.833,1,4,5,2940000,5962998.0,8902998.0
DISP3173,CR Coil,BOST,55,2090.65,76.02,CMO01,Delhi,1200,2023-09-23,2023-09-26,3,1,9,0.575,0.377,0,5,9,2475000,3010536.0,5485536.0
DISP3174,CR Coil,BOXN,47,2264.72,83.08,CMO01,Delhi,1200,2023-07-09,2023-07-09,0,0,61,0.791,0.609,0,6,7,0,3261196.8,3261196.8
DISP3175,Structurals,BOBYN,46,2532.23,91.75,CMO05,Hyderabad,1600,2023-01-23,2023-01-23,0,0,77,0.211,0.407,0,0,1,0,4861881.6,4861881.6
DISP3176,TMT Bar,BCN,54,2257.78,76.02,CMO02,Mumbai,1800,2023-11-26,2023-11-27,1,1,12,0.513,0.407,1,6,11,810000,4876804.8,5686804.8
DISP3177,CR Coil,BOBYN,50,2692.21,89.74,CMO06,Ahmedabad,1900,2023-08-13,2023-08-15,2,1,8,0.897,0.349,0,6,8,1500000,6138238.8,7638238.8
DISP3178,Plate,BOBYN,57,3383.25,98.93,CMO02,Mumbai,1800,2023-01-30,2023-02-01,2,1,19,0.748,0.587,1,0,1,1710000,7307820.0,9017820.0
DISP3179,CR Coil,BCN,51,1995.84,71.15,CMO06,Ahmedabad,1900,2023-02-23,2023-02-24,1,1,34,0.205,0.302,0,3,2,765000,4550515.2,5315515.2
DISP3180,Plate,BOBYN,41,2137.97,86.91,CMO01,Delhi,1200,2023-02-07,2023-02-07,0,0,7,0.719,0.938,0,1,2,0,3078676.8,3078676.8
DISP3181,Structurals,BCN,52,2387.82,83.49,CMO04,Kolkata,350,2023-05-02,2023-05-02,0,0,67,0.69,0.542,0,1,5,0,1002884.4,1002884.4
DISP3182,Wire Rod,BOBYN,54,2789.43,86.09,CMO04,Kolkata,350,2023-07-04,2023-07-08,4,1,33,0.316,0.746,0,1,7,3240000,1171560.6,4411560.6
DISP3183,TMT Bar,BCN,40,1824.95,82.95,CMO02,Mumbai,1800,2023-06-03,2023-06-03,0,0,23,0.234,0.587,0,5,6,0,3941892.0,3941892.0
DISP3184,Semis,BLC,44,2597.17,95.2,CMO02,Mumbai,1800,2023-06-30,2023-07-02,2,1,31,0.954,0.595,1,4,6,1320000,5609887.2,6929887.2
DISP3185,Wire Rod,BLC,51,2533.84,80.13,CMO04,Kolkata,350,2023-12-07,2023-12-09,2,1,56,0.306,0.671,0,3,12,1530000,1064212.8,2594212.8
DISP3186,Plate,BOST,51,2473.77,97.01,CMO02,Mumbai,1800,2023-10-08,2023-10-09,1,1,57,0.5,0.515,0,6,10,765000,5343343.2,6108343.2
DISP3187,Plate,BLC,49,2951.12,97.14,CMO06,Ahmedabad,1900,2023-11-16,2023-11-17,1,1,57,0.241,0.452,0,3,11,735000,6728553.6,7463553.6
DISP3188,Wire Rod,BLC,45,2742.46,98.3,CMO05,Hyderabad,1600,2023-01-13,2023-01-15,2,1,31,0.509,0.767,0,4,1,1350000,5265523.2,6615523.2
DISP3189,Plate,BOBYN,52,2722.26,87.25,CMO07,Pune,1750,2023-04-12,2023-04-12,0,0,24,0.529,0.628,0,2,4,0,5716746.0,5716746.0
DISP3190,CR Coil,BLC,50,2737.63,88.31,CMO07,Pune,1750,2023-11-10,2023-11-10,0,0,72,0.788,0.913,0,4,11,0,5749023.0,5749023.0
DISP3191,Semis,BOXN,40,1630.03,70.26,CMO01,Delhi,1200,2023-01-28,2023-01-28,0,0,47,0.882,0.519,1,5,1,0,2347243.2,2347243.2
DISP3192,CR Coil,BOBYN,46,2186.66,79.23,CMO06,Ahmedabad,1900,2023-02-03,2023-02-03,0,0,51,0.699,0.521,0,4,2,0,4985584.8,4985584.8
DISP3193,Wire Rod,BCN,45,1947.63,78.69,CMO04,Kolkata,350,2023-02-21,2023-02-22,1,1,76,0.328,0.916,0,1,2,675000,818004.6,1493004.6
DISP3194,Plate,BOBYN,57,2960.68,86.57,CMO04,Kolkata,350,2023-08-29,2023-08-29,0,0,40,0.752,0.933,1,1,8,0,1243485.6,1243485.6
DISP3195,Structurals,BLC,43,2470.59,92.67,CMO02,Mumbai,1800,2023-03-11,2023-03-11,0,0,53,0.578,0.634,0,5,3,0,5336474.4,5336474.4
DISP3196,Plate,BCN,54,2600.14,87.55,CMO06,Ahmedabad,1900,2023-04-04,2023-04-04,0,0,62,0.915,0.979,0,1,4,0,5928319.2,5928319.2
DISP3197,Plate,BCN,42,2231.34,96.59,CMO03,Chennai,2100,2023-02-05,2023-02-06,1,1,27,0.308,0.51,0,6,2,630000,5622976.8,6252976.8
DISP3198,Semis,BOBYN,50,2363.11,78.77,CMO06,Ahmedabad,1900,2023-02-12,2023-02-16,4,1,50,0.682,0.86,0,6,2,3000000,5387890.8,8387890.8
DISP3199,Wire Rod,BCN,48,2000.08,75.76,CMO02,Mumbai,1800,2023-05-24,2023-05-25,1,1,71,0.923,0.316,0,2,5,720000,4320172.8,5040172.8
DISP3200,Structurals,BCN,48,2203.55,83.47,CMO02,Mumbai,1800,2023-08-10,2023-08-10,0,0,48,0.232,0.825,0,3,8,0,4759668.0,4759668.0
DISP3201,Wire Rod,BOXN,50,2509.61,86.54,CMO06,Ahmedabad,1900,2023-03-08,2023-03-08,0,0,6,0.788,0.313,0,2,3,0,5721910.8,5721910.8
DISP3202,Wire Rod,BLC,41,2309.63,90.86,CMO04,Kolkata,350,2023-05-19,2023-05-19,0,0,53,0.469,0.862,0,4,5,0,970044.6,970044.6
DISP3203,Semis,BLC,50,2293.08,73.97,CMO04,Kolkata,350,2023-06-27,2023-06-30,3,1,38,0.642,0.642,1,1,6,2250000,963093.6,3213093.6
DISP3204,Structurals,BCN,56,2983.74,96.87,CMO01,Delhi,1200,2023-01-12,2023-01-13,1,1,21,0.845,0.375,0,3,1,840000,4296585.6,5136585.6
DISP3205,CR Coil,BOBYN,42,2416.95,95.91,CMO05,Hyderabad,1600,2023-01-05,2023-01-05,0,0,6,0.789,0.539,0,3,1,0,4640544.0,4640544.0
DISP3206,HR Coil,BOST,54,2401.11,88.93,CMO02,Mumbai,1800,2023-06-19,2023-06-22,3,1,18,0.69,0.339,0,0,6,2430000,5186397.6,7616397.6
DISP3207,HR Coil,BOXN,42,1708.01,70.12,CMO02,Mumbai,1800,2023-12-18,2023-12-20,2,1,34,0.368,0.802,0,0,12,1260000,3689301.6,4949301.6
DISP3208,CR Coil,BOBYN,55,2909.4,88.16,CMO04,Kolkata,350,2023-04-06,2023-04-06,0,0,65,0.43,0.773,0,3,4,0,1221948.0,1221948.0
DISP3209,HR Coil,BOBYN,56,2358.36,70.19,CMO04,Kolkata,350,2023-04-01,2023-04-01,0,0,30,0.411,0.915,0,5,4,0,990511.2,990511.2
DISP3210,CR Coil,BOXN,42,1842.74,75.65,CMO06,Ahmedabad,1900,2023-06-14,2023-06-14,0,0,34,0.33,0.745,0,2,6,0,4201447.2,4201447.2
DISP3211,Plate,BOST,49,1875.42,76.55,CMO04,Kolkata,350,2023-05-09,2023-05-09,0,0,49,0.788,0.671,0,1,5,0,787676.4,787676.4
DISP3212,Structurals,BCN,45,1780.51,71.94,CMO03,Chennai,2100,2023-02-02,2023-02-02,0,0,68,0.475,0.813,0,3,2,0,4486885.2,4486885.2
DISP3213,Semis,BOXN,54,2203.67,70.36,CMO04,Kolkata,350,2023-12-12,2023-12-12,0,0,16,0.455,0.84,0,1,12,0,925541.4,925541.4
DISP3214,Structurals,BOST,42,1828.6,87.08,CMO06,Ahmedabad,1900,2023-06-13,2023-06-15,2,1,62,0.486,0.868,0,1,6,1260000,4169208.0,5429208.0
DISP3215,Wire Rod,BOST,46,1767.4,76.84,CMO03,Chennai,2100,2023-03-29,2023-03-29,0,0,10,0.753,0.587,1,2,3,0,4453848.0,4453848.0
DISP3216,TMT Bar,BLC,54,3216.1,96.06,CMO07,Pune,1750,2023-08-26,2023-08-31,5,1,62,0.322,0.817,1,5,8,4050000,6753810.0,10803810.0
DISP3217,Semis,BCN,52,2851.22,99.69,CMO02,Mumbai,1800,2023-11-20,2023-11-20,0,0,24,0.52,0.31,0,0,11,0,6158635.2,6158635.2
DISP3218,Structurals,BOBYN,58,3423.67,98.38,CMO02,Mumbai,1800,2023-04-22,2023-04-23,1,1,17,0.213,0.631,0,5,4,870000,7395127.2,8265127.2
DISP3219,Wire Rod,BOBYN,49,2789.86,94.89,CMO04,Kolkata,350,2023-10-09,2023-10-09,0,0,40,0.382,0.641,0,0,10,0,1171741.2,1171741.2
DISP3220,Wire Rod,BOBYN,55,3269.41,99.07,CMO04,Kolkata,350,2023-01-31,2023-02-02,2,1,50,0.969,0.347,1,1,1,1650000,1373152.2,3023152.2
DISP3221,TMT Bar,BOBYN,56,3302.88,98.3,CMO02,Mumbai,1800,2023-04-21,2023-04-21,0,0,58,0.592,0.97,0,4,4,0,7134220.8,7134220.8
DISP3222,TMT Bar,BCN,53,2575.37,88.35,CMO06,Ahmedabad,1900,2023-11-03,2023-11-03,0,0,21,0.624,0.539,0,4,11,0,5871843.6,5871843.6
DISP3223,Structurals,BOBYN,51,2660.97,86.96,CMO07,Pune,1750,2023-08-31,2023-09-04,4,1,13,0.214,0.559,1,3,8,3060000,5588037.0,8648037.0
DISP3224,Structurals,BCN,55,2831.53,93.6,CMO02,Mumbai,1800,2023-10-12,2023-10-13,1,1,48,0.662,0.532,0,3,10,825000,6116104.8,6941104.8
DISP3225,TMT Bar,BOST,47,2144.21,91.24,CMO07,Pune,1750,2023-11-09,2023-11-09,0,0,35,0.851,0.474,0,3,11,0,4502841.0,4502841.0
DISP3226,HR Coil,BOST,43,1752.77,81.52,CMO03,Chennai,2100,2023-03-17,2023-03-17,0,0,46,0.265,0.644,0,4,3,0,4416980.4,4416980.4
DISP3227,Structurals,BOXN,54,2558.45,81.69,CMO03,Chennai,2100,2023-04-09,2023-04-09,0,0,40,0.77,0.555,0,6,4,0,6447294.0,6447294.0
DISP3228,Wire Rod,BOBYN,40,1915.59,79.82,CMO02,Mumbai,1800,2023-11-14,2023-11-14,0,0,66,0.65,0.849,0,1,11,0,4137674.4,4137674.4
DISP3229,Wire Rod,BOST,57,2166.05,76.0,CMO03,Chennai,2100,2023-11-27,2023-11-30,3,1,29,0.966,0.718,1,0,11,2565000,5458446.0,8023446.0
DISP3230,Structurals,BOST,56,2197.26,78.47,CMO02,Mumbai,1800,2023-07-12,2023-07-13,1,1,59,0.761,0.897,0,2,7,840000,4746081.6,5586081.6
DISP3231,TMT Bar,BOXN,53,2224.39,72.36,CMO01,Delhi,1200,2023-08-27,2023-08-29,2,1,23,0.557,0.567,1,6,8,1590000,3203121.6,4793121.6
DISP3232,TMT Bar,BCN,54,2324.87,78.28,CMO01,Delhi,1200,2023-12-28,2023-12-29,1,1,63,0.428,0.711,1,3,12,810000,3347812.8,4157812.8
DISP3233,HR Coil,BCN,57,2643.21,84.31,CMO07,Pune,1750,2023-03-14,2023-03-15,1,1,45,0.865,0.563,0,1,3,855000,5550741.0,6405741.0
DISP3234,TMT Bar,BOBYN,50,2651.77,88.39,CMO04,Kolkata,350,2023-01-18,2023-01-20,2,1,41,0.459,0.83,0,2,1,1500000,1113743.4,2613743.4
DISP3235,Structurals,BOBYN,55,2373.24,71.92,CMO06,Ahmedabad,1900,2023-02-04,2023-02-04,0,0,22,0.321,0.666,0,5,2,0,5410987.2,5410987.2
DISP3236,CR Coil,BCN,51,2248.06,80.14,CMO01,Delhi,1200,2023-07-31,2023-07-31,0,0,48,0.801,0.645,1,0,7,0,3237206.4,3237206.4
DISP3237,Plate,BLC,44,2358.16,86.44,CMO04,Kolkata,350,2023-02-15,2023-02-15,0,0,31,0.559,0.381,0,2,2,0,990427.2,990427.2
DISP3238,TMT Bar,BOBYN,41,2197.83,89.34,CMO02,Mumbai,1800,2023-10-13,2023-10-14,1,1,8,0.242,0.89,0,4,10,615000,4747312.8,5362312.8
DISP3239,CR Coil,BOBYN,44,2603.9,98.63,CMO07,Pune,1750,2023-03-12,2023-03-12,0,0,69,0.456,0.571,0,6,3,0,5468190.0,5468190.0
DISP3240,Wire Rod,BOST,49,2076.79,84.77,CMO01,Delhi,1200,2023-12-09,2023-12-09,0,0,58,0.64,0.328,0,5,12,0,2990577.6,2990577.6
DISP3241,CR Coil,BOST,55,1930.9,70.21,CMO02,Mumbai,1800,2023-12-26,2023-12-26,0,0,15,0.665,0.558,1,1,12,0,4170744.0,4170744.0
DISP3242,CR Coil,BOBYN,44,2272.69,86.09,CMO04,Kolkata,350,2023-11-18,2023-11-18,0,0,41,0.413,0.562,0,5,11,0,954529.8,954529.8
DISP3243,Semis,BOST,48,1920.83,80.03,CMO02,Mumbai,1800,2023-06-17,2023-06-17,0,0,38,0.514,0.755,0,5,6,0,4148992.8,4148992.8
DISP3244,Wire Rod,BOST,52,1979.58,76.14,CMO05,Hyderabad,1600,2023-02-27,2023-02-27,0,0,10,0.51,0.375,1,0,2,0,3800793.6,3800793.6
DISP3245,CR Coil,BOST,49,2327.2,94.99,CMO02,Mumbai,1800,2023-12-12,2023-12-13,1,1,32,0.909,0.873,0,1,12,735000,5026752.0,5761752.0
DISP3246,Structurals,BOST,48,1836.1,76.5,CMO02,Mumbai,1800,2023-01-13,2023-01-13,0,0,44,0.21,0.881,0,4,1,0,3965976.0,3965976.0
DISP3247,CR Coil,BLC,50,2595.83,83.74,CMO04,Kolkata,350,2023-07-20,2023-07-20,0,0,26,0.937,0.636,0,3,7,0,1090248.6,1090248.6
DISP3248,Semis,BOBYN,42,2229.98,88.49,CMO06,Ahmedabad,1900,2023-01-01,2023-01-01,0,0,8,0.695,0.9,0,6,1,0,5084354.4,5084354.4
DISP3249,HR Coil,BLC,52,2961.65,91.86,CMO03,Chennai,2100,2023-03-23,2023-03-25,2,1,17,0.243,0.451,0,3,3,1560000,7463358.0,9023358.0
DISP3250,TMT Bar,BCN,53,2612.1,89.61,CMO01,Delhi,1200,2023-06-02,2023-06-02,0,0,9,0.919,0.511,0,4,6,0,3761424.0,3761424.0
DISP3251,Semis,BOXN,40,2236.68,96.41,CMO02,Mumbai,1800,2023-09-01,2023-09-04,3,1,27,0.211,0.36,0,4,9,1800000,4831228.8,6631228.8
DISP3252,Plate,BOST,48,1874.45,78.1,CMO06,Ahmedabad,1900,2023-12-26,2023-12-27,1,1,77,0.584,0.812,1,1,12,720000,4273746.0,4993746.0
DISP3253,Structurals,BOXN,41,2019.46,84.92,CMO04,Kolkata,350,2023-08-27,2023-08-27,0,0,57,0.34,0.309,1,6,8,0,848173.2,848173.2
DISP3254,Structurals,BCN,49,2467.71,91.57,CMO01,Delhi,1200,2023-04-14,2023-04-14,0,0,39,0.22,0.49,0,4,4,0,3553502.4,3553502.4
DISP3255,CR Coil,BLC,40,2476.9,99.88,CMO06,Ahmedabad,1900,2023-01-23,2023-01-23,0,0,77,0.868,0.605,0,0,1,0,5647332.0,5647332.0
DISP3256,Wire Rod,BOBYN,41,1933.45,78.6,CMO07,Pune,1750,2023-02-15,2023-02-17,2,1,52,0.565,0.631,0,2,2,1230000,4060245.0,5290245.0
DISP3257,TMT Bar,BOST,57,2119.57,74.37,CMO06,Ahmedabad,1900,2023-11-24,2023-11-24,0,0,49,0.526,0.706,0,4,11,0,4832619.6,4832619.6
DISP3258,TMT Bar,BCN,44,2285.13,94.43,CMO07,Pune,1750,2023-09-11,2023-09-13,2,1,74,0.526,0.973,0,0,9,1320000,4798773.0,6118773.0
DISP3259,CR Coil,BCN,54,2480.63,83.52,CMO03,Chennai,2100,2023-10-04,2023-10-04,0,0,26,0.912,0.54,0,2,10,0,6251187.6,6251187.6
DISP3260,Structurals,BOST,50,2155.16,86.21,CMO02,Mumbai,1800,2023-03-23,2023-03-26,3,1,78,0.312,0.871,0,3,3,2250000,4655145.6,6905145.6
DISP3261,HR Coil,BLC,43,2658.41,99.72,CMO07,Pune,1750,2023-10-06,2023-10-08,2,1,10,0.616,0.703,0,4,10,1290000,5582661.0,6872661.0
DISP3262,CR Coil,BOBYN,50,2540.26,84.68,CMO06,Ahmedabad,1900,2023-06-16,2023-06-16,0,0,52,0.639,0.576,0,4,6,0,5791792.8,5791792.8
DISP3263,Wire Rod,BOST,51,2358.62,92.49,CMO02,Mumbai,1800,2023-12-19,2023-12-22,3,1,18,0.381,0.751,0,1,12,2295000,5094619.2,7389619.2
DISP3264,Semis,BOXN,56,3053.06,94.0,CMO02,Mumbai,1800,2023-09-11,2023-09-13,2,1,23,0.933,0.786,0,0,9,1680000,6594609.6,8274609.6
DISP3265,TMT Bar,BOBYN,57,3048.84,89.15,CMO07,Pune,1750,2023-04-08,2023-04-11,3,1,8,0.213,0.507,0,5,4,2565000,6402564.0,8967564.0
DISP3266,Structurals,BOXN,48,2326.81,83.58,CMO01,Delhi,1200,2023-03-02,2023-03-04,2,1,59,0.956,0.763,0,3,3,1440000,3350606.4,4790606.4
DISP3267,TMT Bar,BCN,46,2001.57,79.11,CMO04,Kolkata,350,2023-11-14,2023-11-14,0,0,80,0.936,0.745,0,1,11,0,840659.4,840659.4
DISP3268,Structurals,BOXN,55,2538.89,79.59,CMO04,Kolkata,350,2023-01-16,2023-01-18,2,1,37,0.761,0.903,0,0,1,1650000,1066333.8,2716333.8
DISP3269,HR Coil,BOST,51,2511.08,98.47,CMO04,Kolkata,350,2023-12-17,2023-12-17,0,0,67,0.996,0.566,0,6,12,0,1054653.6,1054653.6
DISP3270,Semis,BLC,48,2568.65,86.31,CMO01,Delhi,1200,2023-02-12,2023-02-12,0,0,36,0.779,0.801,0,6,2,0,3698856.0,3698856.0
DISP3271,Wire Rod,BCN,47,2277.6,88.11,CMO04,Kolkata,350,2023-08-29,2023-08-29,0,0,9,0.458,0.687,1,1,8,0,956592.0,956592.0
DISP3272,Wire Rod,BOST,53,1930.49,72.85,CMO02,Mumbai,1800,2023-12-17,2023-12-19,2,1,21,0.675,0.773,0,6,12,1590000,4169858.4,5759858.4
DISP3273,HR Coil,BOBYN,54,2535.05,78.24,CMO05,Hyderabad,1600,2023-10-17,2023-10-17,0,0,54,0.841,0.675,0,1,10,0,4867296.0,4867296.0
DISP3274,TMT Bar,BOXN,56,2752.13,84.73,CMO05,Hyderabad,1600,2023-08-20,2023-08-20,0,0,42,0.883,0.328,0,6,8,0,5284089.6,5284089.6
DISP3275,Wire Rod,BOBYN,42,1914.54,75.97,CMO01,Delhi,1200,2023-09-06,2023-09-06,0,0,36,0.205,0.843,0,2,9,0,2756937.6,2756937.6
DISP3276,CR Coil,BLC,41,2009.92,79.07,CMO07,Pune,1750,2023-04-25,2023-04-28,3,1,48,0.892,0.708,1,1,4,1845000,4220832.0,6065832.0
DISP3277,Semis,BOXN,43,1868.83,74.93,CMO06,Ahmedabad,1900,2023-03-09,2023-03-09,0,0,77,0.219,0.647,0,3,3,0,4260932.4,4260932.4
DISP3278,Wire Rod,BOST,51,2270.65,89.05,CMO01,Delhi,1200,2023-02-24,2023-02-24,0,0,58,0.579,0.495,0,4,2,0,3269736.0,3269736.0
DISP3279,Wire Rod,BOXN,42,1897.24,77.88,CMO01,Delhi,1200,2023-12-07,2023-12-11,4,1,50,0.58,0.655,0,3,12,2520000,2732025.6,5252025.6
DISP3280,CR Coil,BOXN,45,1894.63,72.59,CMO01,Delhi,1200,2023-04-06,2023-04-07,1,1,30,0.557,0.998,0,3,4,675000,2728267.2,3403267.2
DISP3281,HR Coil,BOBYN,58,2867.44,82.4,CMO07,Pune,1750,2023-10-14,2023-10-16,2,1,10,0.386,0.403,0,5,10,1740000,6021624.0,7761624.0
DISP3282,HR Coil,BOXN,56,3041.51,93.64,CMO03,Chennai,2100,2023-02-27,2023-03-03,4,1,72,0.733,0.71,1,0,2,3360000,7664605.2,11024605.2
DISP3283,CR Coil,BOBYN,55,3103.21,94.04,CMO03,Chennai,2100,2023-04-07,2023-04-09,2,1,65,0.583,0.45,0,4,4,1650000,7820089.2,9470089.2
DISP3284,Structurals,BOXN,44,2297.12,90.01,CMO05,Hyderabad,1600,2023-09-19,2023-09-19,0,0,23,0.889,0.348,0,1,9,0,4410470.4,4410470.4
DISP3285,HR Coil,BOBYN,47,2504.39,88.81,CMO05,Hyderabad,1600,2023-07-31,2023-08-04,4,1,51,0.95,0.88,1,0,7,2820000,4808428.8,7628428.8
DISP3286,HR Coil,BCN,52,2025.74,70.83,CMO07,Pune,1750,2023-12-10,2023-12-10,0,0,52,0.513,0.725,0,6,12,0,4254054.0,4254054.0
DISP3287,Structurals,BLC,56,3356.12,96.66,CMO02,Mumbai,1800,2023-11-27,2023-11-28,1,1,25,0.393,0.665,1,0,11,840000,7249219.2,8089219.2
DISP3288,Plate,BLC,42,2261.59,86.85,CMO01,Delhi,1200,2023-12-27,2023-12-28,1,1,23,0.818,0.328,1,2,12,630000,3256689.6,3886689.6
DISP3289,Structurals,BCN,49,2562.67,95.09,CMO07,Pune,1750,2023-11-06,2023-11-06,0,0,46,0.935,0.899,0,0,11,0,5381607.0,5381607.0
DISP3290,Wire Rod,BOST,57,2784.55,97.7,CMO04,Kolkata,350,2023-11-06,2023-11-06,0,0,78,0.31,0.536,0,0,11,0,1169511.0,1169511.0
DISP3291,TMT Bar,BOST,42,1628.5,77.55,CMO05,Hyderabad,1600,2023-05-18,2023-05-22,4,1,39,0.9,0.716,0,3,5,2520000,3126720.0,5646720.0
DISP3292,TMT Bar,BOST,46,1850.47,80.46,CMO02,Mumbai,1800,2023-06-06,2023-06-06,0,0,29,0.861,0.662,0,1,6,0,3997015.2,3997015.2
DISP3293,TMT Bar,BLC,46,2653.77,93.05,CMO05,Hyderabad,1600,2023-03-13,2023-03-13,0,0,42,0.352,0.78,0,0,3,0,5095238.4,5095238.4
DISP3294,Plate,BOBYN,54,2833.46,87.45,CMO03,Chennai,2100,2023-03-30,2023-04-01,2,1,20,0.78,0.913,1,3,3,1620000,7140319.2,8760319.2
DISP3295,Semis,BCN,45,2391.3,96.62,CMO06,Ahmedabad,1900,2023-09-12,2023-09-14,2,1,52,0.397,0.639,0,1,9,1350000,5452164.0,6802164.0
DISP3296,Plate,BOBYN,48,2539.57,88.18,CMO03,Chennai,2100,2023-05-10,2023-05-10,0,0,20,0.973,0.869,0,2,5,0,6399716.4,6399716.4
DISP3297,HR Coil,BOBYN,48,2817.62,97.83,CMO01,Delhi,1200,2023-08-21,2023-08-21,0,0,75,0.667,0.494,0,0,8,0,4057372.8,4057372.8
DISP3298,CR Coil,BOXN,53,2731.05,88.84,CMO03,Chennai,2100,2023-09-08,2023-09-09,1,1,18,0.581,0.571,0,4,9,795000,6882246.0,7677246.0
DISP3299,TMT Bar,BOXN,41,2268.97,95.42,CMO07,Pune,1750,2023-05-23,2023-05-23,0,0,18,0.639,0.488,0,1,5,0,4764837.0,4764837.0
DISP3300,Structurals,BLC,46,2030.57,71.2,CMO06,Ahmedabad,1900,2023-12-05,2023-12-05,0,0,77,0.248,0.378,0,1,12,0,4629699.6,4629699.6
DISP3301,Structurals,BCN,53,2250.97,77.22,CMO03,Chennai,2100,2023-04-23,2023-04-25,2,1,78,0.801,0.949,0,6,4,1590000,5672444.4,7262444.4
DISP3302,HR Coil,BOST,50,2321.76,92.87,CMO05,Hyderabad,1600,2023-03-29,2023-03-29,0,0,54,0.363,0.731,1,2,3,0,4457779.2,4457779.2
DISP3303,HR Coil,BOST,48,2262.88,94.29,CMO05,Hyderabad,1600,2023-03-05,2023-03-07,2,1,17,0.397,0.584,0,6,3,1440000,4344729.6,5784729.6
DISP3304,CR Coil,BCN,43,1657.75,70.1,CMO02,Mumbai,1800,2023-12-10,2023-12-10,0,0,44,0.548,0.903,0,6,12,0,3580740.0,3580740.0
DISP3305,Wire Rod,BOBYN,43,2461.8,95.42,CMO02,Mumbai,1800,2023-07-29,2023-08-01,3,1,61,0.554,0.817,1,5,7,1935000,5317488.0,7252488.0
DISP3306,Wire Rod,BOST,48,1827.69,76.15,CMO01,Delhi,1200,2023-12-11,2023-12-12,1,1,67,0.549,0.913,0,0,12,720000,2631873.6,3351873.6
DISP3307,Plate,BLC,54,2952.82,88.2,CMO05,Hyderabad,1600,2023-07-10,2023-07-10,0,0,23,0.763,0.721,0,0,7,0,5669414.4,5669414.4
DISP3308,Wire Rod,BLC,46,2182.86,76.54,CMO02,Mumbai,1800,2023-06-30,2023-06-30,0,0,56,0.419,0.8,1,4,6,0,4714977.6,4714977.6
DISP3309,Wire Rod,BLC,40,2246.75,90.59,CMO05,Hyderabad,1600,2023-10-16,2023-10-16,0,0,36,0.716,0.345,0,0,10,0,4313760.0,4313760.0
DISP3310,HR Coil,BOST,51,2060.03,80.79,CMO04,Kolkata,350,2023-01-11,2023-01-11,0,0,67,0.549,0.612,0,2,1,0,865212.6,865212.6
DISP3311,Wire Rod,BCN,47,2018.2,78.07,CMO03,Chennai,2100,2023-05-14,2023-05-16,2,1,66,0.326,0.453,0,6,5,1410000,5085864.0,6495864.0
DISP3312,Plate,BOBYN,41,2444.62,99.37,CMO07,Pune,1750,2023-07-06,2023-07-06,0,0,11,0.809,0.363,0,3,7,0,5133702.0,5133702.0
DISP3313,HR Coil,BOST,41,1588.99,77.51,CMO05,Hyderabad,1600,2023-09-26,2023-09-26,0,0,37,0.562,0.505,1,1,9,0,3050860.8,3050860.8
DISP3314,TMT Bar,BOBYN,47,2320.41,82.28,CMO07,Pune,1750,2023-03-27,2023-03-30,3,1,71,0.253,0.91,1,0,3,2115000,4872861.0,6987861.0
DISP3315,Semis,BOBYN,49,2541.28,86.44,CMO07,Pune,1750,2023-08-05,2023-08-08,3,1,26,0.389,0.865,0,5,8,2205000,5336688.0,7541688.0
DISP3316,HR Coil,BOXN,48,2631.4,94.52,CMO07,Pune,1750,2023-04-02,2023-04-02,0,0,73,0.299,0.624,0,6,4,0,5525940.0,5525940.0
DISP3317,Structurals,BOBYN,57,3350.39,97.96,CMO02,Mumbai,1800,2023-05-06,2023-05-09,3,1,6,0.46,0.42,0,5,5,2565000,7236842.4,9801842.4
DISP3318,Plate,BOXN,52,2233.3,74.05,CMO05,Hyderabad,1600,2023-01-25,2023-01-25,0,0,65,0.325,0.393,1,2,1,0,4287936.0,4287936.0
DISP3319,Semis,BOST,48,2012.93,83.87,CMO03,Chennai,2100,2023-08-21,2023-08-23,2,1,27,0.768,0.799,0,0,8,1440000,5072583.6,6512583.6
DISP3320,HR Coil,BLC,44,1910.07,70.02,CMO01,Delhi,1200,2023-08-24,2023-08-26,2,1,72,0.839,0.774,0,3,8,1320000,2750500.8,4070500.8
DISP3321,Wire Rod,BLC,56,2799.06,80.62,CMO05,Hyderabad,1600,2023-11-07,2023-11-07,0,0,78,0.775,0.825,0,1,11,0,5374195.2,5374195.2
DISP3322,Plate,BOBYN,56,3216.79,95.74,CMO04,Kolkata,350,2023-03-06,2023-03-07,1,1,9,0.366,0.72,0,0,3,840000,1351051.8,2191051.8
DISP3323,Plate,BLC,52,2546.49,78.99,CMO04,Kolkata,350,2023-01-13,2023-01-15,2,1,45,0.59,0.825,0,4,1,1560000,1069525.8,2629525.8
DISP3324,Semis,BLC,58,3370.02,93.72,CMO02,Mumbai,1800,2023-03-13,2023-03-13,0,0,43,0.517,0.4,0,0,3,0,7279243.2,7279243.2
DISP3325,Wire Rod,BLC,52,2707.85,83.99,CMO03,Chennai,2100,2023-08-27,2023-08-28,1,1,52,0.906,0.624,1,6,8,780000,6823782.0,7603782.0
DISP3326,CR Coil,BOXN,49,2308.3,81.22,CMO06,Ahmedabad,1900,2023-06-29,2023-06-30,1,1,64,0.928,0.921,1,3,6,735000,5262924.0,5997924.0
DISP3327,TMT Bar,BOST,57,2402.93,84.31,CMO03,Chennai,2100,2023-09-03,2023-09-03,0,0,13,0.482,0.435,0,6,9,0,6055383.6,6055383.6
DISP3328,CR Coil,BOXN,44,2356.26,92.33,CMO01,Delhi,1200,2023-10-15,2023-10-15,0,0,39,0.248,0.657,0,6,10,0,3393014.4,3393014.4
DISP3329,TMT Bar,BLC,52,2579.88,80.02,CMO01,Delhi,1200,2023-11-10,2023-11-10,0,0,63,0.478,0.529,0,4,11,0,3715027.2,3715027.2
DISP3330,Semis,BOST,43,2074.88,96.51,CMO05,Hyderabad,1600,2023-09-07,2023-09-07,0,0,60,0.811,0.325,0,3,9,0,3983769.6,3983769.6
DISP3331,Structurals,BOST,56,2016.52,72.02,CMO06,Ahmedabad,1900,2023-03-20,2023-03-20,0,0,53,0.464,0.8,0,0,3,0,4597665.6,4597665.6
DISP3332,Structurals,BOBYN,44,2451.59,92.86,CMO03,Chennai,2100,2023-04-11,2023-04-12,1,1,16,0.693,0.493,0,1,4,660000,6178006.8,6838006.8
DISP3333,HR Coil,BOBYN,53,2769.11,87.08,CMO02,Mumbai,1800,2023-08-02,2023-08-02,0,0,24,0.542,0.698,0,2,8,0,5981277.6,5981277.6
DISP3334,CR Coil,BOXN,45,2499.47,95.77,CMO01,Delhi,1200,2023-05-16,2023-05-16,0,0,66,0.83,0.453,0,1,5,0,3599236.8,3599236.8
DISP3335,CR Coil,BLC,43,1930.16,72.4,CMO06,Ahmedabad,1900,2023-08-24,2023-08-24,0,0,48,0.693,0.986,0,3,8,0,4400764.8,4400764.8
DISP3336,TMT Bar,BOST,57,2755.24,96.68,CMO05,Hyderabad,1600,2023-06-19,2023-06-19,0,0,46,0.621,0.767,0,0,6,0,5290060.8,5290060.8
DISP3337,Plate,BCN,47,1984.92,76.79,CMO05,Hyderabad,1600,2023-01-12,2023-01-12,0,0,60,0.587,0.53,0,3,1,0,3811046.4,3811046.4
DISP3338,Wire Rod,BLC,41,2505.47,98.56,CMO06,Ahmedabad,1900,2023-06-03,2023-06-05,2,1,37,0.285,0.404,0,5,6,1230000,5712471.6,6942471.6
DISP3339,CR Coil,BOBYN,43,2345.77,90.92,CMO04,Kolkata,350,2023-09-16,2023-09-16,0,0,51,0.53,0.58,0,5,9,0,985223.4,985223.4
DISP3340,TMT Bar,BOBYN,45,2394.68,88.69,CMO01,Delhi,1200,2023-12-06,2023-12-07,1,1,13,0.82,0.948,0,2,12,675000,3448339.2,4123339.2
DISP3341,Wire Rod,BLC,55,3387.86,99.35,CMO02,Mumbai,1800,2023-06-20,2023-06-20,0,0,52,0.295,0.465,0,1,6,0,7317777.6,7317777.6
DISP3342,Wire Rod,BOST,46,1889.67,82.16,CMO04,Kolkata,350,2023-05-01,2023-05-03,2,1,41,0.395,0.863,0,0,5,1380000,793661.4,2173661.4
DISP3343,Plate,BOXN,43,1807.22,72.46,CMO04,Kolkata,350,2023-01-05,2023-01-10,5,1,24,0.632,0.645,0,3,1,3225000,759032.4,3984032.4
DISP3344,Semis,BOBYN,41,1723.54,70.06,CMO06,Ahmedabad,1900,2023-04-01,2023-04-04,3,1,9,0.307,0.989,0,5,4,1845000,3929671.2,5774671.2
DISP3345,Semis,BCN,58,2316.76,72.63,CMO06,Ahmedabad,1900,2023-03-26,2023-03-31,5,1,44,0.464,0.327,1,6,3,4350000,5282212.8,9632212.8
DISP3346,Plate,BOBYN,45,2616.62,96.91,CMO01,Delhi,1200,2023-09-09,2023-09-09,0,0,18,0.414,0.504,0,5,9,0,3767932.8,3767932.8
DISP3347,HR Coil,BOST,49,1816.88,74.16,CMO07,Pune,1750,2023-08-25,2023-08-28,3,1,38,0.326,0.843,1,4,8,2205000,3815448.0,6020448.0
DISP3348,CR Coil,BCN,41,1844.63,81.8,CMO06,Ahmedabad,1900,2023-06-23,2023-06-25,2,1,25,0.756,0.867,0,4,6,1230000,4205756.4,5435756.4
DISP3349,TMT Bar,BLC,53,3095.71,94.21,CMO06,Ahmedabad,1900,2023-05-01,2023-05-01,0,0,44,0.733,0.447,0,0,5,0,7058218.8,7058218.8
DISP3350,Structurals,BOXN,42,1748.13,71.76,CMO02,Mumbai,1800,2023-03-02,2023-03-03,1,1,23,0.286,0.614,0,3,3,630000,3775960.8,4405960.8
DISP3351,Semis,BCN,58,2461.97,77.18,CMO03,Chennai,2100,2023-09-04,2023-09-07,3,1,60,0.528,0.951,0,0,9,2610000,6204164.4,8814164.4
DISP3352,Structurals,BCN,46,2450.75,96.87,CMO05,Hyderabad,1600,2023-12-02,2023-12-03,1,1,9,0.491,0.574,0,5,12,690000,4705440.0,5395440.0
DISP3353,Semis,BCN,52,2162.07,75.6,CMO07,Pune,1750,2023-09-12,2023-09-12,0,0,64,0.727,0.578,0,1,9,0,4540347.0,4540347.0
DISP3354,TMT Bar,BOBYN,50,2770.75,92.36,CMO04,Kolkata,350,2023-12-29,2024-01-02,4,1,59,0.727,0.971,1,4,12,3000000,1163715.0,4163715.0
DISP3355,CR Coil,BOBYN,48,2375.25,82.47,CMO01,Delhi,1200,2023-09-07,2023-09-09,2,1,47,0.319,0.919,0,3,9,1440000,3420360.0,4860360.0
DISP3356,TMT Bar,BOBYN,53,2262.68,71.15,CMO02,Mumbai,1800,2023-01-05,2023-01-06,1,1,51,0.769,0.86,0,3,1,795000,4887388.8,5682388.8
DISP3357,Wire Rod,BOST,46,1755.63,76.33,CMO07,Pune,1750,2023-06-20,2023-06-20,0,0,69,0.419,0.573,0,1,6,0,3686823.0,3686823.0
DISP3358,Plate,BOST,46,1910.11,83.05,CMO05,Hyderabad,1600,2023-01-21,2023-01-26,5,1,63,0.971,0.714,0,5,1,3450000,3667411.2,7117411.2
DISP3359,Wire Rod,BCN,50,1939.78,70.54,CMO01,Delhi,1200,2023-10-29,2023-10-29,0,0,13,0.58,0.915,1,6,10,0,2793283.2,2793283.2
DISP3360,Plate,BOBYN,50,2851.32,95.04,CMO05,Hyderabad,1600,2023-04-25,2023-04-29,4,1,62,0.412,0.924,1,1,4,3000000,5474534.4,8474534.4
DISP3361,Structurals,BCN,52,2229.68,77.96,CMO05,Hyderabad,1600,2023-09-29,2023-10-01,2,1,34,0.232,0.966,1,4,9,1560000,4280985.6,5840985.6
DISP3362,Wire Rod,BOXN,48,2395.85,86.06,CMO01,Delhi,1200,2023-10-07,2023-10-11,4,1,58,0.213,0.908,0,5,10,2880000,3450024.0,6330024.0
DISP3363,Semis,BOST,41,1740.43,84.9,CMO03,Chennai,2100,2023-10-25,2023-10-25,0,0,32,0.627,0.687,1,2,10,0,4385883.6,4385883.6
DISP3364,Semis,BLC,57,3243.21,91.77,CMO02,Mumbai,1800,2023-04-01,2023-04-03,2,1,74,0.725,0.31,0,5,4,1710000,7005333.6,8715333.6
DISP3365,CR Coil,BOXN,43,1842.97,73.9,CMO04,Kolkata,350,2023-05-13,2023-05-13,0,0,26,0.726,0.77,0,5,5,0,774047.4,774047.4
DISP3366,Wire Rod,BOBYN,51,2231.6,72.93,CMO02,Mumbai,1800,2023-05-28,2023-05-29,1,1,44,0.998,0.784,1,6,5,765000,4820256.0,5585256.0
DISP3367,CR Coil,BOXN,40,2287.7,98.61,CMO07,Pune,1750,2023-02-03,2023-02-03,0,0,39,0.972,0.379,0,4,2,0,4804170.0,4804170.0
DISP3368,HR Coil,BOST,54,2303.73,85.32,CMO05,Hyderabad,1600,2023-09-04,2023-09-05,1,1,40,0.828,0.549,0,0,9,810000,4423161.6,5233161.6
DISP3369,Semis,BOST,48,2202.23,91.76,CMO02,Mumbai,1800,2023-11-14,2023-11-14,0,0,16,0.994,0.414,0,1,11,0,4756816.8,4756816.8
DISP3370,Plate,BOST,46,1940.3,84.36,CMO07,Pune,1750,2023-11-20,2023-11-20,0,0,49,0.224,0.897,0,0,11,0,4074630.0,4074630.0
DISP3371,Wire Rod,BOST,52,1985.64,76.37,CMO01,Delhi,1200,2023-04-08,2023-04-13,5,1,66,0.819,0.823,0,5,4,3900000,2859321.6,6759321.6
DISP3372,CR Coil,BLC,57,3291.04,93.13,CMO07,Pune,1750,2023-07-18,2023-07-19,1,1,46,0.714,0.439,0,1,7,855000,6911184.0,7766184.0
DISP3373,HR Coil,BCN,40,2191.86,99.63,CMO05,Hyderabad,1600,2023-07-10,2023-07-10,0,0,48,0.532,0.886,0,0,7,0,4208371.2,4208371.2
DISP3374,Semis,BOXN,44,2431.82,95.29,CMO04,Kolkata,350,2023-11-01,2023-11-02,1,1,71,0.649,0.382,0,2,11,660000,1021364.4,1681364.4
DISP3375,Plate,BCN,43,2098.9,88.75,CMO06,Ahmedabad,1900,2023-01-17,2023-01-17,0,0,45,0.397,0.676,0,1,1,0,4785492.0,4785492.0
DISP3376,HR Coil,BOXN,41,2334.52,98.17,CMO07,Pune,1750,2023-12-07,2023-12-07,0,0,22,0.757,0.871,0,3,12,0,4902492.0,4902492.0
DISP3377,TMT Bar,BLC,42,2584.57,99.25,CMO03,Chennai,2100,2023-07-06,2023-07-06,0,0,14,0.599,0.817,0,3,7,0,6513116.4,6513116.4
DISP3378,HR Coil,BCN,45,2261.01,91.35,CMO03,Chennai,2100,2023-03-12,2023-03-13,1,1,72,0.682,0.896,0,6,3,675000,5697745.2,6372745.2
DISP3379,TMT Bar,BCN,50,2657.94,96.65,CMO07,Pune,1750,2023-04-04,2023-04-06,2,1,78,0.37,0.86,0,1,4,1500000,5581674.0,7081674.0
DISP3380,Semis,BOST,57,2775.59,97.39,CMO07,Pune,1750,2023-02-10,2023-02-14,4,1,75,0.948,0.909,0,4,2,3420000,5828739.0,9248739.0
DISP3381,Structurals,BOXN,52,2791.88,92.57,CMO03,Chennai,2100,2023-01-21,2023-01-21,0,0,44,0.935,0.594,0,5,1,0,7035537.6,7035537.6
DISP3382,TMT Bar,BOXN,44,1839.03,72.06,CMO06,Ahmedabad,1900,2023-10-29,2023-10-31,2,1,5,0.285,0.634,1,6,10,1320000,4192988.4,5512988.4
DISP3383,Plate,BCN,45,2171.21,87.73,CMO01,Delhi,1200,2023-10-15,2023-10-15,0,0,36,0.266,0.418,0,6,10,0,3126542.4,3126542.4
DISP3384,Plate,BOXN,40,1951.34,84.11,CMO06,Ahmedabad,1900,2023-12-29,2024-01-01,3,1,21,0.335,0.97,1,4,12,1800000,4449055.2,6249055.2
DISP3385,Wire Rod,BOST,48,2095.22,87.3,CMO01,Delhi,1200,2023-04-07,2023-04-09,2,1,68,0.638,0.342,0,4,4,1440000,3017116.8,4457116.8
DISP3386,CR Coil,BOST,49,1968.04,80.33,CMO07,Pune,1750,2023-07-27,2023-07-30,3,1,80,0.529,0.705,1,3,7,2205000,4132884.0,6337884.0
DISP3387,HR Coil,BLC,48,2662.04,89.45,CMO06,Ahmedabad,1900,2023-09-12,2023-09-13,1,1,5,0.982,0.584,0,1,9,720000,6069451.2,6789451.2
DISP3388,CR Coil,BOBYN,58,2561.26,73.6,CMO05,Hyderabad,1600,2023-12-10,2023-12-10,0,0,36,0.306,0.328,0,6,12,0,4917619.2,4917619.2
DISP3389,Structurals,BOXN,52,2231.5,73.99,CMO01,Delhi,1200,2023-04-22,2023-04-22,0,0,40,0.968,0.702,0,5,4,0,3213360.0,3213360.0
DISP3390,Structurals,BOXN,53,2250.43,73.21,CMO01,Delhi,1200,2023-04-16,2023-04-16,0,0,62,0.316,0.807,0,6,4,0,3240619.2,3240619.2
DISP3391,Semis,BCN,53,2371.69,81.36,CMO03,Chennai,2100,2023-09-23,2023-09-23,0,0,40,0.555,0.441,0,5,9,0,5976658.8,5976658.8
DISP3392,CR Coil,BCN,46,2431.29,96.1,CMO04,Kolkata,350,2023-12-06,2023-12-07,1,1,36,0.592,0.964,0,2,12,690000,1021141.8,1711141.8
DISP3393,Wire Rod,BOBYN,41,2298.67,93.44,CMO04,Kolkata,350,2023-01-31,2023-02-01,1,1,63,0.619,0.443,1,1,1,615000,965441.4,1580441.4
DISP3394,TMT Bar,BOBYN,53,2959.68,93.07,CMO03,Chennai,2100,2023-08-31,2023-09-02,2,1,72,0.252,0.618,1,3,8,1590000,7458393.6,9048393.6
DISP3395,CR Coil,BCN,55,2991.88,98.91,CMO06,Ahmedabad,1900,2023-05-19,2023-05-21,2,1,25,0.584,0.607,0,4,5,1650000,6821486.4,8471486.4
DISP3396,Structurals,BLC,47,2902.19,99.59,CMO04,Kolkata,350,2023-10-10,2023-10-11,1,1,70,0.714,0.401,0,1,10,705000,1218919.8,1923919.8
DISP3397,TMT Bar,BOXN,48,2668.74,95.86,CMO06,Ahmedabad,1900,2023-09-22,2023-09-22,0,0,44,0.797,0.314,0,4,9,0,6084727.2,6084727.2
DISP3398,HR Coil,BCN,48,2489.29,94.29,CMO02,Mumbai,1800,2023-12-09,2023-12-09,0,0,76,0.885,0.702,0,5,12,0,5376866.4,5376866.4
DISP3399,CR Coil,BLC,56,2433.91,70.1,CMO06,Ahmedabad,1900,2023-01-11,2023-01-11,0,0,46,0.815,0.839,0,2,1,0,5549314.8,5549314.8
DISP3400,TMT Bar,BLC,46,2156.72,75.62,CMO01,Delhi,1200,2023-06-06,2023-06-06,0,0,59,0.401,0.863,0,1,6,0,3105676.8,3105676.8
DISP3401,Structurals,BOST,58,2520.7,86.92,CMO04,Kolkata,350,2023-02-19,2023-02-20,1,1,53,0.577,0.437,0,6,2,870000,1058694.0,1928694.0
DISP3402,TMT Bar,BLC,47,2505.3,85.97,CMO03,Chennai,2100,2023-09-10,2023-09-10,0,0,34,0.545,0.694,0,6,9,0,6313356.0,6313356.0
DISP3403,HR Coil,BOBYN,47,2321.48,82.32,CMO05,Hyderabad,1600,2023-01-23,2023-01-23,0,0,31,0.574,0.674,0,0,1,0,4457241.6,4457241.6
DISP3404,HR Coil,BOST,54,2471.93,91.55,CMO06,Ahmedabad,1900,2023-04-24,2023-04-27,3,1,32,0.375,0.368,0,0,4,2430000,5636000.4,8066000.4
DISP3405,Wire Rod,BCN,58,3084.54,96.69,CMO01,Delhi,1200,2023-04-18,2023-04-21,3,1,16,0.473,0.466,0,1,4,2610000,4441737.6,7051737.6
DISP3406,Semis,BOST,47,1676.14,71.33,CMO05,Hyderabad,1600,2023-12-19,2023-12-19,0,0,40,0.633,0.76,0,1,12,0,3218188.8,3218188.8
DISP3407,HR Coil,BLC,46,2677.22,93.87,CMO07,Pune,1750,2023-06-19,2023-06-19,0,0,17,0.271,0.708,0,0,6,0,5622162.0,5622162.0
DISP3408,TMT Bar,BLC,51,3100.01,98.04,CMO01,Delhi,1200,2023-08-20,2023-08-22,2,1,76,0.757,0.319,0,6,8,1530000,4464014.4,5994014.4
DISP3409,HR Coil,BCN,46,1901.6,75.16,CMO06,Ahmedabad,1900,2023-03-22,2023-03-23,1,1,34,0.79,0.813,0,2,3,690000,4335648.0,5025648.0
DISP3410,CR Coil,BLC,41,2283.98,89.85,CMO03,Chennai,2100,2023-04-26,2023-04-28,2,1,22,0.225,0.808,1,2,4,1230000,5755629.6,6985629.6
DISP3411,Semis,BCN,53,2175.11,74.62,CMO07,Pune,1750,2023-02-02,2023-02-02,0,0,25,0.579,0.305,0,3,2,0,4567731.0,4567731.0
DISP3412,Plate,BLC,43,1934.04,72.54,CMO02,Mumbai,1800,2023-03-22,2023-03-22,0,0,32,0.259,0.591,0,2,3,0,4177526.4,4177526.4
DISP3413,Structurals,BOBYN,48,2632.63,91.41,CMO07,Pune,1750,2023-10-12,2023-10-12,0,0,72,0.96,0.952,0,3,10,0,5528523.0,5528523.0
DISP3414,Plate,BLC,45,2646.69,94.86,CMO03,Chennai,2100,2023-11-01,2023-11-01,0,0,73,0.728,0.451,0,2,11,0,6669658.8,6669658.8
DISP3415,CR Coil,BLC,48,2365.08,79.47,CMO05,Hyderabad,1600,2023-11-07,2023-11-07,0,0,32,0.941,0.859,0,1,11,0,4540953.6,4540953.6
DISP3416,CR Coil,BCN,52,2664.85,93.18,CMO04,Kolkata,350,2023-08-27,2023-08-27,0,0,16,0.9,0.381,1,6,8,0,1119237.0,1119237.0
DISP3417,HR Coil,BOST,43,1866.24,86.8,CMO02,Mumbai,1800,2023-07-22,2023-07-24,2,1,79,0.77,0.872,0,5,7,1290000,4031078.4,5321078.4
DISP3418,CR Coil,BOBYN,47,2742.17,97.24,CMO07,Pune,1750,2023-09-18,2023-09-18,0,0,74,0.908,0.469,0,0,9,0,5758557.0,5758557.0
DISP3419,TMT Bar,BOST,42,1633.58,77.79,CMO05,Hyderabad,1600,2023-06-20,2023-06-23,3,1,75,0.309,0.425,0,1,6,1890000,3136473.6,5026473.6
DISP3420,CR Coil,BOBYN,42,2155.57,85.54,CMO02,Mumbai,1800,2023-11-16,2023-11-16,0,0,61,0.257,0.805,0,3,11,0,4656031.2,4656031.2
DISP3421,Structurals,BCN,54,2225.69,74.94,CMO07,Pune,1750,2023-05-22,2023-05-22,0,0,48,0.224,0.836,0,0,5,0,4673949.0,4673949.0
DISP3422,Semis,BOXN,40,1682.21,72.51,CMO06,Ahmedabad,1900,2023-03-26,2023-03-30,4,1,79,0.265,0.782,1,6,3,2400000,3835438.8,6235438.8
DISP3423,Wire Rod,BOST,51,1828.79,71.72,CMO07,Pune,1750,2023-11-19,2023-11-22,3,1,8,0.775,0.992,0,6,11,2295000,3840459.0,6135459.0
DISP3424,Semis,BCN,49,2097.36,77.82,CMO05,Hyderabad,1600,2023-02-13,2023-02-13,0,0,74,0.85,0.72,0,0,2,0,4026931.2,4026931.2
DISP3425,Wire Rod,BLC,56,3378.52,97.31,CMO03,Chennai,2100,2023-02-09,2023-02-12,3,1,24,0.341,0.834,0,3,2,2520000,8513870.4,11033870.4
DISP3426,TMT Bar,BLC,41,2166.15,85.21,CMO04,Kolkata,350,2023-08-28,2023-08-28,0,0,8,0.235,0.334,1,0,8,0,909783.0,909783.0
DISP3427,CR Coil,BCN,50,1998.17,72.66,CMO04,Kolkata,350,2023-09-22,2023-09-22,0,0,40,0.624,0.584,0,4,9,0,839231.4,839231.4
DISP3428,CR Coil,BOBYN,48,2458.09,85.35,CMO04,Kolkata,350,2023-06-14,2023-06-14,0,0,52,0.729,0.556,0,2,6,0,1032397.8,1032397.8
DISP3429,Semis,BLC,41,2200.77,86.58,CMO05,Hyderabad,1600,2023-01-21,2023-01-25,4,1,65,0.242,0.446,0,5,1,2460000,4225478.4,6685478.4
DISP3430,Plate,BOST,51,2386.69,93.6,CMO04,Kolkata,350,2023-01-09,2023-01-10,1,1,72,0.348,0.345,0,0,1,765000,1002409.8,1767409.8
DISP3431,HR Coil,BLC,48,2828.6,95.05,CMO07,Pune,1750,2023-03-05,2023-03-09,4,1,76,0.932,0.817,0,6,3,2880000,5940060.0,8820060.0
DISP3432,Semis,BOBYN,57,3367.1,98.45,CMO06,Ahmedabad,1900,2023-09-13,2023-09-13,0,0,36,0.613,0.565,0,2,9,0,7676988.0,7676988.0
DISP3433,Plate,BOXN,52,2353.5,78.03,CMO06,Ahmedabad,1900,2023-03-21,2023-03-21,0,0,13,0.313,0.58,0,1,3,0,5365980.0,5365980.0
DISP3434,Structurals,BOST,58,2591.31,89.36,CMO02,Mumbai,1800,2023-12-08,2023-12-09,1,1,44,0.526,0.411,0,4,12,870000,5597229.6,6467229.6
DISP3435,Structurals,BCN,56,2554.14,82.93,CMO02,Mumbai,1800,2023-02-23,2023-02-23,0,0,44,0.969,0.476,0,3,2,0,5516942.4,5516942.4
DISP3436,HR Coil,BLC,49,2988.29,98.36,CMO07,Pune,1750,2023-11-20,2023-11-22,2,1,54,0.325,0.962,0,0,11,1470000,6275409.0,7745409.0
DISP3437,Semis,BOBYN,52,2922.18,93.66,CMO01,Delhi,1200,2023-12-12,2023-12-17,5,1,52,0.472,0.778,0,1,12,3900000,4207939.2,8107939.2
DISP3438,Structurals,BOXN,55,2594.05,81.32,CMO01,Delhi,1200,2023-07-30,2023-07-30,0,0,40,0.89,0.659,1,6,7,0,3735432.0,3735432.0
DISP3439,Plate,BOXN,47,2505.83,91.92,CMO05,Hyderabad,1600,2023-07-08,2023-07-13,5,1,35,0.645,0.651,0,5,7,3525000,4811193.6,8336193.6
DISP3440,TMT Bar,BOBYN,54,2861.01,88.3,CMO06,Ahmedabad,1900,2023-12-23,2023-12-25,2,1,12,0.739,0.538,0,5,12,1620000,6523102.8,8143102.8
DISP3441,Semis,BOBYN,46,2690.85,97.49,CMO03,Chennai,2100,2023-04-17,2023-04-17,0,0,50,0.355,0.668,0,0,4,0,6780942.0,6780942.0
DISP3442,Structurals,BLC,47,2745.02,94.2,CMO01,Delhi,1200,2023-02-22,2023-02-22,0,0,16,0.276,0.72,0,2,2,0,3952828.8,3952828.8
DISP3443,Structurals,BOXN,57,2362.13,71.45,CMO07,Pune,1750,2023-04-12,2023-04-13,1,1,35,0.675,0.742,0,2,4,855000,4960473.0,5815473.0
DISP3444,Wire Rod,BCN,47,1839.91,71.18,CMO06,Ahmedabad,1900,2023-07-28,2023-07-28,0,0,9,0.779,0.969,1,4,7,0,4194994.8,4194994.8
DISP3445,Plate,BOST,55,2550.68,92.75,CMO07,Pune,1750,2023-06-17,2023-06-17,0,0,54,0.276,0.973,0,5,6,0,5356428.0,5356428.0
DISP3446,Semis,BOST,40,1406.4,70.32,CMO05,Hyderabad,1600,2023-04-05,2023-04-06,1,1,31,0.856,0.998,0,2,4,600000,2700288.0,3300288.0
DISP3447,Semis,BOXN,57,2441.06,73.84,CMO04,Kolkata,350,2023-11-02,2023-11-02,0,0,72,0.939,0.471,0,3,11,0,1025245.2,1025245.2
DISP3448,Wire Rod,BLC,48,2734.28,91.88,CMO06,Ahmedabad,1900,2023-11-02,2023-11-02,0,0,20,0.968,0.936,0,3,11,0,6234158.4,6234158.4
DISP3449,Plate,BOBYN,52,2528.36,81.04,CMO06,Ahmedabad,1900,2023-06-27,2023-06-27,0,0,22,0.909,0.353,1,1,6,0,5764660.8,5764660.8
DISP3450,Semis,BOST,58,2279.55,78.61,CMO01,Delhi,1200,2023-10-04,2023-10-04,0,0,42,0.381,0.578,0,2,10,0,3282552.0,3282552.0
DISP3451,Semis,BOST,44,2039.3,92.7,CMO01,Delhi,1200,2023-07-28,2023-07-28,0,0,29,0.336,0.806,1,4,7,0,2936592.0,2936592.0
DISP3452,Plate,BOST,44,1588.51,72.2,CMO05,Hyderabad,1600,2023-08-20,2023-08-24,4,1,40,0.468,0.593,0,6,8,2640000,3049939.2,5689939.2
DISP3453,Structurals,BCN,44,2071.29,85.59,CMO06,Ahmedabad,1900,2023-07-28,2023-07-28,0,0,10,0.864,0.741,1,4,7,0,4722541.2,4722541.2
DISP3454,TMT Bar,BLC,52,2671.41,82.86,CMO02,Mumbai,1800,2023-01-24,2023-01-26,2,1,71,0.755,0.382,0,1,1,1560000,5770245.6,7330245.6
DISP3455,HR Coil,BOBYN,41,2105.95,85.61,CMO01,Delhi,1200,2023-04-15,2023-04-19,4,1,51,0.512,0.919,0,5,4,2460000,3032568.0,5492568.0
DISP3456,HR Coil,BOBYN,54,2338.64,72.18,CMO04,Kolkata,350,2023-04-19,2023-04-20,1,1,17,0.962,0.837,0,2,4,810000,982228.8,1792228.8
DISP3457,HR Coil,BLC,56,3003.58,86.51,CMO07,Pune,1750,2023-08-12,2023-08-16,4,1,78,0.287,0.738,0,5,8,3360000,6307518.0,9667518.0
DISP3458,Structurals,BOST,46,2288.9,99.52,CMO02,Mumbai,1800,2023-05-16,2023-05-16,0,0,42,0.8,0.328,0,1,5,0,4944024.0,4944024.0
DISP3459,Plate,BOST,54,2522.0,93.41,CMO01,Delhi,1200,2023-06-25,2023-06-29,4,1,43,0.39,0.904,1,6,6,3240000,3631680.0,6871680.0
DISP3460,Plate,BLC,41,1941.04,76.36,CMO02,Mumbai,1800,2023-11-27,2023-11-29,2,1,52,0.692,0.387,1,0,11,1230000,4192646.4,5422646.4
DISP3461,Structurals,BOXN,41,2026.58,85.22,CMO06,Ahmedabad,1900,2023-10-17,2023-10-18,1,1,79,0.766,0.862,0,1,10,615000,4620602.4,5235602.4
DISP3462,HR Coil,BLC,48,2603.61,87.49,CMO06,Ahmedabad,1900,2023-03-26,2023-03-29,3,1,56,0.805,0.794,1,6,3,2160000,5936230.8,8096230.8
DISP3463,Semis,BOST,52,2498.27,96.09,CMO05,Hyderabad,1600,2023-12-03,2023-12-03,0,0,42,0.864,0.749,0,6,12,0,4796678.4,4796678.4
DISP3464,Structurals,BLC,42,2517.41,96.67,CMO06,Ahmedabad,1900,2023-06-01,2023-06-01,0,0,23,0.628,0.556,0,3,6,0,5739694.8,5739694.8
DISP3465,Plate,BOBYN,50,2608.81,86.96,CMO02,Mumbai,1800,2023-05-31,2023-06-04,4,1,7,0.818,0.921,1,2,5,3000000,5635029.6,8635029.6
DISP3466,Semis,BOBYN,46,2021.72,73.25,CMO02,Mumbai,1800,2023-04-25,2023-04-27,2,1,42,0.824,0.843,1,1,4,1380000,4366915.2,5746915.2
DISP3467,HR Coil,BOST,40,1994.01,99.7,CMO04,Kolkata,350,2023-08-31,2023-08-31,0,0,24,0.518,0.382,1,3,8,0,837484.2,837484.2
DISP3468,HR Coil,BLC,45,2580.14,92.48,CMO06,Ahmedabad,1900,2023-06-08,2023-06-09,1,1,76,0.954,0.807,0,3,6,675000,5882719.2,6557719.2
DISP3469,Structurals,BOST,51,2282.4,89.51,CMO06,Ahmedabad,1900,2023-09-24,2023-09-27,3,1,22,0.726,0.693,0,6,9,2295000,5203872.0,7498872.0
DISP3470,TMT Bar,BOXN,51,2922.52,98.8,CMO07,Pune,1750,2023-12-06,2023-12-08,2,1,20,0.985,0.932,0,2,12,1530000,6137292.0,7667292.0
DISP3471,HR Coil,BOBYN,52,2736.72,87.72,CMO05,Hyderabad,1600,2023-07-03,2023-07-05,2,1,74,0.741,0.604,0,0,7,1560000,5254502.4,6814502.4
DISP3472,Wire Rod,BLC,51,2599.41,82.21,CMO05,Hyderabad,1600,2023-02-07,2023-02-07,0,0,32,0.212,0.637,0,1,2,0,4990867.2,4990867.2
DISP3473,Structurals,BOBYN,46,2600.39,94.22,CMO07,Pune,1750,2023-06-10,2023-06-14,4,1,78,0.469,0.947,0,5,6,2760000,5460819.0,8220819.0
DISP3474,Semis,BLC,57,2631.72,74.47,CMO03,Chennai,2100,2023-10-28,2023-10-28,0,0,44,0.88,0.49,1,5,10,0,6631934.4,6631934.4
DISP3475,Semis,BOBYN,55,3054.81,92.57,CMO01,Delhi,1200,2023-01-01,2023-01-01,0,0,5,0.734,0.66,0,6,1,0,4398926.4,4398926.4
DISP3476,Wire Rod,BOXN,43,2369.58,95.01,CMO01,Delhi,1200,2023-07-18,2023-07-20,2,1,69,0.362,0.357,0,1,7,1290000,3412195.2,4702195.2
DISP3477,Semis,BOXN,41,2339.01,98.36,CMO07,Pune,1750,2023-07-12,2023-07-15,3,1,72,0.245,0.754,0,2,7,1845000,4911921.0,6756921.0
DISP3478,HR Coil,BCN,41,1885.05,83.59,CMO07,Pune,1750,2023-04-01,2023-04-04,3,1,71,0.357,0.708,0,5,4,1845000,3958605.0,5803605.0
DISP3479,CR Coil,BCN,47,2303.88,89.12,CMO01,Delhi,1200,2023-05-19,2023-05-19,0,0,7,0.917,0.608,0,4,5,0,3317587.2,3317587.2
DISP3480,Wire Rod,BOXN,54,3024.36,96.56,CMO02,Mumbai,1800,2023-07-26,2023-07-29,3,1,57,0.737,0.717,1,2,7,2430000,6532617.6,8962617.6
DISP3481,HR Coil,BLC,55,3331.05,97.68,CMO06,Ahmedabad,1900,2023-01-25,2023-01-29,4,1,25,0.652,0.953,1,2,1,3300000,7594794.0,10894794.0
DISP3482,HR Coil,BOST,57,2219.69,77.88,CMO04,Kolkata,350,2023-04-10,2023-04-10,0,0,30,0.362,0.462,0,0,4,0,932269.8,932269.8
DISP3483,TMT Bar,BOBYN,46,2217.45,80.34,CMO03,Chennai,2100,2023-07-25,2023-07-27,2,1,18,0.574,0.949,1,1,7,1380000,5587974.0,6967974.0
DISP3484,CR Coil,BOXN,42,2145.82,88.09,CMO06,Ahmedabad,1900,2023-01-01,2023-01-03,2,1,53,0.29,0.825,0,6,1,1260000,4892469.6,6152469.6
DISP3485,Structurals,BOBYN,54,2749.87,84.87,CMO03,Chennai,2100,2023-10-21,2023-10-21,0,0,49,0.501,0.433,0,5,10,0,6929672.4,6929672.4
DISP3486,Structurals,BCN,49,2100.43,77.94,CMO05,Hyderabad,1600,2023-01-26,2023-01-27,1,1,26,0.892,0.526,1,3,1,735000,4032825.6,4767825.6
DISP3487,Plate,BOXN,53,2405.77,78.26,CMO01,Delhi,1200,2023-01-28,2023-01-28,0,0,35,0.561,0.777,1,5,1,0,3464308.8,3464308.8
DISP3488,Wire Rod,BOST,43,2103.36,97.83,CMO04,Kolkata,350,2023-08-26,2023-08-27,1,1,68,0.734,0.419,1,5,8,645000,883411.2,1528411.2
DISP3489,CR Coil,BOXN,55,3088.81,96.83,CMO06,Ahmedabad,1900,2023-10-29,2023-11-01,3,1,73,0.862,0.372,1,6,10,2475000,7042486.8,9517486.8
DISP3490,Wire Rod,BOST,57,2285.82,80.2,CMO02,Mumbai,1800,2023-09-09,2023-09-09,0,0,61,0.387,0.598,0,5,9,0,4937371.2,4937371.2
DISP3491,Semis,BOST,47,2263.03,96.3,CMO07,Pune,1750,2023-09-21,2023-09-23,2,1,27,0.635,0.997,0,3,9,1410000,4752363.0,6162363.0
DISP3492,Plate,BLC,40,2102.66,84.78,CMO07,Pune,1750,2023-12-26,2023-12-31,5,1,80,0.636,0.746,1,1,12,3000000,4415586.0,7415586.0
DISP3493,HR Coil,BLC,41,2086.47,82.08,CMO04,Kolkata,350,2023-09-12,2023-09-12,0,0,35,0.92,0.663,0,1,9,0,876317.4,876317.4
DISP3494,Semis,BOXN,51,2749.05,92.94,CMO07,Pune,1750,2023-07-12,2023-07-13,1,1,74,0.315,0.761,0,2,7,765000,5773005.0,6538005.0
DISP3495,TMT Bar,BOBYN,42,2514.07,99.76,CMO03,Chennai,2100,2023-12-14,2023-12-14,0,0,51,0.212,0.535,0,3,12,0,6335456.4,6335456.4
DISP3496,HR Coil,BCN,52,2490.57,87.08,CMO06,Ahmedabad,1900,2023-02-07,2023-02-09,2,1,71,0.721,0.956,0,1,2,1560000,5678499.6,7238499.6
DISP3497,TMT Bar,BLC,54,3101.88,92.65,CMO05,Hyderabad,1600,2023-01-21,2023-01-23,2,1,76,0.673,0.841,0,5,1,1620000,5955609.6,7575609.6
DISP3498,Plate,BCN,57,3010.93,96.04,CMO05,Hyderabad,1600,2023-03-23,2023-03-24,1,1,21,0.914,0.326,0,3,3,855000,5780985.6,6635985.6
DISP3499,Plate,BOBYN,57,2838.41,82.99,CMO06,Ahmedabad,1900,2023-11-03,2023-11-06,3,1,37,0.606,0.504,0,4,11,2565000,6471574.8,9036574.8
DISP3500,TMT Bar,BOST,56,2424.97,86.61,CMO07,Pune,1750,2023-02-03,2023-02-03,0,0,15,0.427,0.616,0,4,2,0,5092437.0,5092437.0
DISP3501,Wire Rod,BOXN,54,2278.53,72.75,CMO07,Pune,1750,2023-04-02,2023-04-02,0,0,35,0.916,0.581,0,6,4,0,4784913.0,4784913.0
DISP3502,CR Coil,BOBYN,40,2352.41,98.02,CMO05,Hyderabad,1600,2023-08-20,2023-08-20,0,0,40,0.504,0.355,0,6,8,0,4516627.2,4516627.2
DISP3503,Structurals,BLC,55,3011.47,88.31,CMO06,Ahmedabad,1900,2023-09-10,2023-09-13,3,1,54,0.634,0.9,0,6,9,2475000,6866151.6,9341151.6
DISP3504,Wire Rod,BOBYN,44,2101.53,79.6,CMO06,Ahmedabad,1900,2023-10-23,2023-10-23,0,0,30,0.595,0.825,0,0,10,0,4791488.4,4791488.4
DISP3505,Plate,BOST,40,1639.16,81.96,CMO03,Chennai,2100,2023-04-06,2023-04-06,0,0,35,0.495,0.787,0,3,4,0,4130683.2,4130683.2
DISP3506,Structurals,BCN,52,2328.85,81.43,CMO07,Pune,1750,2023-11-14,2023-11-15,1,1,47,0.748,0.698,0,1,11,780000,4890585.0,5670585.0
DISP3507,TMT Bar,BOBYN,50,2867.23,95.57,CMO05,Hyderabad,1600,2023-05-18,2023-05-18,0,0,37,0.346,0.667,0,3,5,0,5505081.6,5505081.6
DISP3508,Wire Rod,BOBYN,51,2900.7,94.79,CMO02,Mumbai,1800,2023-11-10,2023-11-10,0,0,42,0.349,0.473,0,4,11,0,6265512.0,6265512.0
DISP3509,Structurals,BOST,48,2248.47,93.69,CMO05,Hyderabad,1600,2023-04-24,2023-04-24,0,0,29,0.637,0.931,0,0,4,0,4317062.4,4317062.4
DISP3510,HR Coil,BLC,45,2171.23,77.82,CMO03,Chennai,2100,2023-12-17,2023-12-17,0,0,46,0.349,0.833,0,6,12,0,5471499.6,5471499.6
DISP3511,Wire Rod,BCN,52,2145.87,75.03,CMO02,Mumbai,1800,2023-10-22,2023-10-22,0,0,26,0.523,0.712,0,6,10,0,4635079.2,4635079.2
DISP3512,CR Coil,BOST,51,1863.2,73.07,CMO03,Chennai,2100,2023-09-16,2023-09-20,4,1,18,0.648,0.574,0,5,9,3060000,4695264.0,7755264.0
DISP3513,Wire Rod,BCN,52,2816.74,98.49,CMO05,Hyderabad,1600,2023-10-14,2023-10-17,3,1,46,0.213,0.524,0,5,10,2340000,5408140.8,7748140.8
DISP3514,Semis,BOBYN,40,1819.79,75.82,CMO03,Chennai,2100,2023-11-18,2023-11-18,0,0,20,0.902,0.926,0,5,11,0,4585870.8,4585870.8
DISP3515,HR Coil,BOXN,55,2806.24,87.97,CMO07,Pune,1750,2023-03-26,2023-03-28,2,1,11,0.359,0.883,1,6,3,1650000,5893104.0,7543104.0
DISP3516,Semis,BOXN,51,2257.12,76.31,CMO01,Delhi,1200,2023-06-07,2023-06-07,0,0,16,0.46,0.618,0,2,6,0,3250252.8,3250252.8
DISP3517,TMT Bar,BOXN,46,2451.04,91.87,CMO02,Mumbai,1800,2023-07-07,2023-07-07,0,0,32,0.854,0.633,0,4,7,0,5294246.4,5294246.4
DISP3518,Plate,BOBYN,53,2652.75,83.42,CMO01,Delhi,1200,2023-06-12,2023-06-12,0,0,10,0.213,0.735,0,0,6,0,3819960.0,3819960.0
DISP3519,CR Coil,BOXN,49,2799.7,98.51,CMO06,Ahmedabad,1900,2023-02-14,2023-02-14,0,0,9,0.821,0.424,0,1,2,0,6383316.0,6383316.0
DISP3520,Plate,BOST,56,2357.23,84.19,CMO01,Delhi,1200,2023-01-31,2023-02-01,1,1,21,0.806,0.305,1,1,1,840000,3394411.2,4234411.2
DISP3521,Plate,BOST,51,2092.68,82.07,CMO05,Hyderabad,1600,2023-03-12,2023-03-12,0,0,47,0.646,0.939,0,6,3,0,4017945.6,4017945.6
DISP3522,Wire Rod,BCN,58,2717.66,85.19,CMO01,Delhi,1200,2023-08-19,2023-08-20,1,1,73,0.554,0.509,0,5,8,870000,3913430.4,4783430.4
DISP3523,TMT Bar,BCN,48,2276.75,86.24,CMO05,Hyderabad,1600,2023-06-23,2023-06-23,0,0,80,0.538,0.555,0,4,6,0,4371360.0,4371360.0
DISP3524,Semis,BOST,49,1845.66,75.33,CMO06,Ahmedabad,1900,2023-03-07,2023-03-07,0,0,43,0.966,0.937,0,1,3,0,4208104.8,4208104.8
DISP3525,Semis,BLC,50,2193.62,70.76,CMO06,Ahmedabad,1900,2023-01-04,2023-01-06,2,1,10,0.234,0.861,0,2,1,1500000,5001453.6,6501453.6
DISP3526,Structurals,BOXN,47,2015.44,73.93,CMO02,Mumbai,1800,2023-03-01,2023-03-02,1,1,46,0.895,0.348,0,2,3,705000,4353350.4,5058350.4
DISP3527,HR Coil,BOBYN,53,2755.99,86.67,CMO05,Hyderabad,1600,2023-04-04,2023-04-04,0,0,17,0.427,0.499,0,1,4,0,5291500.8,5291500.8
DISP3528,Plate,BLC,58,3186.02,88.6,CMO04,Kolkata,350,2023-09-09,2023-09-09,0,0,23,0.6,0.895,0,5,9,0,1338128.4,1338128.4
DISP3529,CR Coil,BLC,54,3066.13,91.58,CMO04,Kolkata,350,2023-05-30,2023-06-02,3,1,57,0.32,0.304,1,1,5,2430000,1287774.6,3717774.6
DISP3530,Structurals,BOBYN,51,2406.3,78.64,CMO06,Ahmedabad,1900,2023-02-05,2023-02-09,4,1,72,0.375,0.869,0,6,2,3060000,5486364.0,8546364.0
DISP3531,HR Coil,BOBYN,46,2624.49,95.09,CMO06,Ahmedabad,1900,2023-03-06,2023-03-06,0,0,30,0.685,0.915,0,0,3,0,5983837.2,5983837.2
DISP3532,Structurals,BOST,42,1507.16,71.77,CMO03,Chennai,2100,2023-01-05,2023-01-05,0,0,16,0.616,0.591,0,3,1,0,3798043.2,3798043.2
DISP3533,CR Coil,BOST,54,2169.46,80.35,CMO06,Ahmedabad,1900,2023-09-30,2023-10-03,3,1,26,0.814,0.583,1,5,9,2430000,4946368.8,7376368.8
DISP3534,CR Coil,BOBYN,51,2582.71,84.4,CMO07,Pune,1750,2023-06-14,2023-06-14,0,0,38,0.797,0.554,0,2,6,0,5423691.0,5423691.0
DISP3535,Wire Rod,BLC,44,2615.66,95.88,CMO02,Mumbai,1800,2023-01-17,2023-01-17,0,0,46,0.314,0.363,0,1,1,0,5649825.6,5649825.6
DISP3536,Semis,BLC,52,3126.94,96.99,CMO06,Ahmedabad,1900,2023-10-11,2023-10-11,0,0,35,0.784,0.575,0,2,10,0,7129423.2,7129423.2
DISP3537,CR Coil,BLC,43,2382.41,89.36,CMO06,Ahmedabad,1900,2023-03-31,2023-04-03,3,1,13,0.566,0.451,1,4,3,1935000,5431894.8,7366894.8
DISP3538,CR Coil,BOST,45,2220.77,98.7,CMO05,Hyderabad,1600,2023-01-15,2023-01-15,0,0,46,0.345,0.409,0,6,1,0,4263878.4,4263878.4
DISP3539,Plate,BLC,45,2752.62,98.66,CMO02,Mumbai,1800,2023-08-07,2023-08-07,0,0,46,0.726,0.71,0,0,8,0,5945659.2,5945659.2
DISP3540,CR Coil,BOST,44,1696.06,77.09,CMO05,Hyderabad,1600,2023-03-27,2023-03-30,3,1,46,0.723,0.792,1,0,3,1980000,3256435.2,5236435.2
DISP3541,Plate,BCN,57,3078.28,98.19,CMO02,Mumbai,1800,2023-05-17,2023-05-20,3,1,58,0.298,0.807,0,2,5,2565000,6649084.8,9214084.8
DISP3542,Wire Rod,BOBYN,52,2455.29,78.7,CMO02,Mumbai,1800,2023-01-11,2023-01-16,5,1,78,0.466,0.906,0,2,1,3900000,5303426.4,9203426.4
DISP3543,Wire Rod,BOXN,45,2526.43,96.8,CMO05,Hyderabad,1600,2023-11-06,2023-11-07,1,1,79,0.551,0.431,0,0,11,675000,4850745.6,5525745.6
DISP3544,HR Coil,BOBYN,54,3006.47,92.79,CMO03,Chennai,2100,2023-09-12,2023-09-12,0,0,19,0.371,0.796,0,1,9,0,7576304.4,7576304.4
DISP3545,CR Coil,BOST,56,2164.14,77.29,CMO05,Hyderabad,1600,2023-03-18,2023-03-21,3,1,8,0.85,0.827,0,5,3,2520000,4155148.8,6675148.8
DISP3546,Wire Rod,BOXN,57,2501.1,75.65,CMO06,Ahmedabad,1900,2023-01-20,2023-01-20,0,0,10,0.412,0.688,0,4,1,0,5702508.0,5702508.0
DISP3547,Structurals,BOST,56,2384.97,85.18,CMO04,Kolkata,350,2023-10-19,2023-10-19,0,0,61,0.479,0.447,0,3,10,0,1001687.4,1001687.4
DISP3548,Structurals,BOST,51,1926.26,75.54,CMO03,Chennai,2100,2023-11-23,2023-11-23,0,0,73,0.515,0.343,0,3,11,0,4854175.2,4854175.2
DISP3549,Semis,BOXN,46,1881.48,70.52,CMO07,Pune,1750,2023-06-04,2023-06-04,0,0,35,0.938,0.752,0,6,6,0,3951108.0,3951108.0
DISP3550,Semis,BOST,50,1832.11,73.28,CMO07,Pune,1750,2023-02-04,2023-02-06,2,1,49,0.868,0.414,0,5,2,1500000,3847431.0,5347431.0
DISP3551,Semis,BOXN,44,2278.61,89.29,CMO01,Delhi,1200,2023-03-27,2023-03-29,2,1,80,0.799,0.765,1,0,3,1320000,3281198.4,4601198.4
DISP3552,TMT Bar,BOST,46,1649.12,71.7,CMO06,Ahmedabad,1900,2023-04-11,2023-04-13,2,1,5,0.661,0.995,0,1,4,1380000,3759993.6,5139993.6
DISP3553,Wire Rod,BOST,43,1598.64,74.36,CMO01,Delhi,1200,2023-01-25,2023-01-28,3,1,24,0.785,0.381,1,2,1,1935000,2302041.6,4237041.6
DISP3554,Structurals,BLC,54,3099.57,92.58,CMO04,Kolkata,350,2023-03-13,2023-03-13,0,0,11,0.292,0.84,0,0,3,0,1301819.4,1301819.4
DISP3555,HR Coil,BLC,52,2357.88,73.14,CMO01,Delhi,1200,2023-04-03,2023-04-03,0,0,10,0.297,0.805,0,0,4,0,3395347.2,3395347.2
DISP3556,Structurals,BOST,54,2645.25,97.97,CMO03,Chennai,2100,2023-04-12,2023-04-14,2,1,32,0.23,0.7,0,2,4,1620000,6666030.0,8286030.0
DISP3557,Plate,BOBYN,54,2900.41,89.52,CMO01,Delhi,1200,2023-12-07,2023-12-07,0,0,43,0.821,0.373,0,3,12,0,4176590.4,4176590.4
DISP3558,TMT Bar,BOXN,42,1913.08,78.53,CMO02,Mumbai,1800,2023-10-13,2023-10-13,0,0,55,0.7,0.398,0,4,10,0,4132252.8,4132252.8
DISP3559,HR Coil,BCN,44,1802.99,74.5,CMO05,Hyderabad,1600,2023-05-27,2023-05-31,4,1,53,0.303,0.888,1,5,5,2640000,3461740.8,6101740.8
DISP3560,TMT Bar,BLC,42,2455.93,94.31,CMO03,Chennai,2100,2023-12-02,2023-12-02,0,0,5,0.844,0.45,0,5,12,0,6188943.6,6188943.6
DISP3561,Plate,BOBYN,58,2954.41,84.9,CMO03,Chennai,2100,2023-01-09,2023-01-10,1,1,17,0.383,0.618,0,0,1,870000,7445113.2,8315113.2
DISP3562,TMT Bar,BCN,57,2539.37,81.0,CMO05,Hyderabad,1600,2023-06-07,2023-06-07,0,0,21,0.37,0.319,0,2,6,0,4875590.4,4875590.4
DISP3563,Structurals,BOBYN,40,1781.41,74.23,CMO07,Pune,1750,2023-09-04,2023-09-05,1,1,11,0.538,0.553,0,0,9,600000,3740961.0,4340961.0
DISP3564,Wire Rod,BOXN,45,2296.07,87.97,CMO03,Chennai,2100,2023-02-01,2023-02-05,4,1,61,0.775,0.975,0,2,2,2700000,5786096.4,8486096.4
DISP3565,HR Coil,BOBYN,44,1948.17,73.79,CMO04,Kolkata,350,2023-05-25,2023-05-27,2,1,72,0.72,0.931,1,3,5,1320000,818231.4,2138231.4
DISP3566,Semis,BOXN,47,2481.64,91.04,CMO02,Mumbai,1800,2023-05-27,2023-06-01,5,1,9,0.4,0.387,1,5,5,3525000,5360342.4,8885342.4
DISP3567,Wire Rod,BOST,54,2188.54,81.06,CMO04,Kolkata,350,2023-06-07,2023-06-07,0,0,13,0.497,0.713,0,2,6,0,919186.8,919186.8
DISP3568,TMT Bar,BCN,53,2778.15,95.31,CMO03,Chennai,2100,2023-05-07,2023-05-07,0,0,37,0.584,0.374,0,6,5,0,7000938.0,7000938.0
DISP3569,TMT Bar,BLC,40,1818.26,73.32,CMO04,Kolkata,350,2023-10-12,2023-10-12,0,0,12,0.815,0.858,0,3,10,0,763669.2,763669.2
DISP3570,HR Coil,BOXN,53,2662.55,86.62,CMO02,Mumbai,1800,2023-02-21,2023-02-22,1,1,62,0.519,0.834,0,1,2,795000,5751108.0,6546108.0
DISP3571,Plate,BOST,40,1710.11,85.51,CMO01,Delhi,1200,2023-12-10,2023-12-12,2,1,51,0.558,0.404,0,6,12,1200000,2462558.4,3662558.4
DISP3572,TMT Bar,BOXN,54,2271.74,72.53,CMO06,Ahmedabad,1900,2023-09-18,2023-09-20,2,1,10,0.527,0.371,0,0,9,1620000,5179567.2,6799567.2
DISP3573,TMT Bar,BOXN,49,2297.29,80.83,CMO01,Delhi,1200,2023-09-29,2023-09-30,1,1,40,0.594,0.44,1,4,9,735000,3308097.6,4043097.6
DISP3574,CR Coil,BOXN,58,2793.9,83.05,CMO01,Delhi,1200,2023-06-28,2023-07-02,4,1,73,0.888,0.773,1,2,6,3480000,4023216.0,7503216.0
DISP3575,Plate,BLC,40,1888.19,76.14,CMO03,Chennai,2100,2023-10-15,2023-10-15,0,0,5,0.467,1.0,0,6,10,0,4758238.8,4758238.8
DISP3576,Semis,BOST,52,1942.14,74.7,CMO02,Mumbai,1800,2023-08-14,2023-08-15,1,1,37,0.871,0.923,0,0,8,780000,4195022.4,4975022.4
DISP3577,TMT Bar,BOXN,56,2507.99,77.22,CMO05,Hyderabad,1600,2023-03-12,2023-03-14,2,1,65,0.215,0.34,0,6,3,1680000,4815340.8,6495340.8
DISP3578,HR Coil,BCN,58,2256.86,70.75,CMO03,Chennai,2100,2023-02-04,2023-02-05,1,1,19,0.24,0.712,0,5,2,870000,5687287.2,6557287.2
DISP3579,TMT Bar,BOXN,48,2437.86,87.57,CMO01,Delhi,1200,2023-10-06,2023-10-06,0,0,75,0.254,0.8,0,4,10,0,3510518.4,3510518.4
DISP3580,Semis,BCN,58,2235.9,70.09,CMO06,Ahmedabad,1900,2023-05-08,2023-05-08,0,0,13,0.453,0.42,0,0,5,0,5097852.0,5097852.0
DISP3581,Plate,BOXN,58,2655.17,78.93,CMO05,Hyderabad,1600,2023-11-03,2023-11-03,0,0,68,0.943,0.577,0,4,11,0,5097926.4,5097926.4
DISP3582,Wire Rod,BOBYN,42,1914.19,75.96,CMO06,Ahmedabad,1900,2023-10-30,2023-11-02,3,1,61,0.748,0.87,1,0,10,1890000,4364353.2,6254353.2
DISP3583,TMT Bar,BLC,52,3180.91,98.66,CMO01,Delhi,1200,2023-03-18,2023-03-20,2,1,32,0.588,0.967,0,5,3,1560000,4580510.4,6140510.4
DISP3584,CR Coil,BOBYN,50,2493.2,83.11,CMO02,Mumbai,1800,2023-04-18,2023-04-18,0,0,70,0.736,0.717,0,1,4,0,5385312.0,5385312.0
DISP3585,HR Coil,BLC,40,1785.84,72.01,CMO05,Hyderabad,1600,2023-05-16,2023-05-16,0,0,26,0.907,0.894,0,1,5,0,3428812.8,3428812.8
DISP3586,CR Coil,BOBYN,54,2317.55,71.53,CMO01,Delhi,1200,2023-08-24,2023-08-24,0,0,74,0.875,0.374,0,3,8,0,3337272.0,3337272.0
DISP3587,Semis,BOXN,48,2028.21,72.85,CMO02,Mumbai,1800,2023-10-07,2023-10-07,0,0,15,0.388,0.779,0,5,10,0,4380933.6,4380933.6
DISP3588,Plate,BOST,56,2703.36,96.55,CMO05,Hyderabad,1600,2023-10-27,2023-10-30,3,1,62,0.921,0.928,1,4,10,2520000,5190451.2,7710451.2
DISP3589,HR Coil,BOST,56,2485.81,88.78,CMO06,Ahmedabad,1900,2023-05-29,2023-06-01,3,1,70,0.224,0.874,1,0,5,2520000,5667646.8,8187646.8
DISP3590,Wire Rod,BCN,57,2324.52,74.15,CMO03,Chennai,2100,2023-03-03,2023-03-06,3,1,62,0.957,0.918,0,4,3,2565000,5857790.4,8422790.4
DISP3591,CR Coil,BLC,56,2819.75,81.21,CMO05,Hyderabad,1600,2023-01-06,2023-01-07,1,1,74,0.338,0.868,0,4,1,840000,5413920.0,6253920.0
DISP3592,Wire Rod,BLC,42,2470.27,94.86,CMO03,Chennai,2100,2023-04-03,2023-04-03,0,0,29,0.504,0.36,0,0,4,0,6225080.4,6225080.4
DISP3593,HR Coil,BOXN,45,2227.03,85.33,CMO07,Pune,1750,2023-09-13,2023-09-13,0,0,80,0.416,0.416,0,2,9,0,4676763.0,4676763.0
DISP3594,Plate,BOBYN,54,2973.87,91.79,CMO05,Hyderabad,1600,2023-07-20,2023-07-20,0,0,79,0.955,0.769,0,3,7,0,5709830.4,5709830.4
DISP3595,Structurals,BOXN,48,1984.83,71.29,CMO06,Ahmedabad,1900,2023-07-01,2023-07-01,0,0,34,0.771,0.481,0,5,7,0,4525412.4,4525412.4
DISP3596,Semis,BLC,43,2149.82,80.64,CMO05,Hyderabad,1600,2023-01-23,2023-01-24,1,1,68,0.92,0.75,0,0,1,645000,4127654.4,4772654.4
DISP3597,Semis,BOST,57,2186.63,76.72,CMO06,Ahmedabad,1900,2023-07-13,2023-07-17,4,1,50,0.286,0.952,0,3,7,3420000,4985516.4,8405516.4
DISP3598,Structurals,BLC,45,2198.12,78.79,CMO06,Ahmedabad,1900,2023-01-24,2023-01-24,0,0,58,0.762,0.498,0,1,1,0,5011713.6,5011713.6
DISP3599,Wire Rod,BOBYN,48,2824.32,98.07,CMO05,Hyderabad,1600,2023-08-08,2023-08-09,1,1,8,0.413,0.658,0,1,8,720000,5422694.4,6142694.4
DISP3600,CR Coil,BCN,43,1929.32,81.58,CMO05,Hyderabad,1600,2023-03-23,2023-03-23,0,0,50,0.664,0.47,0,3,3,0,3704294.4,3704294.4
DISP3601,TMT Bar,BOST,44,1540.23,70.01,CMO05,Hyderabad,1600,2023-10-21,2023-10-21,0,0,33,0.413,0.58,0,5,10,0,2957241.6,2957241.6
DISP3602,CR Coil,BOXN,53,2278.57,74.12,CMO05,Hyderabad,1600,2023-05-13,2023-05-13,0,0,55,0.584,0.993,0,5,5,0,4374854.4,4374854.4
DISP3603,Wire Rod,BOST,42,1737.7,82.75,CMO05,Hyderabad,1600,2023-11-16,2023-11-16,0,0,13,0.271,0.352,0,3,11,0,3336384.0,3336384.0
DISP3604,HR Coil,BOBYN,51,2748.96,89.84,CMO05,Hyderabad,1600,2023-11-04,2023-11-04,0,0,25,0.999,0.911,0,5,11,0,5278003.2,5278003.2
DISP3605,HR Coil,BOBYN,55,3022.52,91.59,CMO02,Mumbai,1800,2023-01-01,2023-01-01,0,0,48,0.349,0.474,0,6,1,0,6528643.2,6528643.2
DISP3606,TMT Bar,BOST,43,1763.39,82.02,CMO05,Hyderabad,1600,2023-12-25,2023-12-25,0,0,7,0.928,0.552,1,0,12,0,3385708.8,3385708.8
DISP3607,Semis,BLC,44,2124.17,77.87,CMO03,Chennai,2100,2023-11-12,2023-11-12,0,0,17,0.543,0.755,0,6,11,0,5352908.4,5352908.4
DISP3608,Structurals,BCN,40,2059.88,93.63,CMO03,Chennai,2100,2023-08-02,2023-08-02,0,0,56,0.876,0.629,0,2,8,0,5190897.6,5190897.6
DISP3609,Structurals,BOST,44,2002.13,91.01,CMO01,Delhi,1200,2023-11-01,2023-11-03,2,1,73,0.659,0.683,0,2,11,1320000,2883067.2,4203067.2
DISP3610,Structurals,BLC,54,3180.59,95.0,CMO01,Delhi,1200,2023-03-16,2023-03-16,0,0,17,0.417,0.61,0,3,3,0,4580049.6,4580049.6
DISP3611,Semis,BOBYN,50,2660.29,88.68,CMO01,Delhi,1200,2023-07-21,2023-07-21,0,0,53,0.958,0.682,0,4,7,0,3830817.6,3830817.6
DISP3612,Plate,BOBYN,58,2849.24,81.87,CMO05,Hyderabad,1600,2023-11-13,2023-11-15,2,1,75,0.552,0.951,0,0,11,1740000,5470540.8,7210540.8
DISP3613,Semis,BCN,50,2410.39,87.65,CMO01,Delhi,1200,2023-06-10,2023-06-10,0,0,11,0.289,0.73,0,5,6,0,3470961.6,3470961.6
DISP3614,Structurals,BOXN,55,3184.91,99.84,CMO02,Mumbai,1800,2023-05-07,2023-05-08,1,1,53,0.911,0.331,0,6,5,825000,6879405.6,7704405.6
DISP3615,Wire Rod,BOXN,47,2589.04,94.98,CMO06,Ahmedabad,1900,2023-10-03,2023-10-04,1,1,76,0.846,0.445,0,1,10,705000,5903011.2,6608011.2
DISP3616,Structurals,BOBYN,43,2204.35,85.44,CMO06,Ahmedabad,1900,2023-05-14,2023-05-14,0,0,46,0.498,0.339,0,6,5,0,5025918.0,5025918.0
DISP3617,HR Coil,BOST,58,2291.99,79.03,CMO01,Delhi,1200,2023-03-11,2023-03-12,1,1,43,0.624,0.706,0,5,3,870000,3300465.6,4170465.6
DISP3618,Wire Rod,BCN,57,2771.39,88.4,CMO04,Kolkata,350,2023-08-09,2023-08-09,0,0,68,0.528,0.529,0,2,8,0,1163983.8,1163983.8
DISP3619,CR Coil,BCN,50,2274.46,82.71,CMO01,Delhi,1200,2023-07-06,2023-07-06,0,0,67,0.805,0.538,0,3,7,0,3275222.4,3275222.4
DISP3620,Plate,BCN,50,2720.93,98.94,CMO04,Kolkata,350,2023-04-09,2023-04-12,3,1,69,0.844,0.32,0,6,4,2250000,1142790.6,3392790.6
DISP3621,TMT Bar,BLC,52,3014.39,93.5,CMO03,Chennai,2100,2023-11-21,2023-11-22,1,1,28,0.816,0.536,0,1,11,780000,7596262.8,8376262.8
DISP3622,Structurals,BOST,51,1960.11,76.87,CMO03,Chennai,2100,2023-01-28,2023-01-30,2,1,6,0.756,0.773,1,5,1,1530000,4939477.2,6469477.2
DISP3623,CR Coil,BCN,45,2447.73,98.9,CMO02,Mumbai,1800,2023-08-20,2023-08-20,0,0,59,0.971,0.635,0,6,8,0,5287096.8,5287096.8
DISP3624,TMT Bar,BOBYN,50,2651.95,88.4,CMO04,Kolkata,350,2023-07-19,2023-07-19,0,0,8,0.283,0.424,0,2,7,0,1113819.0,1113819.0
DISP3625,HR Coil,BCN,56,2909.32,94.46,CMO01,Delhi,1200,2023-05-09,2023-05-09,0,0,73,0.838,0.748,0,1,5,0,4189420.8,4189420.8
DISP3626,HR Coil,BOST,40,1465.01,73.25,CMO07,Pune,1750,2023-10-29,2023-11-01,3,1,71,0.986,0.637,1,6,10,1800000,3076521.0,4876521.0
DISP3627,CR Coil,BOXN,45,2279.45,87.34,CMO07,Pune,1750,2023-07-03,2023-07-03,0,0,61,0.945,0.928,0,0,7,0,4786845.0,4786845.0
DISP3628,TMT Bar,BOBYN,53,2982.07,93.78,CMO04,Kolkata,350,2023-03-26,2023-03-27,1,1,59,0.261,0.811,1,6,3,795000,1252469.4,2047469.4
DISP3629,Plate,BOBYN,55,2648.73,80.26,CMO03,Chennai,2100,2023-08-09,2023-08-09,0,0,49,0.757,0.811,0,2,8,0,6674799.6,6674799.6
DISP3630,Plate,BLC,57,2845.25,80.51,CMO01,Delhi,1200,2023-11-22,2023-11-22,0,0,26,0.495,0.485,0,2,11,0,4097160.0,4097160.0
DISP3631,TMT Bar,BOXN,57,3003.22,90.84,CMO02,Mumbai,1800,2023-04-30,2023-05-05,5,1,69,0.459,0.477,1,6,4,4275000,6486955.2,10761955.2
DISP3632,TMT Bar,BOXN,53,2386.47,77.63,CMO01,Delhi,1200,2023-12-01,2023-12-01,0,0,52,0.428,0.627,0,4,12,0,3436516.8,3436516.8
DISP3633,Semis,BOXN,43,1850.51,74.2,CMO02,Mumbai,1800,2023-04-10,2023-04-12,2,1,24,0.948,0.989,0,0,4,1290000,3997101.6,5287101.6
DISP3634,Semis,BLC,42,2174.93,83.52,CMO06,Ahmedabad,1900,2023-07-23,2023-07-23,0,0,31,0.394,0.505,0,6,7,0,4958840.4,4958840.4
DISP3635,Structurals,BLC,45,1978.7,70.92,CMO02,Mumbai,1800,2023-10-12,2023-10-13,1,1,73,0.504,0.419,0,3,10,675000,4273992.0,4948992.0
DISP3636,Structurals,BOST,41,1927.74,94.04,CMO01,Delhi,1200,2023-02-04,2023-02-07,3,1,54,0.97,0.879,0,5,2,1845000,2775945.6,4620945.6
DISP3637,CR Coil,BLC,47,2323.91,79.75,CMO01,Delhi,1200,2023-10-07,2023-10-07,0,0,69,0.864,0.487,0,5,10,0,3346430.4,3346430.4
DISP3638,TMT Bar,BOBYN,49,2068.42,70.35,CMO07,Pune,1750,2023-12-25,2023-12-28,3,1,18,0.612,0.801,1,0,12,2205000,4343682.0,6548682.0
DISP3639,TMT Bar,BOXN,53,2470.27,80.36,CMO05,Hyderabad,1600,2023-03-30,2023-03-30,0,0,40,0.403,0.942,1,3,3,0,4742918.4,4742918.4
DISP3640,TMT Bar,BLC,41,2409.19,94.78,CMO03,Chennai,2100,2023-04-18,2023-04-20,2,1,73,0.903,0.782,0,1,4,1230000,6071158.8,7301158.8
DISP3641,Wire Rod,BOST,43,1515.04,70.47,CMO06,Ahmedabad,1900,2023-12-18,2023-12-20,2,1,46,0.393,0.717,0,0,12,1290000,3454291.2,4744291.2
DISP3642,Plate,BCN,57,2886.09,92.06,CMO05,Hyderabad,1600,2023-11-15,2023-11-19,4,1,77,0.663,0.992,0,2,11,3420000,5541292.8,8961292.8
DISP3643,Semis,BOST,41,1623.24,79.18,CMO06,Ahmedabad,1900,2023-06-11,2023-06-12,1,1,66,0.663,0.393,0,6,6,615000,3700987.2,4315987.2
DISP3644,Wire Rod,BOBYN,48,2341.59,81.31,CMO06,Ahmedabad,1900,2023-01-19,2023-01-19,0,0,16,0.889,0.991,0,3,1,0,5338825.2,5338825.2
DISP3645,Wire Rod,BCN,45,1931.34,78.03,CMO06,Ahmedabad,1900,2023-04-15,2023-04-16,1,1,76,0.719,0.715,0,5,4,675000,4403455.2,5078455.2
DISP3646,Plate,BOXN,44,2533.46,99.27,CMO07,Pune,1750,2023-11-27,2023-11-27,0,0,75,0.6,0.574,1,0,11,0,5320266.0,5320266.0
DISP3647,Plate,BOBYN,56,3225.87,96.01,CMO02,Mumbai,1800,2023-01-26,2023-01-27,1,1,78,0.646,0.448,1,3,1,840000,6967879.2,7807879.2
DISP3648,HR Coil,BOBYN,47,2122.67,75.27,CMO01,Delhi,1200,2023-01-02,2023-01-02,0,0,7,0.25,0.665,0,0,1,0,3056644.8,3056644.8
DISP3649,Wire Rod,BOXN,40,1977.51,85.24,CMO01,Delhi,1200,2023-11-20,2023-11-20,0,0,76,0.936,0.774,0,0,11,0,2847614.4,2847614.4
DISP3650,HR Coil,BOST,42,1985.23,94.53,CMO01,Delhi,1200,2023-04-07,2023-04-09,2,1,52,0.507,0.365,0,4,4,1260000,2858731.2,4118731.2
DISP3651,Plate,BCN,47,2306.71,89.23,CMO03,Chennai,2100,2023-02-13,2023-02-13,0,0,80,0.608,0.333,0,0,2,0,5812909.2,5812909.2
DISP3652,Wire Rod,BOST,44,1668.69,75.85,CMO07,Pune,1750,2023-06-08,2023-06-08,0,0,57,0.893,0.712,0,3,6,0,3504249.0,3504249.0
DISP3653,Semis,BOXN,40,1762.19,75.96,CMO01,Delhi,1200,2023-01-09,2023-01-10,1,1,63,0.868,0.583,0,0,1,600000,2537553.6,3137553.6
DISP3654,Semis,BCN,58,2595.88,81.38,CMO03,Chennai,2100,2023-02-08,2023-02-13,5,1,47,0.216,0.782,0,2,2,4350000,6541617.6,10891617.6
DISP3655,Structurals,BLC,48,2165.36,72.76,CMO04,Kolkata,350,2023-01-07,2023-01-08,1,1,55,0.933,0.509,0,5,1,720000,909451.2,1629451.2
DISP3656,Semis,BCN,40,2073.12,94.23,CMO02,Mumbai,1800,2023-10-05,2023-10-05,0,0,46,0.28,0.73,0,3,10,0,4477939.2,4477939.2
DISP3657,Plate,BOST,55,1959.62,71.26,CMO03,Chennai,2100,2023-11-11,2023-11-12,1,1,6,0.494,0.693,0,5,11,825000,4938242.4,5763242.4
DISP3658,CR Coil,BOST,44,1789.43,81.34,CMO03,Chennai,2100,2023-10-18,2023-10-18,0,0,77,0.697,0.412,0,2,10,0,4509363.6,4509363.6
DISP3659,Semis,BOST,47,2025.65,86.2,CMO01,Delhi,1200,2023-10-13,2023-10-15,2,1,76,0.616,0.745,0,4,10,1410000,2916936.0,4326936.0
DISP3660,Structurals,BLC,42,2107.22,80.92,CMO06,Ahmedabad,1900,2023-07-09,2023-07-09,0,0,80,0.543,0.554,0,6,7,0,4804461.6,4804461.6
DISP3661,Plate,BLC,40,2251.75,90.8,CMO04,Kolkata,350,2023-05-02,2023-05-02,0,0,21,0.218,0.361,0,1,5,0,945735.0,945735.0
DISP3662,Structurals,BCN,54,2835.7,95.48,CMO07,Pune,1750,2023-11-20,2023-11-21,1,1,71,0.662,0.882,0,0,11,810000,5954970.0,6764970.0
DISP3663,HR Coil,BOXN,58,2726.73,81.06,CMO05,Hyderabad,1600,2023-03-13,2023-03-13,0,0,14,0.827,0.553,0,0,3,0,5235321.6,5235321.6
DISP3664,HR Coil,BLC,54,2635.67,78.72,CMO04,Kolkata,350,2023-02-16,2023-02-16,0,0,22,0.591,0.57,0,3,2,0,1106981.4,1106981.4
DISP3665,HR Coil,BOST,57,2118.68,74.34,CMO01,Delhi,1200,2023-02-17,2023-02-18,1,1,80,0.522,0.396,0,4,2,855000,3050899.2,3905899.2
DISP3666,Plate,BCN,56,2698.97,87.63,CMO04,Kolkata,350,2023-08-19,2023-08-19,0,0,11,0.849,0.917,0,5,8,0,1133567.4,1133567.4
DISP3667,TMT Bar,BCN,48,2573.67,97.49,CMO06,Ahmedabad,1900,2023-02-23,2023-02-23,0,0,75,0.477,0.506,0,3,2,0,5867967.6,5867967.6
DISP3668,Semis,BCN,53,2722.17,93.38,CMO01,Delhi,1200,2023-03-06,2023-03-06,0,0,5,0.876,0.399,0,0,3,0,3919924.8,3919924.8
DISP3669,TMT Bar,BOXN,58,2373.03,70.54,CMO04,Kolkata,350,2023-01-26,2023-01-26,0,0,13,0.706,0.454,1,3,1,0,996672.6,996672.6
DISP3670,TMT Bar,BCN,41,1889.26,83.78,CMO04,Kolkata,350,2023-04-19,2023-04-19,0,0,22,0.423,0.905,0,2,4,0,793489.2,793489.2
DISP3671,Plate,BOST,50,2415.57,96.62,CMO02,Mumbai,1800,2023-05-24,2023-05-24,0,0,5,0.247,0.64,0,2,5,0,5217631.2,5217631.2
DISP3672,Semis,BOBYN,45,2447.97,90.67,CMO05,Hyderabad,1600,2023-08-20,2023-08-24,4,1,35,0.272,0.996,0,6,8,2700000,4700102.4,7400102.4
DISP3673,Plate,BCN,40,1857.77,84.44,CMO07,Pune,1750,2023-01-31,2023-01-31,0,0,49,0.954,0.749,1,1,1,0,3901317.0,3901317.0
DISP3674,HR Coil,BOXN,58,2730.02,81.15,CMO01,Delhi,1200,2023-01-01,2023-01-04,3,1,27,0.875,0.92,0,6,1,2610000,3931228.8,6541228.8
DISP3675,HR Coil,BOBYN,53,2303.15,72.43,CMO03,Chennai,2100,2023-01-23,2023-01-23,0,0,51,0.382,0.872,0,0,1,0,5803938.0,5803938.0
DISP3676,HR Coil,BOST,44,1671.74,75.99,CMO07,Pune,1750,2023-01-17,2023-01-18,1,1,64,0.257,0.601,0,1,1,660000,3510654.0,4170654.0
DISP3677,Wire Rod,BOXN,56,2832.91,87.22,CMO03,Chennai,2100,2023-06-09,2023-06-11,2,1,76,0.769,0.789,0,4,6,1680000,7138933.2,8818933.2
DISP3678,Semis,BOST,54,2224.7,82.4,CMO05,Hyderabad,1600,2023-10-12,2023-10-15,3,1,78,0.371,0.9,0,3,10,2430000,4271424.0,6701424.0
DISP3679,TMT Bar,BOXN,53,2923.07,95.09,CMO04,Kolkata,350,2023-02-15,2023-02-17,2,1,70,0.941,0.984,0,2,2,1590000,1227689.4,2817689.4
DISP3680,Plate,BOBYN,42,1790.85,71.07,CMO01,Delhi,1200,2023-06-20,2023-06-20,0,0,10,0.323,0.842,0,1,6,0,2578824.0,2578824.0
DISP3681,Wire Rod,BOBYN,42,2118.01,84.05,CMO02,Mumbai,1800,2023-06-01,2023-06-01,0,0,32,0.977,0.849,0,3,6,0,4574901.6,4574901.6
DISP3682,Wire Rod,BOST,47,1882.86,80.12,CMO03,Chennai,2100,2023-03-19,2023-03-21,2,1,58,0.624,0.584,0,6,3,1410000,4744807.2,6154807.2
DISP3683,HR Coil,BLC,54,2538.21,75.81,CMO06,Ahmedabad,1900,2023-10-08,2023-10-08,0,0,33,0.992,0.998,0,6,10,0,5787118.8,5787118.8
DISP3684,Plate,BOBYN,57,2705.53,79.11,CMO05,Hyderabad,1600,2023-04-01,2023-04-01,0,0,45,0.84,0.568,0,5,4,0,5194617.6,5194617.6
DISP3685,Structurals,BCN,52,2787.07,97.45,CMO07,Pune,1750,2023-10-04,2023-10-04,0,0,11,0.465,0.337,0,2,10,0,5852847.0,5852847.0
DISP3686,TMT Bar,BOXN,52,2437.02,80.8,CMO06,Ahmedabad,1900,2023-11-14,2023-11-14,0,0,47,0.482,0.555,0,1,11,0,5556405.6,5556405.6
DISP3687,CR Coil,BOBYN,40,2107.73,87.82,CMO05,Hyderabad,1600,2023-10-04,2023-10-06,2,1,47,0.922,0.527,0,2,10,1200000,4046841.6,5246841.6
DISP3688,TMT Bar,BOXN,43,2411.31,96.68,CMO06,Ahmedabad,1900,2023-02-21,2023-02-21,0,0,15,0.997,0.624,0,1,2,0,5497786.8,5497786.8
DISP3689,Wire Rod,BOST,40,1485.39,74.27,CMO01,Delhi,1200,2023-06-01,2023-06-01,0,0,61,0.746,0.338,0,3,6,0,2138961.6,2138961.6
DISP3690,CR Coil,BOXN,52,2760.02,91.51,CMO06,Ahmedabad,1900,2023-07-09,2023-07-13,4,1,34,0.452,0.944,0,6,7,3120000,6292845.6,9412845.6
DISP3691,Structurals,BOXN,42,2192.54,90.01,CMO02,Mumbai,1800,2023-04-04,2023-04-04,0,0,61,0.921,0.849,0,1,4,0,4735886.4,4735886.4
DISP3692,TMT Bar,BOXN,40,1733.9,74.74,CMO07,Pune,1750,2023-08-02,2023-08-04,2,1,11,0.263,0.378,0,2,8,1200000,3641190.0,4841190.0
DISP3693,CR Coil,BOST,48,1996.91,83.2,CMO03,Chennai,2100,2023-11-13,2023-11-13,0,0,48,0.226,0.498,0,0,11,0,5032213.2,5032213.2
DISP3694,Wire Rod,BLC,46,2718.98,95.34,CMO01,Delhi,1200,2023-08-26,2023-08-29,3,1,75,0.24,0.548,1,5,8,2070000,3915331.2,5985331.2
DISP3695,Structurals,BOBYN,42,1800.4,71.44,CMO01,Delhi,1200,2023-07-21,2023-07-21,0,0,41,0.966,0.735,0,4,7,0,2592576.0,2592576.0
DISP3696,Semis,BOXN,46,2419.9,90.7,CMO06,Ahmedabad,1900,2023-10-24,2023-10-24,0,0,20,0.202,0.544,0,1,10,0,5517372.0,5517372.0
DISP3697,CR Coil,BOXN,56,2869.52,88.35,CMO04,Kolkata,350,2023-05-26,2023-05-27,1,1,13,0.258,0.51,1,4,5,840000,1205198.4,2045198.4
DISP3698,CR Coil,BCN,45,2445.18,98.8,CMO06,Ahmedabad,1900,2023-07-03,2023-07-03,0,0,49,0.808,0.471,0,0,7,0,5575010.4,5575010.4
DISP3699,Plate,BOBYN,41,1988.67,80.84,CMO03,Chennai,2100,2023-02-06,2023-02-09,3,1,9,0.247,0.975,0,0,2,1845000,5011448.4,6856448.4
DISP3700,Structurals,BLC,58,2979.44,82.85,CMO01,Delhi,1200,2023-10-08,2023-10-09,1,1,12,0.259,0.571,0,6,10,870000,4290393.6,5160393.6
DISP3701,Semis,BOBYN,55,2805.94,85.03,CMO06,Ahmedabad,1900,2023-12-22,2023-12-24,2,1,21,0.773,0.969,0,4,12,1650000,6397543.2,8047543.2
DISP3702,TMT Bar,BOST,51,2444.34,95.86,CMO03,Chennai,2100,2023-01-11,2023-01-11,0,0,5,0.514,0.621,0,2,1,0,6159736.8,6159736.8
DISP3703,Semis,BCN,50,1931.64,70.24,CMO02,Mumbai,1800,2023-03-24,2023-03-25,1,1,49,0.863,0.351,0,4,3,750000,4172342.4,4922342.4
DISP3704,TMT Bar,BLC,45,2192.27,78.58,CMO02,Mumbai,1800,2023-08-24,2023-08-24,0,0,73,0.404,0.707,0,3,8,0,4735303.2,4735303.2
DISP3705,Structurals,BOBYN,47,2641.73,93.68,CMO05,Hyderabad,1600,2023-06-07,2023-06-07,0,0,47,0.885,0.349,0,2,6,0,5072121.6,5072121.6
DISP3706,HR Coil,BOXN,53,2925.46,95.17,CMO05,Hyderabad,1600,2023-01-24,2023-01-24,0,0,50,0.395,0.746,0,1,1,0,5616883.2,5616883.2
DISP3707,Plate,BOST,48,1854.94,77.29,CMO04,Kolkata,350,2023-03-19,2023-03-20,1,1,19,0.271,0.575,0,6,3,720000,779074.8,1499074.8
DISP3708,HR Coil,BCN,54,2376.67,80.02,CMO03,Chennai,2100,2023-10-16,2023-10-18,2,1,76,0.832,0.68,0,0,10,1620000,5989208.4,7609208.4
DISP3709,CR Coil,BOBYN,58,3205.37,92.11,CMO01,Delhi,1200,2023-08-05,2023-08-05,0,0,44,0.334,0.332,0,5,8,0,4615732.8,4615732.8
DISP3710,CR Coil,BOBYN,40,2317.02,96.54,CMO04,Kolkata,350,2023-03-14,2023-03-15,1,1,63,0.496,0.664,0,1,3,600000,973148.4,1573148.4
DISP3711,Wire Rod,BOST,44,1540.72,70.03,CMO01,Delhi,1200,2023-08-16,2023-08-18,2,1,19,0.273,0.541,0,2,8,1320000,2218636.8,3538636.8
DISP3712,Plate,BOBYN,46,2289.24,82.94,CMO01,Delhi,1200,2023-03-28,2023-03-29,1,1,17,0.718,0.726,1,1,3,690000,3296505.6,3986505.6
DISP3713,Plate,BOXN,56,2831.79,87.19,CMO07,Pune,1750,2023-09-08,2023-09-08,0,0,5,0.749,0.696,0,4,9,0,5946759.0,5946759.0
DISP3714,Semis,BOST,53,2023.09,76.34,CMO01,Delhi,1200,2023-07-10,2023-07-10,0,0,47,0.64,0.357,0,0,7,0,2913249.6,2913249.6
DISP3715,TMT Bar,BLC,55,2558.33,75.02,CMO05,Hyderabad,1600,2023-12-20,2023-12-20,0,0,17,0.505,0.662,0,2,12,0,4911993.6,4911993.6
DISP3716,Semis,BCN,47,2180.77,84.36,CMO07,Pune,1750,2023-12-25,2023-12-27,2,1,32,0.254,0.985,1,0,12,1410000,4579617.0,5989617.0
DISP3717,Plate,BOBYN,56,2630.32,78.28,CMO04,Kolkata,350,2023-06-09,2023-06-11,2,1,11,0.726,0.997,0,4,6,1680000,1104734.4,2784734.4
DISP3718,Wire Rod,BOXN,41,1791.32,75.33,CMO02,Mumbai,1800,2023-04-20,2023-04-20,0,0,42,0.629,0.738,0,3,4,0,3869251.2,3869251.2
DISP3719,CR Coil,BOBYN,41,1907.95,77.56,CMO02,Mumbai,1800,2023-05-23,2023-05-23,0,0,40,0.59,0.495,0,1,5,0,4121172.0,4121172.0
DISP3720,CR Coil,BOST,43,1547.6,71.98,CMO06,Ahmedabad,1900,2023-07-04,2023-07-05,1,1,78,0.682,0.437,0,1,7,645000,3528528.0,4173528.0
DISP3721,Structurals,BOXN,44,1814.05,71.08,CMO06,Ahmedabad,1900,2023-04-17,2023-04-20,3,1,11,0.422,0.8,0,0,4,1980000,4136034.0,6116034.0
DISP3722,CR Coil,BLC,55,2754.44,80.78,CMO06,Ahmedabad,1900,2023-03-07,2023-03-10,3,1,18,0.395,0.802,0,1,3,2475000,6280123.2,8755123.2
DISP3723,CR Coil,BOXN,53,2461.17,80.06,CMO05,Hyderabad,1600,2023-01-25,2023-01-25,0,0,57,0.403,0.438,1,2,1,0,4725446.4,4725446.4
DISP3724,Semis,BCN,47,2534.52,98.05,CMO01,Delhi,1200,2023-08-14,2023-08-14,0,0,63,0.568,0.579,0,0,8,0,3649708.8,3649708.8
DISP3725,Plate,BOBYN,44,2456.18,93.04,CMO05,Hyderabad,1600,2023-12-17,2023-12-20,3,1,7,0.721,0.993,0,6,12,1980000,4715865.6,6695865.6
DISP3726,Semis,BOXN,55,2518.7,78.96,CMO06,Ahmedabad,1900,2023-11-08,2023-11-08,0,0,10,0.888,0.411,0,2,11,0,5742636.0,5742636.0
DISP3727,Plate,BOXN,40,1807.51,77.91,CMO02,Mumbai,1800,2023-10-05,2023-10-07,2,1,40,0.254,0.571,0,3,10,1200000,3904221.6,5104221.6
DISP3728,Semis,BOBYN,43,2130.92,82.59,CMO07,Pune,1750,2023-01-08,2023-01-08,0,0,69,0.245,0.584,0,6,1,0,4474932.0,4474932.0
DISP3729,Semis,BLC,54,3301.84,98.62,CMO04,Kolkata,350,2023-01-21,2023-01-23,2,1,54,0.387,0.576,0,5,1,1620000,1386772.8,3006772.8
DISP3730,Semis,BCN,51,2014.36,71.81,CMO04,Kolkata,350,2023-10-25,2023-10-26,1,1,41,0.823,0.848,1,2,10,765000,846031.2,1611031.2
DISP3731,Wire Rod,BOBYN,49,2591.31,88.14,CMO04,Kolkata,350,2023-04-07,2023-04-07,0,0,33,0.654,0.541,0,4,4,0,1088350.2,1088350.2
DISP3732,Plate,BOBYN,54,2452.46,75.69,CMO04,Kolkata,350,2023-03-28,2023-03-30,2,1,54,0.308,0.917,1,1,3,1620000,1030033.2,2650033.2
DISP3733,CR Coil,BOBYN,53,2860.85,89.96,CMO03,Chennai,2100,2023-06-25,2023-06-28,3,1,76,0.756,0.487,1,6,6,2385000,7209342.0,9594342.0
DISP3734,Semis,BOXN,57,3043.13,92.05,CMO05,Hyderabad,1600,2023-11-01,2023-11-02,1,1,17,0.792,0.951,0,2,11,855000,5842809.6,6697809.6
DISP3735,TMT Bar,BOXN,58,3043.78,90.48,CMO07,Pune,1750,2023-05-15,2023-05-16,1,1,33,0.361,0.537,0,0,5,870000,6391938.0,7261938.0
DISP3736,TMT Bar,BOBYN,51,2754.04,90.0,CMO04,Kolkata,350,2023-07-06,2023-07-06,0,0,73,0.389,0.472,0,3,7,0,1156696.8,1156696.8
DISP3737,Semis,BOBYN,42,1823.49,72.36,CMO01,Delhi,1200,2023-07-07,2023-07-07,0,0,72,0.6,0.32,0,4,7,0,2625825.6,2625825.6
DISP3738,TMT Bar,BLC,52,3142.89,97.48,CMO03,Chennai,2100,2023-10-16,2023-10-19,3,1,39,0.6,0.857,0,0,10,2340000,7920082.8,10260082.8
DISP3739,Structurals,BCN,50,2706.27,98.41,CMO07,Pune,1750,2023-07-04,2023-07-04,0,0,35,0.549,0.695,0,1,7,0,5683167.0,5683167.0
DISP3740,TMT Bar,BLC,56,2828.61,81.47,CMO04,Kolkata,350,2023-02-02,2023-02-03,1,1,60,0.367,0.496,0,3,2,840000,1188016.2,2028016.2
DISP3741,TMT Bar,BOST,40,1743.61,87.18,CMO01,Delhi,1200,2023-11-13,2023-11-14,1,1,44,0.606,0.87,0,0,11,600000,2510798.4,3110798.4
DISP3742,CR Coil,BCN,58,2597.89,81.44,CMO03,Chennai,2100,2023-06-04,2023-06-07,3,1,62,0.345,0.897,0,6,6,2610000,6546682.8,9156682.8
DISP3743,TMT Bar,BOBYN,51,2855.21,93.31,CMO02,Mumbai,1800,2023-10-29,2023-10-29,0,0,20,0.413,0.569,1,6,10,0,6167253.6,6167253.6
DISP3744,TMT Bar,BCN,57,2743.3,87.51,CMO01,Delhi,1200,2023-05-07,2023-05-09,2,1,25,0.953,0.872,0,6,5,1710000,3950352.0,5660352.0
DISP3745,TMT Bar,BOXN,54,2724.75,87.0,CMO02,Mumbai,1800,2023-04-23,2023-04-24,1,1,63,0.381,0.973,0,6,4,810000,5885460.0,6695460.0
DISP3746,Plate,BOXN,55,3132.72,98.2,CMO06,Ahmedabad,1900,2023-07-02,2023-07-04,2,1,26,0.314,0.384,0,6,7,1650000,7142601.6,8792601.6
DISP3747,HR Coil,BCN,50,2054.05,74.69,CMO05,Hyderabad,1600,2023-07-05,2023-07-05,0,0,40,0.791,0.423,0,2,7,0,3943776.0,3943776.0
DISP3748,Plate,BLC,48,2321.63,78.01,CMO07,Pune,1750,2023-12-15,2023-12-16,1,1,68,0.239,0.648,0,4,12,720000,4875423.0,5595423.0
DISP3749,Structurals,BOXN,56,2674.0,82.33,CMO07,Pune,1750,2023-06-24,2023-06-24,0,0,23,0.378,0.611,0,5,6,0,5615400.0,5615400.0
DISP3750,Plate,BLC,50,2548.27,82.2,CMO04,Kolkata,350,2023-04-10,2023-04-13,3,1,64,0.203,0.495,0,0,4,2250000,1070273.4,3320273.4
DISP3751,Semis,BCN,44,2284.73,94.41,CMO06,Ahmedabad,1900,2023-10-02,2023-10-05,3,1,13,0.22,0.955,0,0,10,1980000,5209184.4,7189184.4
DISP3752,HR Coil,BOXN,44,2156.83,84.52,CMO01,Delhi,1200,2023-12-16,2023-12-17,1,1,27,0.784,0.346,0,5,12,660000,3105835.2,3765835.2
DISP3753,Semis,BOXN,53,2176.21,70.79,CMO02,Mumbai,1800,2023-06-04,2023-06-07,3,1,34,0.974,0.785,0,6,6,2385000,4700613.6,7085613.6
DISP3754,Semis,BOST,42,1781.46,84.83,CMO04,Kolkata,350,2023-03-26,2023-03-28,2,1,9,0.359,0.439,1,6,3,1260000,748213.2,2008213.2
DISP3755,CR Coil,BLC,45,2711.73,97.19,CMO05,Hyderabad,1600,2023-01-14,2023-01-14,0,0,28,0.66,0.742,0,5,1,0,5206521.6,5206521.6
DISP3756,CR Coil,BOBYN,51,3029.12,98.99,CMO03,Chennai,2100,2023-06-30,2023-07-03,3,1,32,0.928,0.404,1,4,6,2295000,7633382.4,9928382.4
DISP3757,Semis,BOBYN,46,2671.92,96.81,CMO04,Kolkata,350,2023-11-05,2023-11-05,0,0,27,0.201,0.555,0,6,11,0,1122206.4,1122206.4
DISP3758,Structurals,BOBYN,51,2349.01,76.77,CMO07,Pune,1750,2023-04-27,2023-04-27,0,0,59,0.541,0.655,1,3,4,0,4932921.0,4932921.0
DISP3759,Wire Rod,BOXN,41,2057.85,86.54,CMO04,Kolkata,350,2023-08-24,2023-08-24,0,0,10,0.609,0.572,0,3,8,0,864297.0,864297.0
DISP3760,HR Coil,BOST,45,2135.09,94.89,CMO07,Pune,1750,2023-04-13,2023-04-14,1,1,53,0.231,0.31,0,3,4,675000,4483689.0,5158689.0
DISP3761,TMT Bar,BOST,47,2274.53,96.79,CMO06,Ahmedabad,1900,2023-10-13,2023-10-16,3,1,76,0.706,0.428,0,4,10,2115000,5185928.4,7300928.4
DISP3762,Structurals,BLC,48,2560.07,86.02,CMO07,Pune,1750,2023-05-13,2023-05-13,0,0,56,0.583,0.527,0,5,5,0,5376147.0,5376147.0
DISP3763,CR Coil,BOBYN,46,2745.22,99.46,CMO02,Mumbai,1800,2023-03-20,2023-03-22,2,1,23,0.962,0.944,0,0,3,1380000,5929675.2,7309675.2
DISP3764,Semis,BCN,48,2637.73,99.91,CMO05,Hyderabad,1600,2023-06-27,2023-07-01,4,1,76,0.992,0.901,1,1,6,2880000,5064441.6,7944441.6
DISP3765,Structurals,BOBYN,45,2484.74,92.03,CMO06,Ahmedabad,1900,2023-07-01,2023-07-01,0,0,56,0.246,0.428,0,5,7,0,5665207.2,5665207.2
DISP3766,TMT Bar,BCN,41,2187.5,97.01,CMO02,Mumbai,1800,2023-05-05,2023-05-05,0,0,66,0.892,0.471,0,4,5,0,4725000.0,4725000.0
DISP3767,HR Coil,BOXN,48,2280.22,81.9,CMO05,Hyderabad,1600,2023-09-09,2023-09-11,2,1,40,0.284,0.465,0,5,9,1440000,4378022.4,5818022.4
DISP3768,Semis,BCN,43,2118.95,89.6,CMO05,Hyderabad,1600,2023-06-15,2023-06-17,2,1,24,0.211,0.762,0,3,6,1290000,4068384.0,5358384.0
DISP3769,Wire Rod,BOXN,56,3038.06,93.54,CMO06,Ahmedabad,1900,2023-12-06,2023-12-08,2,1,56,0.383,0.88,0,2,12,1680000,6926776.8,8606776.8
DISP3770,HR Coil,BCN,55,2158.37,71.35,CMO03,Chennai,2100,2023-06-13,2023-06-13,0,0,37,0.655,0.859,0,1,6,0,5439092.4,5439092.4
DISP3771,Structurals,BCN,42,1913.69,82.84,CMO01,Delhi,1200,2023-05-18,2023-05-18,0,0,14,0.262,0.836,0,3,5,0,2755713.6,2755713.6
DISP3772,TMT Bar,BCN,40,1915.92,87.09,CMO04,Kolkata,350,2023-12-10,2023-12-10,0,0,16,0.661,0.563,0,6,12,0,804686.4,804686.4
DISP3773,Plate,BLC,57,3000.35,84.9,CMO03,Chennai,2100,2023-04-05,2023-04-06,1,1,12,0.582,0.3,0,2,4,855000,7560882.0,8415882.0
DISP3774,Wire Rod,BOXN,42,2160.31,88.68,CMO02,Mumbai,1800,2023-11-30,2023-12-02,2,1,68,0.277,0.81,1,3,11,1260000,4666269.6,5926269.6
DISP3775,CR Coil,BOBYN,53,3090.26,97.18,CMO05,Hyderabad,1600,2023-11-14,2023-11-14,0,0,56,0.57,0.697,0,1,11,0,5933299.2,5933299.2
DISP3776,HR Coil,BOST,55,2102.89,76.47,CMO05,Hyderabad,1600,2023-03-26,2023-03-29,3,1,59,0.592,0.639,1,6,3,2475000,4037548.8,6512548.8
DISP3777,Semis,BOBYN,54,2901.78,89.56,CMO02,Mumbai,1800,2023-12-12,2023-12-12,0,0,8,0.568,0.537,0,1,12,0,6267844.8,6267844.8
DISP3778,Plate,BOST,55,2460.22,89.46,CMO05,Hyderabad,1600,2023-08-04,2023-08-06,2,1,50,0.39,0.746,0,4,8,1650000,4723622.4,6373622.4
DISP3779,Plate,BCN,46,1858.5,73.46,CMO06,Ahmedabad,1900,2023-02-16,2023-02-16,0,0,53,0.463,0.432,0,3,2,0,4237380.0,4237380.0
DISP3780,Structurals,BOST,50,1886.27,75.45,CMO06,Ahmedabad,1900,2023-03-05,2023-03-08,3,1,23,0.237,0.385,0,6,3,2250000,4300695.6,6550695.6
DISP3781,Semis,BLC,52,2520.16,78.17,CMO03,Chennai,2100,2023-05-25,2023-05-26,1,1,77,0.712,0.86,1,3,5,780000,6350803.2,7130803.2
DISP3782,HR Coil,BOBYN,53,3149.63,99.04,CMO01,Delhi,1200,2023-08-26,2023-08-26,0,0,55,0.445,0.681,1,5,8,0,4535467.2,4535467.2
DISP3783,Wire Rod,BCN,58,2661.57,83.43,CMO04,Kolkata,350,2023-08-19,2023-08-19,0,0,44,0.908,0.362,0,5,8,0,1117859.4,1117859.4
DISP3784,Wire Rod,BLC,41,1975.34,77.71,CMO03,Chennai,2100,2023-06-19,2023-06-20,1,1,9,0.218,0.471,0,0,6,615000,4977856.8,5592856.8
DISP3785,CR Coil,BOST,52,2580.54,99.25,CMO01,Delhi,1200,2023-10-17,2023-10-18,1,1,59,0.693,0.974,0,1,10,780000,3715977.6,4495977.6
DISP3786,Structurals,BCN,44,2107.32,87.08,CMO05,Hyderabad,1600,2023-07-14,2023-07-14,0,0,33,0.457,0.335,0,4,7,0,4046054.4,4046054.4
DISP3787,Wire Rod,BOXN,45,2115.15,81.04,CMO06,Ahmedabad,1900,2023-02-26,2023-02-26,0,0,25,0.623,0.624,1,6,2,0,4822542.0,4822542.0
DISP3788,Wire Rod,BOBYN,42,2409.11,95.6,CMO03,Chennai,2100,2023-11-11,2023-11-11,0,0,42,0.933,0.735,0,5,11,0,6070957.2,6070957.2
DISP3789,Plate,BCN,52,2301.17,80.46,CMO07,Pune,1750,2023-05-25,2023-05-25,0,0,57,0.726,0.474,1,3,5,0,4832457.0,4832457.0
DISP3790,Semis,BCN,47,2047.88,79.22,CMO03,Chennai,2100,2023-05-12,2023-05-14,2,1,14,0.833,0.514,0,4,5,1410000,5160657.6,6570657.6
DISP3791,Plate,BOBYN,47,2679.38,95.01,CMO05,Hyderabad,1600,2023-05-13,2023-05-13,0,0,40,0.663,0.5,0,5,5,0,5144409.6,5144409.6
DISP3792,TMT Bar,BCN,40,1887.04,85.77,CMO04,Kolkata,350,2023-12-13,2023-12-13,0,0,76,0.337,0.457,0,2,12,0,792556.8,792556.8
DISP3793,Plate,BOBYN,55,3026.31,91.71,CMO04,Kolkata,350,2023-04-22,2023-04-22,0,0,78,0.735,0.673,0,5,4,0,1271050.2,1271050.2
DISP3794,Plate,BCN,43,1832.29,77.48,CMO05,Hyderabad,1600,2023-02-23,2023-02-23,0,0,6,0.998,0.832,0,3,2,0,3517996.8,3517996.8
DISP3795,HR Coil,BOBYN,43,2471.97,95.81,CMO06,Ahmedabad,1900,2023-01-23,2023-01-24,1,1,66,0.461,0.929,0,0,1,645000,5636091.6,6281091.6
DISP3796,Structurals,BLC,51,2532.77,80.1,CMO06,Ahmedabad,1900,2023-10-27,2023-10-28,1,1,21,0.887,0.388,1,4,10,765000,5774715.6,6539715.6
DISP3797,TMT Bar,BLC,49,2474.3,81.45,CMO05,Hyderabad,1600,2023-02-02,2023-02-03,1,1,23,0.779,0.456,0,3,2,735000,4750656.0,5485656.0
DISP3798,Structurals,BCN,43,1752.25,74.09,CMO07,Pune,1750,2023-02-28,2023-02-28,0,0,31,0.787,0.623,1,1,2,0,3679725.0,3679725.0
DISP3799,Semis,BOST,52,1968.45,75.71,CMO03,Chennai,2100,2023-10-26,2023-10-26,0,0,48,0.702,0.888,1,3,10,0,4960494.0,4960494.0
DISP3800,Plate,BOXN,58,2969.89,88.28,CMO04,Kolkata,350,2023-02-05,2023-02-07,2,1,38,0.765,0.687,0,6,2,1740000,1247353.8,2987353.8
DISP3801,Wire Rod,BOBYN,42,1818.79,72.17,CMO04,Kolkata,350,2023-10-05,2023-10-06,1,1,75,0.497,0.92,0,3,10,630000,763891.8,1393891.8
DISP3802,Semis,BOBYN,44,1874.52,71.0,CMO04,Kolkata,350,2023-05-08,2023-05-08,0,0,29,0.448,0.505,0,0,5,0,787298.4,787298.4
DISP3803,CR Coil,BOXN,40,1833.68,79.04,CMO06,Ahmedabad,1900,2023-12-06,2023-12-06,0,0,62,0.771,0.591,0,2,12,0,4180790.4,4180790.4
DISP3804,Structurals,BLC,57,3355.03,94.94,CMO07,Pune,1750,2023-01-17,2023-01-21,4,1,75,0.833,0.992,0,1,1,3420000,7045563.0,10465563.0
DISP3805,CR Coil,BCN,52,2648.3,92.6,CMO05,Hyderabad,1600,2023-01-26,2023-01-26,0,0,24,0.909,0.758,1,3,1,0,5084736.0,5084736.0
DISP3806,Wire Rod,BCN,42,1939.81,83.97,CMO04,Kolkata,350,2023-04-07,2023-04-08,1,1,9,0.442,0.889,0,4,4,630000,814720.2,1444720.2
DISP3807,Semis,BCN,41,1689.02,74.9,CMO07,Pune,1750,2023-10-14,2023-10-14,0,0,40,0.538,0.537,0,5,10,0,3546942.0,3546942.0
DISP3808,TMT Bar,BOBYN,46,2098.46,76.03,CMO06,Ahmedabad,1900,2023-09-24,2023-09-25,1,1,24,0.699,0.464,0,6,9,690000,4784488.8,5474488.8
DISP3809,Wire Rod,BOXN,46,2031.21,76.13,CMO05,Hyderabad,1600,2023-01-06,2023-01-06,0,0,34,0.218,0.438,0,4,1,0,3899923.2,3899923.2
DISP3810,Wire Rod,BOXN,53,2874.17,93.5,CMO01,Delhi,1200,2023-07-06,2023-07-06,0,0,6,0.55,0.599,0,3,7,0,4138804.8,4138804.8
DISP3811,Plate,BCN,50,2130.53,77.47,CMO05,Hyderabad,1600,2023-01-30,2023-02-03,4,1,27,0.422,0.559,1,0,1,3000000,4090617.6,7090617.6
DISP3812,CR Coil,BOST,57,2652.99,93.09,CMO02,Mumbai,1800,2023-09-07,2023-09-07,0,0,26,0.388,0.452,0,3,9,0,5730458.4,5730458.4
DISP3813,Semis,BOXN,44,2199.96,86.21,CMO02,Mumbai,1800,2023-08-23,2023-08-23,0,0,13,0.957,0.86,0,2,8,0,4751913.6,4751913.6
DISP3814,Semis,BOXN,42,2037.14,83.63,CMO07,Pune,1750,2023-03-25,2023-03-27,2,1,25,0.73,0.393,1,5,3,1260000,4277994.0,5537994.0
DISP3815,Wire Rod,BLC,48,2672.94,89.82,CMO07,Pune,1750,2023-10-07,2023-10-07,0,0,64,0.784,0.971,0,5,10,0,5613174.0,5613174.0
DISP3816,Wire Rod,BLC,50,2937.1,94.75,CMO06,Ahmedabad,1900,2023-07-31,2023-07-31,0,0,18,0.698,0.883,1,0,7,0,6696588.0,6696588.0
DISP3817,CR Coil,BOXN,52,2436.71,80.79,CMO03,Chennai,2100,2023-10-05,2023-10-07,2,1,34,0.629,0.944,0,3,10,1560000,6140509.2,7700509.2
DISP3818,Structurals,BCN,56,2961.92,96.17,CMO02,Mumbai,1800,2023-02-02,2023-02-02,0,0,28,0.324,0.719,0,3,2,0,6397747.2,6397747.2
DISP3819,Plate,BCN,52,2340.23,81.83,CMO07,Pune,1750,2023-10-01,2023-10-01,0,0,41,0.77,0.94,0,6,10,0,4914483.0,4914483.0
DISP3820,CR Coil,BLC,47,2588.1,88.82,CMO02,Mumbai,1800,2023-08-20,2023-08-21,1,1,78,0.816,0.353,0,6,8,705000,5590296.0,6295296.0
DISP3821,HR Coil,BOXN,56,2719.77,83.74,CMO01,Delhi,1200,2023-09-20,2023-09-20,0,0,10,0.389,0.543,0,2,9,0,3916468.8,3916468.8
DISP3822,Wire Rod,BOST,41,1846.81,90.09,CMO07,Pune,1750,2023-02-07,2023-02-10,3,1,63,0.884,0.904,0,1,2,1845000,3878301.0,5723301.0
DISP3823,Semis,BOBYN,44,2127.2,80.58,CMO06,Ahmedabad,1900,2023-10-28,2023-11-01,4,1,37,0.756,0.425,1,5,10,2640000,4850016.0,7490016.0
DISP3824,Semis,BLC,43,2004.3,75.18,CMO01,Delhi,1200,2023-03-14,2023-03-16,2,1,68,0.956,0.824,0,1,3,1290000,2886192.0,4176192.0
DISP3825,CR Coil,BOXN,51,2831.24,95.71,CMO02,Mumbai,1800,2023-03-18,2023-03-18,0,0,23,0.29,0.423,0,5,3,0,6115478.4,6115478.4
DISP3826,Structurals,BCN,58,3074.27,96.37,CMO07,Pune,1750,2023-07-15,2023-07-17,2,1,29,0.927,0.818,0,5,7,1740000,6455967.0,8195967.0
DISP3827,CR Coil,BCN,49,2130.7,79.06,CMO02,Mumbai,1800,2023-01-10,2023-01-10,0,0,44,0.602,0.663,0,1,1,0,4602312.0,4602312.0
DISP3828,Plate,BOXN,48,2336.85,83.94,CMO03,Chennai,2100,2023-03-27,2023-03-30,3,1,6,0.888,0.73,1,0,3,2160000,5888862.0,8048862.0
DISP3829,TMT Bar,BOST,50,1892.1,75.68,CMO01,Delhi,1200,2023-12-16,2023-12-16,0,0,62,0.597,0.737,0,5,12,0,2724624.0,2724624.0
DISP3830,Wire Rod,BOBYN,45,2657.58,98.43,CMO04,Kolkata,350,2023-11-03,2023-11-03,0,0,45,0.531,0.488,0,4,11,0,1116183.6,1116183.6
DISP3831,Wire Rod,BCN,45,1851.31,74.8,CMO04,Kolkata,350,2023-07-03,2023-07-03,0,0,77,0.323,0.593,0,0,7,0,777550.2,777550.2
DISP3832,TMT Bar,BOXN,44,2406.17,94.29,CMO05,Hyderabad,1600,2023-03-10,2023-03-10,0,0,8,0.723,0.701,0,4,3,0,4619846.4,4619846.4
DISP3833,CR Coil,BCN,43,1706.11,72.14,CMO05,Hyderabad,1600,2023-07-30,2023-08-02,3,1,32,0.234,0.714,1,6,7,1935000,3275731.2,5210731.2
DISP3834,Plate,BOBYN,53,2459.12,77.33,CMO04,Kolkata,350,2023-12-09,2023-12-09,0,0,24,0.717,0.421,0,5,12,0,1032830.4,1032830.4
DISP3835,TMT Bar,BOBYN,41,2040.42,82.94,CMO06,Ahmedabad,1900,2023-02-08,2023-02-10,2,1,47,0.731,0.736,0,2,2,1230000,4652157.6,5882157.6
DISP3836,TMT Bar,BOBYN,46,2531.35,91.72,CMO01,Delhi,1200,2023-04-25,2023-04-27,2,1,73,0.808,0.328,1,1,4,1380000,3645144.0,5025144.0
DISP3837,Semis,BOBYN,42,2383.11,94.57,CMO02,Mumbai,1800,2023-02-12,2023-02-12,0,0,27,0.88,0.366,0,6,2,0,5147517.6,5147517.6
DISP3838,Semis,BCN,49,2299.94,85.34,CMO01,Delhi,1200,2023-02-27,2023-03-02,3,1,52,0.631,0.909,1,0,2,2205000,3311913.6,5516913.6
DISP3839,Wire Rod,BOXN,43,2317.11,92.91,CMO03,Chennai,2100,2023-02-26,2023-02-28,2,1,72,0.461,0.689,1,6,2,1290000,5839117.2,7129117.2
DISP3840,TMT Bar,BOBYN,40,1710.66,71.28,CMO07,Pune,1750,2023-07-18,2023-07-18,0,0,27,0.656,0.652,0,1,7,0,3592386.0,3592386.0
DISP3841,Wire Rod,BOST,55,2126.76,77.34,CMO06,Ahmedabad,1900,2023-06-10,2023-06-12,2,1,71,0.462,0.816,0,5,6,1650000,4849012.8,6499012.8
DISP3842,Semis,BCN,43,2078.22,87.87,CMO04,Kolkata,350,2023-03-08,2023-03-08,0,0,32,0.437,0.426,0,2,3,0,872852.4,872852.4
DISP3843,Structurals,BOBYN,45,1950.83,72.25,CMO04,Kolkata,350,2023-04-04,2023-04-04,0,0,7,0.445,0.345,0,1,4,0,819348.6,819348.6
DISP3844,Plate,BOST,46,2159.13,93.88,CMO03,Chennai,2100,2023-02-27,2023-02-27,0,0,41,0.786,0.956,1,0,2,0,5441007.6,5441007.6
DISP3845,Plate,BOXN,42,2049.45,84.13,CMO07,Pune,1750,2023-11-11,2023-11-13,2,1,62,0.323,0.832,0,5,11,1260000,4303845.0,5563845.0
DISP3846,Plate,BOST,56,2041.09,72.9,CMO03,Chennai,2100,2023-03-24,2023-03-24,0,0,70,0.759,0.378,0,4,3,0,5143546.8,5143546.8
DISP3847,HR Coil,BLC,53,2704.2,82.29,CMO02,Mumbai,1800,2023-12-19,2023-12-19,0,0,26,0.765,0.344,0,1,12,0,5841072.0,5841072.0
DISP3848,CR Coil,BOBYN,57,2739.41,80.1,CMO06,Ahmedabad,1900,2023-10-06,2023-10-07,1,1,55,0.351,0.367,0,4,10,855000,6245854.8,7100854.8
DISP3849,Semis,BCN,47,2496.82,96.59,CMO02,Mumbai,1800,2023-05-01,2023-05-02,1,1,75,0.768,0.955,0,0,5,705000,5393131.2,6098131.2
DISP3850,Wire Rod,BOST,45,2020.49,89.8,CMO07,Pune,1750,2023-10-17,2023-10-17,0,0,12,0.248,0.579,0,1,10,0,4243029.0,4243029.0
DISP3851,CR Coil,BLC,53,3220.51,98.01,CMO07,Pune,1750,2023-04-27,2023-05-01,4,1,27,0.875,0.995,1,3,4,3180000,6763071.0,9943071.0
DISP3852,Plate,BOBYN,46,2606.45,94.44,CMO04,Kolkata,350,2023-07-28,2023-07-28,0,0,15,0.605,0.744,1,4,7,0,1094709.0,1094709.0
DISP3853,Plate,BLC,45,2285.83,81.93,CMO07,Pune,1750,2023-02-23,2023-02-23,0,0,36,0.547,0.513,0,3,2,0,4800243.0,4800243.0
DISP3854,HR Coil,BOBYN,44,2373.75,89.91,CMO01,Delhi,1200,2023-03-22,2023-03-24,2,1,30,0.92,0.802,0,2,3,1320000,3418200.0,4738200.0
DISP3855,Semis,BOBYN,51,2966.1,96.93,CMO05,Hyderabad,1600,2023-08-25,2023-08-25,0,0,13,0.623,0.528,1,4,8,0,5694912.0,5694912.0
DISP3856,Structurals,BOXN,52,2973.17,98.58,CMO06,Ahmedabad,1900,2023-09-04,2023-09-07,3,1,68,0.509,0.755,0,0,9,2340000,6778827.6,9118827.6
DISP3857,TMT Bar,BOST,45,1579.23,70.19,CMO07,Pune,1750,2023-10-03,2023-10-06,3,1,71,0.28,0.758,0,1,10,2025000,3316383.0,5341383.0
DISP3858,Plate,BLC,54,3304.33,98.7,CMO02,Mumbai,1800,2023-03-01,2023-03-03,2,1,63,0.935,0.786,0,2,3,1620000,7137352.8,8757352.8
DISP3859,Plate,BOST,47,2026.42,86.23,CMO07,Pune,1750,2023-06-03,2023-06-03,0,0,49,0.729,0.425,0,5,6,0,4255482.0,4255482.0
DISP3860,Structurals,BOBYN,52,2536.75,81.31,CMO07,Pune,1750,2023-12-23,2023-12-25,2,1,56,0.627,0.835,0,5,12,1560000,5327175.0,6887175.0
DISP3861,Semis,BOBYN,50,2503.4,83.45,CMO01,Delhi,1200,2023-06-07,2023-06-09,2,1,69,0.675,0.924,0,2,6,1500000,3604896.0,5104896.0
DISP3862,Plate,BLC,40,2304.41,92.92,CMO03,Chennai,2100,2023-06-02,2023-06-02,0,0,22,0.663,0.725,0,4,6,0,5807113.2,5807113.2
DISP3863,Structurals,BOBYN,53,2629.59,82.69,CMO04,Kolkata,350,2023-06-05,2023-06-05,0,0,13,0.812,0.702,0,0,6,0,1104427.8,1104427.8
DISP3864,HR Coil,BOXN,57,3089.64,93.46,CMO05,Hyderabad,1600,2023-08-23,2023-08-23,0,0,44,0.749,0.649,0,2,8,0,5932108.8,5932108.8
DISP3865,Structurals,BOST,49,2013.14,82.17,CMO05,Hyderabad,1600,2023-02-08,2023-02-10,2,1,70,0.355,0.726,0,2,2,1470000,3865228.8,5335228.8
DISP3866,Wire Rod,BOBYN,49,2797.91,95.17,CMO04,Kolkata,350,2023-09-23,2023-09-25,2,1,48,0.365,0.813,0,5,9,1470000,1175122.2,2645122.2
DISP3867,Wire Rod,BOST,57,2018.9,70.84,CMO03,Chennai,2100,2023-05-29,2023-06-01,3,1,45,0.208,0.723,1,0,5,2565000,5087628.0,7652628.0
DISP3868,Wire Rod,BCN,45,1820.31,73.55,CMO01,Delhi,1200,2023-01-17,2023-01-18,1,1,25,0.519,0.973,0,1,1,675000,2621246.4,3296246.4
DISP3869,Plate,BOXN,40,2208.55,95.2,CMO05,Hyderabad,1600,2023-04-02,2023-04-02,0,0,39,0.628,0.477,0,6,4,0,4240416.0,4240416.0
DISP3870,Semis,BOXN,57,3184.27,96.32,CMO02,Mumbai,1800,2023-10-21,2023-10-24,3,1,76,0.352,0.766,0,5,10,2565000,6878023.2,9443023.2
DISP3871,Structurals,BOST,57,2197.6,77.11,CMO07,Pune,1750,2023-11-01,2023-11-01,0,0,65,0.41,0.898,0,2,11,0,4614960.0,4614960.0
DISP3872,Plate,BLC,47,2052.54,70.44,CMO03,Chennai,2100,2023-08-17,2023-08-19,2,1,52,0.932,0.333,0,3,8,1410000,5172400.8,6582400.8
DISP3873,Structurals,BLC,43,2339.82,87.77,CMO04,Kolkata,350,2023-11-02,2023-11-02,0,0,50,0.716,0.312,0,3,11,0,982724.4,982724.4
DISP3874,TMT Bar,BCN,43,2051.37,86.74,CMO04,Kolkata,350,2023-10-17,2023-10-17,0,0,29,0.86,0.985,0,1,10,0,861575.4,861575.4
DISP3875,TMT Bar,BLC,58,2573.07,71.55,CMO04,Kolkata,350,2023-09-03,2023-09-06,3,1,7,0.723,0.672,0,6,9,2610000,1080689.4,3690689.4
DISP3876,Semis,BOXN,43,2217.93,88.93,CMO01,Delhi,1200,2023-04-15,2023-04-16,1,1,59,0.498,0.782,0,5,4,645000,3193819.2,3838819.2
DISP3877,TMT Bar,BCN,44,2130.65,88.04,CMO03,Chennai,2100,2023-01-23,2023-01-23,0,0,55,0.587,0.766,0,0,1,0,5369238.0,5369238.0
DISP3878,Plate,BCN,45,1955.91,79.03,CMO04,Kolkata,350,2023-01-20,2023-01-23,3,1,53,0.313,0.845,0,4,1,2025000,821482.2,2846482.2
DISP3879,Plate,BLC,55,2527.08,74.11,CMO05,Hyderabad,1600,2023-08-06,2023-08-07,1,1,27,0.347,0.899,0,6,8,825000,4851993.6,5676993.6
DISP3880,CR Coil,BCN,54,2785.68,93.79,CMO02,Mumbai,1800,2023-05-13,2023-05-15,2,1,68,0.446,0.931,0,5,5,1620000,6017068.8,7637068.8
DISP3881,Semis,BCN,47,2275.41,88.02,CMO03,Chennai,2100,2023-06-17,2023-06-19,2,1,26,0.277,0.877,0,5,6,1410000,5734033.2,7144033.2
DISP3882,HR Coil,BOXN,44,2006.49,78.62,CMO04,Kolkata,350,2023-06-28,2023-06-28,0,0,32,0.281,0.791,1,2,6,0,842725.8,842725.8
DISP3883,Plate,BOXN,47,2230.73,81.83,CMO01,Delhi,1200,2023-12-04,2023-12-06,2,1,28,0.957,0.951,0,0,12,1410000,3212251.2,4622251.2
DISP3884,Wire Rod,BOBYN,54,2748.8,84.84,CMO02,Mumbai,1800,2023-08-06,2023-08-07,1,1,39,0.629,0.682,0,6,8,810000,5937408.0,6747408.0
DISP3885,TMT Bar,BCN,57,2499.9,79.74,CMO06,Ahmedabad,1900,2023-04-03,2023-04-03,0,0,79,0.735,0.419,0,0,4,0,5699772.0,5699772.0
DISP3886,CR Coil,BCN,43,1943.61,82.18,CMO06,Ahmedabad,1900,2023-09-15,2023-09-16,1,1,46,0.591,0.73,0,4,9,645000,4431430.8,5076430.8
DISP3887,HR Coil,BOXN,51,2344.38,79.26,CMO05,Hyderabad,1600,2023-02-17,2023-02-17,0,0,38,0.559,0.515,0,4,2,0,4501209.6,4501209.6
DISP3888,Semis,BOBYN,51,2851.04,93.17,CMO03,Chennai,2100,2023-06-02,2023-06-02,0,0,61,0.899,0.812,0,4,6,0,7184620.8,7184620.8
DISP3889,TMT Bar,BLC,43,2151.25,80.69,CMO01,Delhi,1200,2023-06-03,2023-06-03,0,0,78,0.568,0.482,0,5,6,0,3097800.0,3097800.0
DISP3890,Plate,BOXN,50,2231.29,76.94,CMO02,Mumbai,1800,2023-09-19,2023-09-21,2,1,73,0.224,0.437,0,1,9,1500000,4819586.4,6319586.4
DISP3891,Semis,BOXN,46,2059.41,77.19,CMO07,Pune,1750,2023-11-26,2023-11-27,1,1,71,0.935,0.986,1,6,11,690000,4324761.0,5014761.0
DISP3892,Wire Rod,BOST,45,2123.16,94.36,CMO05,Hyderabad,1600,2023-10-13,2023-10-13,0,0,13,0.482,0.422,0,4,10,0,4076467.2,4076467.2
DISP3893,CR Coil,BCN,57,2603.42,83.04,CMO01,Delhi,1200,2023-06-11,2023-06-11,0,0,13,0.451,0.386,0,6,6,0,3748924.8,3748924.8
DISP3894,Wire Rod,BOBYN,50,2756.04,91.87,CMO03,Chennai,2100,2023-09-05,2023-09-05,0,0,70,0.24,0.658,0,1,9,0,6945220.8,6945220.8
DISP3895,TMT Bar,BLC,46,2246.69,78.78,CMO04,Kolkata,350,2023-07-15,2023-07-15,0,0,68,0.27,0.635,0,5,7,0,943609.8,943609.8
DISP3896,CR Coil,BLC,58,3522.8,97.96,CMO05,Hyderabad,1600,2023-06-08,2023-06-08,0,0,33,0.368,0.577,0,3,6,0,6763776.0,6763776.0
DISP3897,Plate,BLC,53,2558.47,77.86,CMO03,Chennai,2100,2023-06-24,2023-06-24,0,0,11,0.688,0.703,0,5,6,0,6447344.4,6447344.4
DISP3898,Structurals,BOXN,41,2044.32,85.97,CMO01,Delhi,1200,2023-10-11,2023-10-11,0,0,48,0.584,0.704,0,2,10,0,2943820.8,2943820.8
DISP3899,CR Coil,BCN,45,1803.19,72.86,CMO07,Pune,1750,2023-02-13,2023-02-14,1,1,74,0.676,0.764,0,0,2,675000,3786699.0,4461699.0
DISP3900,Structurals,BLC,48,2740.41,92.08,CMO03,Chennai,2100,2023-09-21,2023-09-21,0,0,71,0.438,0.826,0,3,9,0,6905833.2,6905833.2
DISP3901,Structurals,BLC,58,2917.12,81.12,CMO05,Hyderabad,1600,2023-03-29,2023-04-01,3,1,76,0.929,0.56,1,2,3,2610000,5600870.4,8210870.4
DISP3902,Structurals,BOST,51,2361.99,92.63,CMO06,Ahmedabad,1900,2023-03-06,2023-03-07,1,1,71,0.794,0.89,0,0,3,765000,5385337.2,6150337.2
DISP3903,Wire Rod,BOST,54,2482.21,91.93,CMO06,Ahmedabad,1900,2023-11-08,2023-11-08,0,0,14,0.856,0.509,0,2,11,0,5659438.8,5659438.8
DISP3904,Structurals,BLC,42,2183.81,83.86,CMO05,Hyderabad,1600,2023-06-18,2023-06-20,2,1,79,0.623,0.941,0,6,6,1260000,4192915.2,5452915.2
DISP3905,HR Coil,BCN,46,2093.92,82.76,CMO07,Pune,1750,2023-03-23,2023-03-25,2,1,71,0.996,0.987,0,3,3,1380000,4397232.0,5777232.0
DISP3906,CR Coil,BOXN,46,2290.34,85.84,CMO06,Ahmedabad,1900,2023-06-24,2023-06-25,1,1,60,0.879,0.38,0,5,6,690000,5221975.2,5911975.2
DISP3907,Wire Rod,BOST,42,1643.31,78.25,CMO07,Pune,1750,2023-06-22,2023-06-25,3,1,78,0.209,0.875,0,3,6,1890000,3450951.0,5340951.0
DISP3908,Semis,BOST,45,2137.54,95.0,CMO07,Pune,1750,2023-08-16,2023-08-19,3,1,64,0.662,0.559,0,2,8,2025000,4488834.0,6513834.0
DISP3909,Wire Rod,BOBYN,47,2670.35,94.69,CMO05,Hyderabad,1600,2023-07-11,2023-07-11,0,0,16,0.702,0.76,0,1,7,0,5127072.0,5127072.0
DISP3910,Plate,BOXN,54,3095.53,98.84,CMO07,Pune,1750,2023-01-07,2023-01-10,3,1,45,0.356,0.771,0,5,1,2430000,6500613.0,8930613.0
DISP3911,HR Coil,BOBYN,58,2519.33,72.39,CMO05,Hyderabad,1600,2023-05-08,2023-05-09,1,1,73,0.301,0.701,0,0,5,870000,4837113.6,5707113.6
DISP3912,Semis,BCN,43,1828.16,77.3,CMO03,Chennai,2100,2023-08-07,2023-08-09,2,1,10,0.659,0.783,0,0,8,1290000,4606963.2,5896963.2
DISP3913,HR Coil,BOST,43,1532.55,71.28,CMO07,Pune,1750,2023-06-17,2023-06-17,0,0,12,0.903,0.51,0,5,6,0,3218355.0,3218355.0
DISP3914,CR Coil,BOXN,50,2841.42,97.98,CMO04,Kolkata,350,2023-09-29,2023-10-02,3,1,68,0.365,0.83,1,4,9,2250000,1193396.4,3443396.4
DISP3915,CR Coil,BCN,56,2821.86,91.62,CMO06,Ahmedabad,1900,2023-07-25,2023-07-26,1,1,77,0.396,0.547,1,1,7,840000,6433840.8,7273840.8
DISP3916,HR Coil,BCN,57,2497.11,79.65,CMO06,Ahmedabad,1900,2023-08-09,2023-08-10,1,1,16,0.493,0.969,0,2,8,855000,5693410.8,6548410.8
DISP3917,Structurals,BLC,52,2488.36,77.18,CMO03,Chennai,2100,2023-09-07,2023-09-07,0,0,77,0.349,0.543,0,3,9,0,6270667.2,6270667.2
DISP3918,HR Coil,BCN,47,2114.18,81.79,CMO04,Kolkata,350,2023-12-14,2023-12-14,0,0,10,0.728,0.887,0,3,12,0,887955.6,887955.6
DISP3919,Wire Rod,BOBYN,54,2295.38,70.85,CMO04,Kolkata,350,2023-03-23,2023-03-25,2,1,74,0.676,0.998,0,3,3,1620000,964059.6,2584059.6
DISP3920,TMT Bar,BCN,45,2119.52,85.64,CMO02,Mumbai,1800,2023-07-13,2023-07-13,0,0,37,0.405,0.872,0,3,7,0,4578163.2,4578163.2
DISP3921,HR Coil,BOXN,54,3093.38,98.77,CMO01,Delhi,1200,2023-06-15,2023-06-15,0,0,31,0.468,0.911,0,3,6,0,4454467.2,4454467.2
DISP3922,TMT Bar,BCN,41,2238.3,99.26,CMO04,Kolkata,350,2023-03-05,2023-03-06,1,1,9,0.351,0.692,0,6,3,615000,940086.0,1555086.0
DISP3923,CR Coil,BCN,44,2047.28,84.6,CMO01,Delhi,1200,2023-04-17,2023-04-17,0,0,59,0.307,0.9,0,0,4,0,2948083.2,2948083.2
DISP3924,TMT Bar,BCN,48,2207.0,83.6,CMO06,Ahmedabad,1900,2023-09-28,2023-09-29,1,1,79,0.384,0.522,1,3,9,720000,5031960.0,5751960.0
DISP3925,Wire Rod,BOXN,53,2608.56,84.86,CMO05,Hyderabad,1600,2023-05-14,2023-05-14,0,0,5,0.656,0.421,0,6,5,0,5008435.2,5008435.2
DISP3926,Semis,BOST,56,2341.65,83.63,CMO03,Chennai,2100,2023-05-19,2023-05-19,0,0,45,0.804,0.545,0,4,5,0,5900958.0,5900958.0
DISP3927,CR Coil,BCN,57,2898.57,92.46,CMO07,Pune,1750,2023-08-21,2023-08-22,1,1,22,0.877,0.386,0,0,8,855000,6086997.0,6941997.0
DISP3928,Structurals,BOST,57,2837.28,99.55,CMO04,Kolkata,350,2023-02-24,2023-02-24,0,0,54,0.871,0.875,0,4,2,0,1191657.6,1191657.6
DISP3929,Semis,BOXN,46,2111.78,79.15,CMO07,Pune,1750,2023-04-17,2023-04-18,1,1,80,0.603,0.666,0,0,4,690000,4434738.0,5124738.0
DISP3930,Plate,BLC,51,3125.76,98.85,CMO04,Kolkata,350,2023-04-24,2023-04-24,0,0,34,0.372,0.499,0,0,4,0,1312819.2,1312819.2
DISP3931,HR Coil,BCN,43,1820.49,76.98,CMO07,Pune,1750,2023-01-05,2023-01-05,0,0,6,0.698,0.379,0,3,1,0,3823029.0,3823029.0
DISP3932,CR Coil,BLC,40,1874.6,75.59,CMO05,Hyderabad,1600,2023-03-07,2023-03-08,1,1,55,0.307,0.485,0,1,3,600000,3599232.0,4199232.0
DISP3933,TMT Bar,BOBYN,47,2730.7,96.83,CMO01,Delhi,1200,2023-11-09,2023-11-09,0,0,9,0.779,0.549,0,3,11,0,3932208.0,3932208.0
DISP3934,HR Coil,BCN,42,1630.64,70.59,CMO03,Chennai,2100,2023-12-29,2024-01-01,3,1,68,0.752,0.887,1,4,12,1890000,4109212.8,5999212.8
DISP3935,CR Coil,BCN,47,2461.07,95.21,CMO03,Chennai,2100,2023-11-26,2023-11-27,1,1,14,0.248,0.638,1,6,11,705000,6201896.4,6906896.4
DISP3936,Structurals,BOBYN,48,2486.0,86.32,CMO02,Mumbai,1800,2023-08-27,2023-08-31,4,1,8,0.67,0.815,1,6,8,2880000,5369760.0,8249760.0
DISP3937,TMT Bar,BOST,53,2017.73,76.14,CMO07,Pune,1750,2023-04-01,2023-04-02,1,1,52,0.263,0.647,0,5,4,795000,4237233.0,5032233.0
DISP3938,TMT Bar,BCN,46,1901.85,75.17,CMO01,Delhi,1200,2023-02-21,2023-02-22,1,1,18,0.627,0.735,0,1,2,690000,2738664.0,3428664.0
DISP3939,Plate,BOXN,52,2305.83,76.45,CMO04,Kolkata,350,2023-09-01,2023-09-01,0,0,6,0.319,0.58,0,4,9,0,968448.6,968448.6
DISP3940,CR Coil,BOBYN,41,1745.47,70.95,CMO01,Delhi,1200,2023-06-21,2023-06-21,0,0,35,0.513,0.862,0,2,6,0,2513476.8,2513476.8
DISP3941,HR Coil,BCN,46,2081.64,82.28,CMO05,Hyderabad,1600,2023-10-06,2023-10-08,2,1,79,0.225,0.537,0,4,10,1380000,3996748.8,5376748.8
DISP3942,HR Coil,BLC,47,2159.18,74.1,CMO01,Delhi,1200,2023-10-16,2023-10-16,0,0,6,0.221,0.623,0,0,10,0,3109219.2,3109219.2
DISP3943,HR Coil,BOXN,54,2353.7,75.15,CMO02,Mumbai,1800,2023-02-17,2023-02-17,0,0,18,0.363,0.869,0,4,2,0,5083992.0,5083992.0
DISP3944,Structurals,BLC,42,2334.55,89.65,CMO05,Hyderabad,1600,2023-09-11,2023-09-11,0,0,23,0.349,0.317,0,0,9,0,4482336.0,4482336.0
DISP3945,TMT Bar,BCN,53,2733.41,93.77,CMO07,Pune,1750,2023-09-11,2023-09-11,0,0,19,0.656,0.683,0,0,9,0,5740161.0,5740161.0
DISP3946,HR Coil,BOXN,54,2433.72,77.7,CMO04,Kolkata,350,2023-05-06,2023-05-06,0,0,57,0.243,0.985,0,5,5,0,1022162.4,1022162.4
DISP3947,Semis,BCN,44,1827.34,75.51,CMO03,Chennai,2100,2023-03-15,2023-03-16,1,1,16,0.718,0.311,0,2,3,660000,4604896.8,5264896.8
DISP3948,Plate,BOXN,44,2517.05,98.63,CMO03,Chennai,2100,2023-12-07,2023-12-07,0,0,7,0.667,0.514,0,3,12,0,6342966.0,6342966.0
DISP3949,Semis,BLC,45,2267.57,81.27,CMO07,Pune,1750,2023-01-12,2023-01-12,0,0,31,0.74,0.594,0,3,1,0,4761897.0,4761897.0
DISP3950,TMT Bar,BOBYN,44,2220.5,84.11,CMO01,Delhi,1200,2023-02-10,2023-02-10,0,0,64,0.682,0.51,0,4,2,0,3197520.0,3197520.0
DISP3951,Structurals,BCN,51,2659.56,94.81,CMO02,Mumbai,1800,2023-07-03,2023-07-04,1,1,79,0.632,0.378,0,0,7,765000,5744649.6,6509649.6
DISP3952,Plate,BOXN,50,2860.92,98.65,CMO06,Ahmedabad,1900,2023-10-02,2023-10-02,0,0,79,0.938,0.364,0,0,10,0,6522897.6,6522897.6
DISP3953,Plate,BCN,57,3026.74,96.55,CMO04,Kolkata,350,2023-05-11,2023-05-11,0,0,66,0.645,0.854,0,3,5,0,1271230.8,1271230.8
DISP3954,Plate,BLC,44,2084.65,76.42,CMO06,Ahmedabad,1900,2023-07-14,2023-07-14,0,0,12,0.926,0.65,0,4,7,0,4753002.0,4753002.0
DISP3955,Wire Rod,BOXN,56,3003.62,92.48,CMO03,Chennai,2100,2023-08-13,2023-08-14,1,1,76,0.981,0.984,0,6,8,840000,7569122.4,8409122.4
DISP3956,TMT Bar,BOST,44,1596.6,72.57,CMO05,Hyderabad,1600,2023-06-03,2023-06-03,0,0,10,0.24,0.7,0,5,6,0,3065472.0,3065472.0
DISP3957,Plate,BOBYN,52,2753.02,88.24,CMO07,Pune,1750,2023-11-17,2023-11-17,0,0,21,0.867,0.85,0,4,11,0,5781342.0,5781342.0
DISP3958,TMT Bar,BCN,56,2559.83,83.11,CMO05,Hyderabad,1600,2023-08-18,2023-08-18,0,0,10,0.603,0.382,0,4,8,0,4914873.6,4914873.6
DISP3959,Plate,BCN,48,2189.9,82.95,CMO04,Kolkata,350,2023-03-17,2023-03-20,3,1,6,0.335,0.999,0,4,3,2160000,919758.0,3079758.0
DISP3960,Structurals,BOBYN,40,1938.68,80.78,CMO06,Ahmedabad,1900,2023-06-18,2023-06-19,1,1,5,0.903,0.833,0,6,6,600000,4420190.4,5020190.4
DISP3961,Plate,BLC,47,2733.28,93.8,CMO05,Hyderabad,1600,2023-07-26,2023-07-28,2,1,63,0.391,0.378,1,2,7,1410000,5247897.6,6657897.6
DISP3962,Plate,BOST,42,1546.43,73.64,CMO07,Pune,1750,2023-03-02,2023-03-02,0,0,56,0.839,0.316,0,3,3,0,3247503.0,3247503.0
DISP3963,Semis,BLC,58,3329.5,92.59,CMO01,Delhi,1200,2023-11-18,2023-11-18,0,0,24,0.856,0.397,0,5,11,0,4794480.0,4794480.0
DISP3964,Wire Rod,BOST,57,2803.04,98.35,CMO06,Ahmedabad,1900,2023-10-23,2023-10-25,2,1,63,0.792,0.732,0,0,10,1710000,6390931.2,8100931.2
DISP3965,Structurals,BCN,57,3124.65,99.67,CMO03,Chennai,2100,2023-02-12,2023-02-13,1,1,75,0.54,1.0,0,6,2,855000,7874118.0,8729118.0
DISP3966,HR Coil,BOST,56,2192.96,78.32,CMO05,Hyderabad,1600,2023-04-23,2023-04-23,0,0,36,0.548,0.923,0,6,4,0,4210483.2,4210483.2
DISP3967,CR Coil,BOXN,43,2137.4,85.7,CMO04,Kolkata,350,2023-02-13,2023-02-13,0,0,45,0.274,0.723,0,0,2,0,897708.0,897708.0
DISP3968,Structurals,BCN,56,2286.77,74.25,CMO03,Chennai,2100,2023-10-21,2023-10-21,0,0,44,0.32,0.313,0,5,10,0,5762660.4,5762660.4
DISP3969,Semis,BOXN,42,1970.49,80.89,CMO07,Pune,1750,2023-06-15,2023-06-15,0,0,35,0.422,0.588,0,3,6,0,4138029.0,4138029.0
DISP3970,Wire Rod,BOST,48,1884.04,78.5,CMO05,Hyderabad,1600,2023-12-27,2023-12-28,1,1,39,0.891,0.602,1,2,12,720000,3617356.8,4337356.8
DISP3971,HR Coil,BOBYN,48,2777.39,96.44,CMO05,Hyderabad,1600,2023-01-09,2023-01-11,2,1,22,0.765,0.677,0,0,1,1440000,5332588.8,6772588.8
DISP3972,CR Coil,BOBYN,56,2802.31,83.4,CMO06,Ahmedabad,1900,2023-05-28,2023-05-31,3,1,5,0.319,0.923,1,6,5,2520000,6389266.8,8909266.8
DISP3973,Plate,BLC,48,2698.18,90.66,CMO01,Delhi,1200,2023-03-11,2023-03-13,2,1,64,0.382,0.939,0,5,3,1440000,3885379.2,5325379.2
DISP3974,TMT Bar,BOBYN,51,3056.09,99.87,CMO02,Mumbai,1800,2023-01-09,2023-01-11,2,1,6,0.436,0.412,0,0,1,1530000,6601154.4,8131154.4
DISP3975,CR Coil,BCN,43,2044.98,86.47,CMO05,Hyderabad,1600,2023-12-18,2023-12-18,0,0,58,0.951,0.74,0,0,12,0,3926361.6,3926361.6
DISP3976,TMT Bar,BOST,40,1572.12,78.61,CMO03,Chennai,2100,2023-07-23,2023-07-23,0,0,19,0.907,0.343,0,6,7,0,3961742.4,3961742.4
DISP3977,CR Coil,BCN,53,2397.64,82.25,CMO01,Delhi,1200,2023-01-28,2023-01-29,1,1,15,0.302,0.47,1,5,1,795000,3452601.6,4247601.6
DISP3978,HR Coil,BOBYN,46,2746.43,99.51,CMO06,Ahmedabad,1900,2023-03-07,2023-03-09,2,1,77,0.788,0.948,0,1,3,1380000,6261860.4,7641860.4
DISP3979,CR Coil,BCN,57,2867.27,91.46,CMO01,Delhi,1200,2023-01-06,2023-01-10,4,1,68,0.788,0.605,0,4,1,3420000,4128868.8,7548868.8
DISP3980,Semis,BCN,49,2195.21,81.45,CMO06,Ahmedabad,1900,2023-01-24,2023-01-24,0,0,44,0.724,0.926,0,1,1,0,5005078.8,5005078.8
DISP3981,Wire Rod,BCN,52,2710.04,94.76,CMO02,Mumbai,1800,2023-01-13,2023-01-14,1,1,18,0.698,0.533,0,4,1,780000,5853686.4,6633686.4
DISP3982,Structurals,BOBYN,49,2491.78,84.75,CMO07,Pune,1750,2023-03-18,2023-03-20,2,1,38,0.388,0.691,0,5,3,1470000,5232738.0,6702738.0
DISP3983,Wire Rod,BOBYN,45,2651.56,98.21,CMO05,Hyderabad,1600,2023-02-21,2023-02-22,1,1,21,0.861,0.768,0,1,2,675000,5090995.2,5765995.2
DISP3984,HR Coil,BLC,53,2993.8,91.11,CMO05,Hyderabad,1600,2023-07-18,2023-07-18,0,0,49,0.946,0.848,0,1,7,0,5748096.0,5748096.0
DISP3985,Semis,BCN,42,2279.78,98.69,CMO02,Mumbai,1800,2023-11-15,2023-11-15,0,0,61,0.907,0.586,0,2,11,0,4924324.8,4924324.8
DISP3986,Plate,BCN,49,2269.17,84.2,CMO07,Pune,1750,2023-02-11,2023-02-12,1,1,25,0.663,0.747,0,5,2,735000,4765257.0,5500257.0
DISP3987,HR Coil,BOST,49,2082.94,85.02,CMO07,Pune,1750,2023-09-05,2023-09-05,0,0,43,0.979,0.388,0,1,9,0,4374174.0,4374174.0
DISP3988,TMT Bar,BOBYN,49,2105.32,71.61,CMO07,Pune,1750,2023-08-03,2023-08-05,2,1,53,0.638,0.963,0,3,8,1470000,4421172.0,5891172.0
DISP3989,Structurals,BCN,51,2101.19,74.91,CMO04,Kolkata,350,2023-05-12,2023-05-12,0,0,78,0.829,0.312,0,4,5,0,882499.8,882499.8
DISP3990,Structurals,BCN,42,2148.13,92.99,CMO03,Chennai,2100,2023-02-21,2023-02-22,1,1,68,0.819,0.683,0,1,2,630000,5413287.6,6043287.6
DISP3991,CR Coil,BLC,47,2307.94,79.2,CMO01,Delhi,1200,2023-06-22,2023-06-22,0,0,80,0.831,0.65,0,3,6,0,3323433.6,3323433.6
DISP3992,Semis,BOXN,56,2777.19,85.5,CMO02,Mumbai,1800,2023-10-28,2023-11-01,4,1,58,0.629,0.995,1,5,10,3360000,5998730.4,9358730.4
DISP3993,HR Coil,BOXN,43,2488.74,99.79,CMO03,Chennai,2100,2023-04-04,2023-04-07,3,1,16,0.329,0.915,0,1,4,1935000,6271624.8,8206624.8
DISP3994,TMT Bar,BOBYN,47,2704.26,95.9,CMO01,Delhi,1200,2023-03-02,2023-03-02,0,0,56,0.241,0.728,0,3,3,0,3894134.4,3894134.4
DISP3995,Wire Rod,BOBYN,55,2450.85,74.27,CMO01,Delhi,1200,2023-11-25,2023-11-26,1,1,69,0.508,0.991,1,5,11,825000,3529224.0,4354224.0
DISP3996,Structurals,BOXN,54,2709.89,86.52,CMO02,Mumbai,1800,2023-10-31,2023-11-01,1,1,11,0.264,0.865,1,1,10,810000,5853362.4,6663362.4
DISP3997,TMT Bar,BOXN,47,1995.65,73.21,CMO04,Kolkata,350,2023-12-20,2023-12-23,3,1,68,0.798,0.713,0,2,12,2115000,838173.0,2953173.0
DISP3998,Wire Rod,BOXN,52,2911.14,96.52,CMO01,Delhi,1200,2023-03-21,2023-03-21,0,0,50,0.747,0.732,0,1,3,0,4192041.6,4192041.6
DISP3999,HR Coil,BOST,48,1750.94,72.96,CMO06,Ahmedabad,1900,2023-11-28,2023-11-28,0,0,41,0.876,0.745,1,1,11,0,3992143.2,3992143.2
